,spec_no,mz,intensity,signal
0,1,101.07089718477224,73011.82655164931,1
1,1,102.05516223249764,35863.73976040544,1
2,1,104.05299456989596,33774.02471233205,1
3,1,110.07075113490008,89401.8239798615,1
4,1,112.0875216458751,24016.577562112725,1
5,1,113.0714080731074,14933.048591176668,1
6,1,115.0868935368278,36801.61950107054,1
7,1,116.07068714645672,22593.99175818101,1
8,1,120.08386760019552,90819.93806748852,1
9,1,121.08438152502912,15888.088695304828,1
10,1,126.05496528111593,13990.82987615358,1
11,1,127.08683201006264,69054.61961265127,1
12,1,129.0660972263502,29126.71729391347,1
13,1,129.10391941966623,76486.7281195792,1
14,1,130.04985702770384,12209.173442584844,1
15,1,130.06588236490884,15133.52912195178,1
16,1,130.08880812376353,23289.654236884697,1
17,1,131.08262051937083,24122.70822652181,1
18,1,133.04398436693367,25261.17672561444,1
19,1,136.07467087853155,96137.82030603354,1
20,1,137.07792449803745,12932.09442735755,1
21,1,137.11049172429756,61207.5512345569,1
22,1,141.06599129570856,18649.77090832922,1
23,1,141.10264380860724,29548.964769352864,1
24,1,143.08253931624165,57500.48725005589,1
25,1,143.11700488311317,45033.64204769416,1
26,1,147.07554849160684,12864.437078651225,1
27,1,147.11178323334337,35597.44715331115,1
28,1,155.08275439425938,61227.20292024676,1
29,1,155.1278243391481,41709.940120540254,1
30,1,157.09631691087685,30415.00030384988,1
31,1,157.13280902189368,26214.445261113786,1
32,1,158.0914549668147,31308.721568548208,1
33,1,159.075963214538,24275.61256021424,1
34,1,159.09145039006285,36793.605089833865,1
35,1,167.08416562700003,21778.646573772538,1
36,1,169.09651729603505,36720.323541413934,1
37,1,169.1332527805695,27068.536381624184,1
38,1,171.07534648991432,120034.18412664556,1
39,1,171.11249220106336,29840.548423555163,1
40,1,173.09202087003422,41072.10666626575,1
41,1,173.12836526859704,54301.29749595774,1
42,1,175.1179899750736,109312.20136240972,1
43,1,181.0617733107088,17006.580239648978,1
44,1,181.0964751839637,20224.65258333087,1
45,1,181.1241894252768,117619.52038275804,1
46,1,183.07631744384764,20913.399794864654,1
47,1,183.112774171691,38295.46643933282,1
48,1,183.148987625176,54246.84143624458,1
49,1,185.0919325692313,30276.09823755117,1
50,1,185.1279080856678,88928.50442649597,1
51,1,185.1647017492007,33014.98190623767,1
52,1,186.08768122355144,28060.90003311157,1
53,1,186.12372895860184,23593.508982235624,1
54,1,187.0713231013372,25726.867055913903,1
55,1,187.1075814041437,18422.304154698988,1
56,1,187.14416736105213,27592.09021056562,1
57,1,189.0870553506388,26390.94861689387,1
58,1,195.07563916142124,12874.455932459065,1
59,1,197.12837698681108,29565.540399124715,1
60,1,198.08726906864405,33106.56013060848,1
61,1,199.0711873555355,17899.598039064476,1
62,1,199.10763352582245,17189.020186910824,1
63,1,199.1811449409712,35189.25897269674,1
64,1,200.1033537949973,19695.960498995897,1
65,1,200.1389952911728,34658.7135135753,1
66,1,201.08707968522663,35436.6597895603,1
67,1,201.1240174162621,58163.2857280245,1
68,1,202.0836268472408,17532.58052265315,1
69,1,204.1342799863336,17903.77427767109,1
70,1,208.3859329334928,68990.34704349759,1
71,1,211.10765553350035,31216.77733900651,1
72,1,211.1439910544489,36535.357761246814,1
73,1,212.1029609956449,33710.96825638455,1
74,1,213.08690703861296,25476.571030229235,1
75,1,213.15888658819352,32096.19636266372,1
76,1,214.1181340483845,48711.12400895085,1
77,1,215.13656696732247,32169.70256306691,1
78,1,216.0975461719323,26930.289114250816,1
79,1,217.0857193422126,17911.85803703036,1
80,1,225.1235106549944,13939.22940311432,1
81,1,225.6659510770103,114846.12488011945,1
82,1,226.08271597157355,16868.502322395987,1
83,1,226.11816863218945,39898.57612849896,1
84,1,227.10331704430547,19855.949881107248,1
85,1,227.17502198395903,22442.453207701445,1
86,1,228.13400662600336,40751.1002766418,1
87,1,229.11683574756543,20119.417306873347,1
88,1,230.1135524851288,26191.04741332196,1
89,1,233.1649567864158,17110.34681450237,1
90,1,235.1098439634727,41333.48105756637,1
91,1,240.0973405980352,23934.03897467656,1
92,1,240.1340902076577,25009.995106802045,1
93,1,242.1130241394043,65500.73076928745,1
94,1,242.1499460257736,33909.87216277884,1
95,1,243.1106183188302,28412.34200322628,1
96,1,243.13327532856405,18232.539285838106,1
97,1,244.0925589168773,22287.31815935116,1
98,1,244.13006869229403,11454.131259261136,1
99,1,244.1661209636673,20438.0261481425,1
100,1,254.14986345844883,37913.49661259668,1
101,1,256.1293382170451,21087.4627655356,1
102,1,256.16680995396206,59112.14537395477,1
103,1,257.12552515020224,23097.821085416726,1
104,1,258.1081287351429,20627.78126846623,1
105,1,258.1452256479571,14950.831979874642,1
106,1,261.15714267910465,11743.034178569054,1
107,1,265.6018038760519,22186.82973767424,1
108,1,268.129510667589,102071.93612204128,1
109,1,268.16567004168473,33627.96076030201,1
110,1,269.1257177165135,27578.25206687413,1
111,1,270.1458307236277,17049.79999205704,1
112,1,272.12641700538427,29784.15442399463,1
113,1,272.1693462297028,16710.54491155288,1
114,1,283.14266690340907,24886.04659881184,1
115,1,284.1258278312264,72061.45760462704,1
116,1,285.15502173499726,43181.90372777618,1
117,1,297.1554017584008,21085.173560623185,1
118,1,299.1357123443435,24104.24798279177,1
119,1,299.1716506060432,23088.993830080795,1
120,1,301.1297416998194,109969.7820109436,1
121,1,311.17135286331177,35321.89048990607,1
122,1,313.1870714823405,25392.81464447357,1
123,1,314.8565458092574,24586.281477920937,1
124,1,315.16679173519736,20633.946856250262,1
125,1,325.1507059733073,41086.87342290551,1
126,1,325.1872860930687,26561.85940072703,1
127,1,329.18567845330165,20710.345619747983,1
128,1,339.16653509824977,49654.483464671765,1
129,1,368.193132519722,21067.35180106759,1
130,1,465.0995861387681,57557.63262712351,1
131,17,102.05507932907032,42566.18310814446,1
132,17,110.06817183751782,10453.560984789585,1
133,17,120.08148939753151,46724.674651731926,1
134,17,128.07070942166484,6036.804177392887,1
135,17,129.0660628031909,8900.13413415304,1
136,17,129.10270941962312,23156.42641423478,1
137,17,130.08659403543444,13819.918197224331,1
138,17,136.07438350223995,21847.64824575144,1
139,17,147.07631561796543,13487.80085475081,1
140,17,147.1123903615851,21988.45986957751,1
141,17,155.08210387410998,29610.562413308187,1
142,17,157.06095208740234,11084.24858843994,1
143,17,171.07639932911297,4905.235683998866,1
144,17,173.09204585071453,127563.3827946039,1
145,17,174.09530751942555,12440.641992907504,1
146,17,175.07130726959747,15247.487874422235,1
147,17,175.11800089190083,12142.38001058435,1
148,17,182.16573983893005,15897.971813198525,1
149,17,185.09210350399923,10711.294240996953,1
150,17,189.0869358721828,7424.26742442865,1
151,17,199.0713491207216,11805.558913055716,1
152,17,201.08708719687883,125035.9272330709,1
153,17,202.0898391158493,14268.537290078622,1
154,17,207.11278164597368,15674.394562926816,1
155,17,213.08710155846936,7242.993410344394,1
156,17,217.084285396556,12722.079212311051,1
157,17,231.09689244979467,7406.623600480495,1
158,17,235.10772227465625,13238.782390067248,1
159,17,240.0972780638104,5309.611482481413,1
160,17,240.1338509526746,6754.20275457152,1
161,17,241.0820949025397,13584.206719624735,1
162,17,258.1449936792665,16055.236650055813,1
163,17,259.09227797564336,16522.65407237508,1
164,17,270.10842457086267,18547.26232632919,1
165,17,276.155491330208,20107.1474332022,1
166,17,288.11811584985554,25800.60167081416,1
167,17,303.13368929349457,10082.796919193896,1
168,17,304.12952991832384,22247.26746850448,1
169,17,339.1298604875603,15925.693388810894,1
170,17,346.125329914883,12061.172302093732,1
171,17,357.14148833372883,26017.93340715738,1
172,17,370.1244336250501,9325.976097967688,1
173,17,387.1877546846197,17016.345146184558,1
174,17,388.1347378944153,12093.44189138935,1
175,17,395.9166244998153,60059.02917832023,1
176,17,405.1971928771113,14938.414098865547,1
177,17,475.16801528930665,10529.514280480147,1
178,17,513.7158175998264,20002.25884659025,1
179,17,516.22966336337,11594.3355023124,1
180,17,534.2374022801718,15770.336359485984,1
181,17,534.2421993221249,28965.323971653845,1
182,17,616.5323886122968,82721.02095390506,1
183,17,626.7982499383387,18162.513174610896,1
184,17,645.2716222942205,10676.617550496898,1
185,17,663.2845974031873,35249.71945225915,1
186,17,664.2872456395348,12995.783685373706,1
187,17,685.2724203398523,27725.53799355428,1
188,17,774.3129626976515,11601.257789434789,1
189,17,792.3253032845511,36142.655161940886,1
190,17,793.3280664962558,15947.950712603908,1
191,17,861.3474872011127,15110.393062753388,1
192,17,879.3563621540609,120599.66080480735,1
193,17,880.3557511266567,32597.69445514679,1
194,17,880.3630141749527,54579.03269840587,1
195,17,900.1604833421616,21512.24388095724,1
196,17,1026.426262749566,69136.89052428139,1
197,17,1027.4284710650677,35497.290849338875,1
198,17,1053.0704003713906,79294.4412756749,1
199,17,1113.4539423403533,44901.09011534624,1
200,17,1114.4529355805496,16742.82535258107,1
201,17,1200.4897899772548,109134.5155371171,1
202,17,1201.491285164693,61185.99123419946,1
203,18,101.07034998032653,251275.6900383616,1
204,18,102.05497278792134,38654.49039022039,1
205,18,102.40717884252946,39196.27526270738,1
206,18,104.05289491617457,30050.451294894487,1
207,18,110.07083401734802,80245.42759476585,1
208,18,112.08731960021343,12365.697700933082,1
209,18,115.08719915552524,15881.437882755905,1
210,18,116.07076661483102,10224.974462421043,1
211,18,120.08510361900623,949907.5181601176,1
212,18,121.0848294370663,98771.30729989236,1
213,18,127.0873390069887,26424.58681506152,1
214,18,129.06652025906544,18904.557176239086,1
215,18,129.10428926355698,196936.95867641675,1
216,18,130.06710773278337,19901.91051681265,1
217,18,130.08809215755053,137575.838045143,1
218,18,130.1062594059009,17316.47296541555,1
219,18,131.0872598281635,16192.49947502108,1
220,18,136.07527091911248,151648.0057140041,1
221,18,141.102934716453,18052.3248696663,1
222,18,143.11714038514253,41738.54616156461,1
223,18,147.11162141687728,251587.795838282,1
224,18,148.11563585950182,19803.80512376265,1
225,18,155.08324134640577,9967.113985503593,1
226,18,155.1165244362571,11176.715344545515,1
227,18,157.1333736258905,38993.258796933056,1
228,18,158.0916953783357,18403.49725403589,1
229,18,159.09142740981838,43452.445706588966,1
230,18,159.1122053649528,39006.43626585182,1
231,18,165.10273953432537,81365.44022917088,1
232,18,169.09651567836008,19717.51131237053,1
233,18,169.13320074234417,42990.28921975937,1
234,18,171.1122857889998,22136.28579376816,1
235,18,173.12848321511328,41781.3267193396,1
236,18,175.11729196084514,102255.61587557406,1
237,18,180.11275914956255,25051.62067105477,1
238,18,181.0968270401576,33426.32951182601,1
239,18,183.1130036210592,43131.53343675833,1
240,18,183.14935981834327,134009.50662260264,1
241,18,184.152453238504,24239.48728397506,1
242,18,185.1286845775919,34628.45463808742,1
243,18,185.1654602950764,109900.62939293582,1
244,18,186.1686839937414,17662.047027467932,1
245,18,187.10806349303823,30797.43934604508,1
246,18,187.14491259814253,34338.38722268519,1
247,18,191.1158857187013,797542.5920487719,1
248,18,192.12216593105592,94031.97765979946,1
249,18,196.61029796175183,766160.7861994767,1
250,18,197.1287822410709,44125.03386276863,1
251,18,198.1256409639157,11422.879749265518,1
252,18,199.1818121484964,29904.24530708741,1
253,18,201.12381802297665,61996.02838532602,1
254,18,204.13376719480863,22320.16599766312,1
255,18,208.1087305510848,84722.32278951383,1
256,18,209.0916832557092,31453.01038770309,1
257,18,211.14465304143124,262110.70332379005,1
258,18,212.1470603785888,35082.83401421755,1
259,18,213.1572658763212,32808.96835815205,1
260,18,215.13719440328663,36595.211991951386,1
261,18,219.1125367963905,167803.13654050505,1
262,18,220.1154380156615,23516.94231642964,1
263,18,226.11841609114308,27316.69529300625,1
264,18,227.1746627144192,20206.952722042653,1
265,18,228.1337167750524,20124.89339297844,1
266,18,228.1707564918858,43087.52887113535,1
267,18,229.1172766048003,23949.17568188428,1
268,18,236.1381699105968,26850.200682101044,1
269,18,244.16597469269283,33135.39509247977,1
270,18,246.18173511211688,263738.5478392695,1
271,18,247.1846697407384,32536.966853284062,1
272,18,251.150141006861,19309.412650695213,1
273,18,259.1080304926092,34661.66171656233,1
274,18,260.1964309047645,25690.09887677403,1
275,18,271.17583122253416,17730.51260032654,1
276,18,276.13411381398265,105474.82317072336,1
277,18,283.68679710487265,79279.41022246225,1
278,18,284.189032258287,31959.946477857688,1
279,18,288.2039168964733,28522.758048404343,1
280,18,292.298749927515,138963.7056625226,1
281,18,294.1816478503456,78821.62564074436,1
282,18,310.21243634905136,117246.85458609444,1
283,18,311.2146550392618,25400.36706097272,1
284,18,314.422500958972,525798.4909759249,1
285,18,321.1922624007516,45693.590539738754,1
286,18,322.175710357396,39399.483422777295,1
287,18,328.22367390152675,19620.21231679979,1
288,18,339.2031420741434,46939.3343221137,1
289,18,347.1715134061131,31044.91282107645,1
290,18,357.7131996372768,27017.16099234445,1
291,18,359.2659387833033,88443.27760306247,1
292,18,360.2687310112848,22022.84247362224,1
293,18,366.2263164411272,27762.41193150112,1
294,18,393.2502403596861,79423.5664239394,1
295,18,395.8908369758971,872705.8179321166,1
296,18,397.4803625030269,583759.0613582063,1
297,18,401.287449273962,316707.6680956325,1
298,18,402.2464824858166,39720.82378685474,1
299,18,402.29017361727625,91377.9246879166,1
300,18,418.60101040265386,171139.26045881223,1
301,18,420.2622683306277,47829.95479446675,1
302,18,421.2473983154297,30836.318128982544,1
303,18,438.2698880862566,45141.3786538442,1
304,18,456.3175842114189,496517.1495179249,1
305,18,456.3201979199446,799602.9743879463,1
306,18,457.3229187441544,124799.43598384588,1
307,18,467.87557152609656,908165.9453289142,1
308,18,497.72979496785325,265213.58937635744,1
309,18,566.366620327564,256420.6015222428,1
310,18,567.3516640598535,398692.1555020298,1
311,18,568.2662723267928,365283.50325232407,1
312,18,568.3538369690345,116000.31672745036,1
313,18,584.3758564159317,108037.45910677324,1
314,18,645.1204082305231,170115.49651772028,1
315,18,647.8172665009049,944336.315812389,1
316,18,731.4457798946946,69090.2338572745,1
317,18,732.4492577242564,36935.677642753326,1
318,18,798.2675735091166,133523.82538773655,1
319,18,800.7564596288863,97678.74717386188,1
320,18,821.715639800245,438407.3584298022,1
321,26,159.0757503619773,40816.320600234016,1
322,26,186.08750431121345,74130.24298765798,1
323,26,187.0714059706351,111651.431971531,1
324,26,201.55080795560764,101229.7756649011,1
325,26,241.08333736622828,39168.62215891392,1
326,26,244.092598983922,66364.691911486,1
327,26,259.0922570524916,39272.871743347685,1
328,26,287.134805901106,53951.65732007248,1
329,26,315.1301695833501,57179.13248353152,1
330,26,316.08463659272763,140735.3558487926,1
331,26,316.1129610135958,37788.75970641049,1
332,26,335.1496559489857,57566.14538518272,1
333,26,496.2131388101233,46416.74680420289,1
334,26,567.2500084302702,57476.93136366164,1
335,26,631.7715415142952,88711.7502875848,1
336,26,632.2725741834525,62479.87855328709,1
337,26,672.0748388346893,195049.56975019,1
338,26,689.2853634936662,87306.02973651348,1
339,26,689.7865824639043,63733.00660184064,1
340,26,804.3117274320061,128075.41593283894,1
341,26,804.8124289041037,103656.74878094225,1
342,26,805.312258598132,61069.163192174376,1
343,26,861.8263280431652,257039.89216144924,1
344,26,862.3269104344885,222818.6007001653,1
345,26,862.8266919230857,117962.65684473584,1
346,26,926.3472834048064,235334.830104662,1
347,26,926.847961755701,219220.5070216617,1
348,26,927.3478943228024,135894.59909575168,1
349,26,990.8686689293904,201712.7464859382,1
350,26,991.3690905011566,211511.2881406752,1
351,26,991.8688484279588,130622.26014200848,1
352,27,101.0712948534862,43237.05626205077,1
353,27,102.05520456248315,90581.3356166445,1
354,27,104.05323623517238,33268.607731180455,1
355,27,110.07100648271276,178111.45229992157,1
356,27,112.0872967950229,26335.03991083605,1
357,27,113.07110523042223,18367.99204464867,1
358,27,115.05045805431548,12680.318422880628,1
359,27,115.08684603817814,30106.91178819349,1
360,27,116.07081155928354,31835.669477432493,1
361,27,120.08271998529848,154088.6643106875,1
362,27,121.08436057146858,19411.65788336361,1
363,27,129.06621327119714,33364.87358376559,1
364,27,129.10392128884254,90014.66849362529,1
365,27,130.08875064073106,30119.85729759527,1
366,27,136.07463565719462,129069.3467720424,1
367,27,141.06608219146727,17161.487126132844,1
368,27,141.1027297468375,24660.575453069825,1
369,27,143.11610591237138,46427.03076884223,1
370,27,145.0959321113482,15565.195064944764,1
371,27,147.11211182967477,46194.84077471028,1
372,27,155.08355852399555,31791.03490576608,1
373,27,157.09627502133148,27453.34516178478,1
374,27,157.1087902438256,12776.335442666084,1
375,27,157.13337466217752,38430.436450421534,1
376,27,158.09177887555464,60056.49602508545,1
377,27,159.0758770150198,23013.238271780418,1
378,27,159.0913617134094,27872.80751295089,1
379,27,159.11204997385582,24199.25966751294,1
380,27,167.08636768047626,12237.952802682534,1
381,27,169.0963331763424,28226.69509768486,1
382,27,169.13297489711218,27657.407389933724,1
383,27,171.112516948155,22033.651234399706,1
384,27,173.09181592872105,40993.36943668529,1
385,27,173.12842967522838,67682.77629995598,1
386,27,175.11712129654424,159314.58529798445,1
387,27,176.12286210260473,17046.704377526996,1
388,27,181.0958841497248,19419.582016951383,1
389,27,183.11254862467447,22029.257612927755,1
390,27,183.1493516686845,15556.349434318608,1
391,27,185.0918644872205,16612.872751301733,1
392,27,185.12822033808783,46255.86112004977,1
393,27,185.1650008060145,47577.92195415725,1
394,27,186.0878253066749,19233.14659371571,1
395,27,186.12423388589949,33488.607074711945,1
396,27,187.10793710683848,33118.45074363807,1
397,27,187.1446672665176,201658.3436188032,1
398,27,195.08847164183624,13549.899790793426,1
399,27,197.12850160951967,26454.429226454395,1
400,27,199.18184135700093,26219.21833816068,1
401,27,200.1383536202567,16650.60467171442,1
402,27,201.12356080400184,42544.3193968712,1
403,27,204.1334043519687,13768.63859733649,1
404,27,211.14443872625176,14507.774687480927,1
405,27,212.103034738394,20669.19165150569,1
406,27,213.1579691927198,19119.64401578232,1
407,27,214.1178774766519,21603.692205261177,1
408,27,215.13835010528564,87379.56606769562,1
409,27,228.1335393834997,24669.775623639423,1
410,27,229.1300524543313,50773.51380357181,1
411,27,233.16530755849985,11325.940134873756,1
412,27,246.15539405051243,26319.40879718909,1
413,27,251.150350871839,17209.041946620273,1
414,27,252.1089631172076,23413.07240021392,1
415,27,260.1552992195919,17562.470683903528,1
416,27,266.1244772206182,25244.58634524612,1
417,27,269.1251288519965,21310.817513983235,1
418,27,272.1697381652228,18831.94636826468,1
419,27,274.1528889632025,23778.39291992508,1
420,27,282.6663862748579,40858.80596738873,1
421,27,287.13453686144925,20247.22660809894,1
422,27,309.13003826956464,18721.43962948139,1
423,27,312.1667053222656,18747.46606771296,1
424,27,318.18471408028137,43584.57790193944,1
425,27,318.6863001043146,19024.388098421965,1
426,27,330.1767933851371,37677.67395246541,1
427,27,332.18397756723255,18191.65412712097,1
428,27,340.1621370716255,25334.437065252736,1
429,27,347.20382519940426,76354.23177196993,1
430,27,351.17556705114976,14430.51952784916,1
431,27,374.72667100694446,25813.528515951974,1
432,27,378.1138507775526,217588.248611516,1
433,27,380.1665181682337,48645.79714954319,1
434,27,396.5108565671625,192209.3850935787,1
435,27,408.19704777644233,22316.336101531982,1
436,27,418.2429099859193,35032.08241665271,1
437,27,434.21380405800016,13629.43137479296,1
438,27,446.1640434595837,364710.0571719274,1
439,27,451.2445218991011,41381.996604723805,1
440,27,475.2631383141806,157412.12907147076,1
441,27,476.2656681886193,45523.373271741366,1
442,27,479.2356101834044,97115.73890553688,1
443,27,480.2365327254586,31984.01186594756,1
444,27,514.2722406602444,18720.56422171916,1
445,27,515.2563112320438,30362.9713378414,1
446,27,532.2841333114424,605899.7966119358,1
447,27,533.2870317199421,167570.49857083173,1
448,27,534.289021547379,33844.06963648642,1
449,27,550.2721410172709,49717.534177458685,1
450,27,564.2891813335997,32333.87632601189,1
451,27,592.3227139176994,81247.49044424912,1
452,27,593.3240830151003,31032.39224663065,1
453,27,631.3519510541644,152055.07964025225,1
454,27,632.3542915506566,56197.27599556903,1
455,27,635.3639169198495,48887.23219706218,1
456,27,645.3461645094014,23484.38445010428,1
457,27,646.3320647991256,34588.32811219171,1
458,27,651.3826529047118,412724.9324396199,1
459,27,663.3561325438285,261194.270335056,1
460,27,664.3570591853215,104277.84126516488,1
461,27,664.3636640582168,63571.900854964006,1
462,27,665.3640741144569,23164.08284972709,1
463,27,677.3727095170455,22299.440475880016,1
464,27,705.4058928313078,28579.13629530094,1
465,27,731.333386422115,575791.1480665574,1
466,27,744.4340279220689,32321.975231576474,1
467,27,748.4457440714198,34761.543838634265,1
468,27,759.4147234235492,23490.762977581933,1
469,27,776.4433181459541,119538.32979346268,1
470,27,777.4449238974668,54792.44924860734,1
471,27,815.4718567819307,23861.389287312824,1
472,27,911.7846489790348,374334.768744408,1
473,42,101.06888534083512,20817.5111391823,1
474,42,102.0551297610209,25964.64601570721,1
475,42,104.05303726682236,27894.92971101992,1
476,42,110.07103519385043,68709.81137198636,1
477,42,112.08725692368913,19742.18352912414,1
478,42,113.0706453606634,8987.073349957418,1
479,42,115.087023684853,21903.00221346805,1
480,42,116.07082091282754,22573.1829273196,1
481,42,120.0831975872597,97155.255787798,1
482,42,121.08453166728115,16544.160401444045,1
483,42,127.08686086866592,16778.287385251788,1
484,42,129.0692322521675,23861.61715876881,1
485,42,129.10416010447912,89434.44786494119,1
486,42,130.0665197169527,9720.089654090556,1
487,42,130.0898002943612,33874.30519669681,1
488,42,130.10582611083984,11095.181211598714,1
489,42,133.09449420058937,7583.727455183776,1
490,42,136.07507783668476,56832.3408506786,1
491,42,141.06638552537606,16082.01545710706,1
492,42,141.10281191116724,16475.00421333313,1
493,42,143.08764792049632,28750.859252997005,1
494,42,143.1170700369119,38077.82774519722,1
495,42,147.11188962904075,74399.11476991136,1
496,42,148.11581888198853,6763.684330269694,1
497,42,155.082752306708,10028.92313834881,1
498,42,155.11712273491753,8507.957227876452,1
499,42,156.0764826086183,20483.683167817577,1
500,42,156.11004279641543,31630.740736851505,1
501,42,157.09383185792365,12362.810603726635,1
502,42,157.10939399471675,11540.348166406682,1
503,42,157.13255019414993,607337.3561461464,1
504,42,158.09198830677911,48113.12015296404,1
505,42,158.13687765938894,57914.6641709028,1
506,42,159.0919783115387,18759.121758461,1
507,42,166.0616557140224,8520.500781027686,1
508,42,169.09560925773022,9592.701824046251,1
509,42,169.1333505106713,15305.356591535974,1
510,42,171.11261767346713,15111.56094020464,1
511,42,173.12850107566018,45128.22784021244,1
512,42,175.11744641856987,232536.74590606248,1
513,42,176.12255492033782,18618.6324548792,1
514,42,183.1127260710064,27216.608028090628,1
515,42,183.1492002199022,16631.858554949864,1
516,42,185.12849293005,146642.5573426959,1
517,42,185.1647984563968,39969.17297596043,1
518,42,186.12863218699783,18803.377702753594,1
519,42,187.1078845464696,10699.849103012975,1
520,42,187.14427990598728,34904.524657118745,1
521,42,197.1284451233713,27308.12919671912,1
522,42,199.1811074783553,62189.37691495525,1
523,42,200.1382194841412,34747.69434104167,1
524,42,200.1843412142273,14967.651780960408,1
525,42,201.12379202475915,99563.84922333864,1
526,42,202.1264748206505,14847.320424425732,1
527,42,204.1343313884265,22688.95395228193,1
528,42,211.10941660729912,17810.037406681666,1
529,42,211.14429230050945,14729.808510219927,1
530,42,213.1584668713947,20901.565390398337,1
531,42,215.1378792594461,30255.840912538417,1
532,42,223.1531922901776,27116.28186132553,1
533,42,226.1546684836044,9965.11201503001,1
534,42,227.17520327568053,25391.050657749176,1
535,42,228.13324982080704,21673.72497375195,1
536,42,228.17108896616344,14723.051272388591,1
537,42,229.1173832934836,113775.84260905824,1
538,42,230.12235600897608,16142.159174006036,1
539,42,233.1648403868384,22960.583856089583,1
540,42,242.18646797437347,13505.892413503669,1
541,42,243.1335091456181,28025.840835441977,1
542,42,244.16582834495688,32329.48908683489,1
543,42,246.1814132174432,22116.72706364433,1
544,42,251.15016703020063,18430.575162352176,1
545,42,253.165716606274,13440.11090023197,1
546,42,260.19664273687374,47624.07428949204,1
547,42,271.1762161875159,106661.46879647934,1
548,42,272.1752739800347,26471.48123719957,1
549,42,288.2030230649968,87415.09150802967,1
550,42,289.2058992291441,14590.327603557322,1
551,42,294.183291048617,25267.117381250537,1
552,42,296.196272763339,12112.136115854437,1
553,42,300.1549574110243,32425.50460249159,1
554,42,315.20325503795607,16579.48131279405,1
555,42,320.1943875826322,8183.536793742146,1
556,42,342.2029133902656,32611.299736446803,1
557,42,350.18836243028585,13744.948499293683,1
558,42,350.213742707905,13482.887773865148,1
559,42,351.1705544909591,17200.754054879242,1
560,42,351.20665305442657,34827.49569999448,1
561,42,366.2501200943542,19075.568794572955,1
562,42,384.26181053748496,20089.043227371803,1
563,42,387.2711629664644,102846.46851803394,1
564,42,401.2871137495334,302511.0180698629,1
565,42,402.2899436950684,73718.78006109927,1
566,42,432.5967660673001,513821.8428097201,1
567,42,474.2897028192744,47433.83240653373,1
568,42,481.2761161959901,13223.20218471605,1
569,42,488.3084765625,40673.32819784982,1
570,42,498.303953546777,74465.40929520856,1
571,42,499.2889421988224,78958.47440569781,1
572,42,500.28975475077726,37181.47798248213,1
573,42,516.3139056675325,864735.3938925497,1
574,42,517.3166207867469,214453.17141371,1
575,42,554.0358829879309,447152.2394437842,1
576,42,587.3719818604822,44483.14375276616,1
577,42,629.397281948772,84632.10036250364,1
578,42,630.4028079762178,38007.69605174345,1
579,48,101.07115060653872,25712.85154676091,1
580,48,102.05491686624194,31092.400547745547,1
581,48,104.05304472325211,35197.44782947605,1
582,48,110.07098205180108,64255.86319619996,1
583,48,115.08676592508952,9289.945120105038,1
584,48,120.08331215361244,161509.61246726534,1
585,48,121.08431474093732,34528.68721981706,1
586,48,127.08673254049047,10170.191289397906,1
587,48,129.06597727556445,14061.961245638651,1
588,48,129.10297863413987,54216.07761526756,1
589,48,130.04986547353317,19773.219153236856,1
590,48,130.06577064621615,24940.650579479377,1
591,48,130.0870250710038,17784.039465279977,1
592,48,133.0434733351616,24152.307925664125,1
593,48,136.0749582592907,81345.13617065652,1
594,48,137.07872955322264,10123.96043701172,1
595,48,137.11058847135362,31274.25081209562,1
596,48,141.06574041904548,7081.538393617288,1
597,48,141.10233023375542,22625.902011387298,1
598,48,143.1174933757257,22132.09579236792,1
599,48,147.11222217069658,29353.703824105432,1
600,48,147.27183446756584,272897.9828577991,1
601,48,148.06345289276868,59545.54496683261,1
602,48,154.60394443658166,144487.9656159131,1
603,48,155.08249622942452,13088.381986422712,1
604,48,155.12727290226863,32650.45873197116,1
605,48,157.09657487415132,14708.480508738094,1
606,48,157.1329182603624,54665.55929741754,1
607,48,158.09200447664134,11586.059023021047,1
608,48,159.07649285452706,11364.745029251297,1
609,48,159.0914661448489,51752.90483347575,1
610,48,159.11235192038797,16611.05215360468,1
611,48,167.0827559684087,18104.131683645897,1
612,48,169.0967555495928,14566.90216635758,1
613,48,169.1332985684951,18752.748599233943,1
614,48,171.07580292842303,11633.897998277884,1
615,48,171.11280449069275,15384.857421427358,1
616,48,171.14910348830242,374429.81973531016,1
617,48,172.15248535491608,41538.22903693901,1
618,48,173.092010442961,9984.41860924731,1
619,48,173.128467337433,35315.75163465765,1
620,48,175.1182065557261,36769.54771222443,1
621,48,181.0964845991404,11528.076525758215,1
622,48,183.1127378053303,16750.16786457738,1
623,48,183.14907439325896,29788.53093444,1
624,48,185.09201045482084,19914.681682737963,1
625,48,185.1280648827096,105589.73405991476,1
626,48,185.1646904546938,20039.96859062072,1
627,48,186.08796009736903,11361.90902377858,1
628,48,186.12630809954743,15948.661274525655,1
629,48,187.0712661743164,8291.805551462006,1
630,48,187.10763126496343,17728.239919957807,1
631,48,187.1440618460519,24387.691466696604,1
632,48,188.91289148242885,324017.1980749257,1
633,48,195.66766946634897,268924.14469383046,1
634,48,197.1283610123154,21752.568844970483,1
635,48,199.07114603678383,12599.883967738682,1
636,48,199.10781876758864,14606.934477156636,1
637,48,199.1444052956321,152934.5772504789,1
638,48,199.18091738665547,26440.74696327654,1
639,48,200.1387735467208,14440.04420327262,1
640,48,201.08703815637952,10971.44658352568,1
641,48,201.1236561324245,67482.77966609667,1
642,48,207.1124567386493,12770.944246234609,1
643,48,211.108026266098,8686.686113518974,1
644,48,211.14411887962947,21352.20500175524,1
645,48,212.1034821777344,13349.912217819214,1
646,48,213.0868376335212,18887.78147700121,1
647,48,213.1583168538412,14957.487441325717,1
648,48,215.10405227851075,15865.696488823634,1
649,48,215.13818044857103,42453.006072019074,1
650,48,216.09767748466464,14375.237876663645,1
651,48,217.08438976248243,26412.312858654142,1
652,48,217.1354466524991,17457.8520904541,1
653,48,225.12326998537685,11489.460247711811,1
654,48,226.11757423304303,16780.87129054492,1
655,48,227.1032778315184,16124.071980131774,1
656,48,227.1748079092971,18253.71425792129,1
657,48,228.13398631134925,16421.291915048634,1
658,48,229.11753775856712,50376.43189142401,1
659,48,233.16492252793424,19263.827429645007,1
660,48,235.10954805550327,11193.088115711287,1
661,48,235.1442687988281,10182.443147046226,1
662,48,236.6637095413673,243946.2794181665,1
663,48,240.09726852667137,17678.206559764883,1
664,48,240.1339322074515,11895.568839815796,1
665,48,242.15036922430843,19843.14152830052,1
666,48,243.1331135819598,57075.91733195607,1
667,48,244.09257973915288,11278.005371755806,1
668,48,244.13288078308105,42949.3174622127,1
669,48,244.16520167579336,12206.587307709307,1
670,48,245.07598164876305,18325.72741347804,1
671,48,245.1297813674151,16021.92528401391,1
672,48,249.158511435019,19594.76652579952,1
673,48,250.55422208212377,250372.0636761184,1
674,48,251.14978445042445,10461.245996704314,1
675,48,254.149782260259,10645.403229430318,1
676,48,258.1450704314172,12887.09006054551,1
677,48,260.19668394146544,9596.086458657004,1
678,48,261.15704328558417,12090.651657468818,1
679,48,272.16921796702377,53022.23780757249,1
680,48,277.1547259554837,13360.632227420809,1
681,48,279.6330844415183,93532.34578146276,1
682,48,284.19535668495973,9770.073094555206,1
683,48,292.347341266719,131664.38039830443,1
684,48,298.2115432319291,48273.96070198619,1
685,48,300.1551383716638,9865.51836854305,1
686,48,309.89083639789965,45115.66473616475,1
687,48,312.1537808504972,10660.145005289714,1
688,48,313.0206718620136,49661.12136249013,1
689,48,314.1708699585455,124088.37878432158,1
690,48,315.1713607788086,31807.27874159813,1
691,48,328.18719431840253,27843.733708924352,1
692,48,360.1563813436097,43839.23879945871,1
693,48,378.3589696832576,212557.7165371206,1
694,48,382.2932940370274,42639.212137037175,1
695,48,389.2214470321632,316520.30316751706,1
696,48,399.2621560510184,21918.64205036825,1
697,48,418.7950252865192,292444.8026925154,1
698,48,427.2545288391878,34298.069864784564,1
699,48,512.7320550312627,317544.9690366655,1
700,48,524.4213848917982,267007.73706539255,1
701,60,101.07085343245622,27951.614452152466,1
702,60,102.0549846243351,26618.171560052106,1
703,60,104.0530606515067,18504.73061401367,1
704,60,110.07016069595127,59941.59804738711,1
705,60,115.08694580486387,41565.0293085615,1
706,60,120.08278906762185,76605.44862093625,1
707,60,129.06649157465722,13856.97188866544,1
708,60,129.10261597504487,36764.71155795536,1
709,60,130.06628136885794,14846.686405332464,1
710,60,130.08843111991882,17195.59718855222,1
711,60,133.04357999258667,13044.89534843055,1
712,60,136.07475346445247,78861.23241202247,1
713,60,137.11146977033272,15381.114030085711,1
714,60,141.10287626611495,18516.6285519128,1
715,60,143.11616173569038,20737.20745740618,1
716,60,147.11142471858437,23731.68381398065,1
717,60,155.0838305155436,14419.304012517134,1
718,60,155.12767764500208,12655.005532491774,1
719,60,157.1328155128819,14037.383719669026,1
720,60,159.0762437947591,11319.32398320516,1
721,60,159.09158386537177,41969.20079584936,1
722,60,169.09639364733368,24121.843465724287,1
723,60,171.11258498936482,17537.30470100821,1
724,60,173.09185479276923,14674.120157221312,1
725,60,173.12847203080372,26869.2950850456,1
726,60,175.11786147209497,44370.87954544625,1
727,60,183.11291852093385,16754.500459991046,1
728,60,183.14907716647744,19800.65011750771,1
729,60,185.09205870194867,14684.854249809729,1
730,60,185.12794544657723,17321.440829063373,1
731,60,185.1648690847045,22567.03968461532,1
732,60,186.123531218498,10887.07884745444,1
733,60,186.9943253096987,82186.05452177694,1
734,60,187.1077154490573,16145.73347019164,1
735,60,187.1440540288119,25115.80550763431,1
736,60,197.128388804168,26007.976360640503,1
737,60,198.12367734353103,12577.452520190867,1
738,60,199.07123184204104,11918.07394683361,1
739,60,199.10793721084053,12083.077566187432,1
740,60,199.1811392096025,17681.231747898873,1
741,60,201.0872951854359,12679.45700258468,1
742,60,201.1237332101596,24434.89597290815,1
743,60,203.06646188589244,10084.852174839609,1
744,60,211.1441959529728,16072.01196030208,1
745,60,212.1031139742944,12536.5119254666,1
746,60,213.08731925650807,14993.620790383588,1
747,60,213.158633673369,13252.407785291103,1
748,60,215.13785665543352,19142.25698004394,1
749,60,216.09784185886383,10004.582024693487,1
750,60,217.0841866379793,13535.762715915227,1
751,60,226.11808191935225,63644.48167098893,1
752,60,227.1033161047733,15383.35309788675,1
753,60,227.12277912161204,10514.938029001543,1
754,60,227.17479879644853,9806.482500287551,1
755,60,228.1339627568593,14369.255079469282,1
756,60,229.1175616883395,14571.228219069097,1
757,60,231.0616943049552,13566.767362991566,1
758,60,233.1649208836908,14954.195676027528,1
759,60,240.1340241568429,12086.301659434184,1
760,60,242.15095635491448,12170.031383947424,1
761,60,243.1332225580325,11919.957363567131,1
762,60,244.0924385070801,10021.049826399483,1
763,60,244.12978207968115,8296.465610938343,1
764,60,244.1658620061101,14540.729746009853,1
765,60,245.0761823894597,16639.154062671823,1
766,60,251.10298989035863,13260.307097671446,1
767,60,251.1500237601144,12556.080856544631,1
768,60,256.1291070753528,11594.352306129089,1
769,60,259.0922449377199,15014.84923214944,1
770,60,268.16593472919766,11518.418590167212,1
771,60,282.18149867202294,13612.509743849436,1
772,60,288.2028091930952,18491.237040910564,1
773,60,294.1812405873494,27316.92991892497,1
774,60,297.15540329290894,10144.125087859678,1
775,60,312.1916291978624,16670.35286213103,1
776,60,318.8048653733341,59923.586775149815,1
777,60,327.1664914351243,11584.4335839565,1
778,60,339.2033609303121,12391.777293945932,1
779,60,344.1454711208454,9613.13420396044,1
780,60,360.1034799251916,14340.486704904328,1
781,60,362.2057238568317,9308.829567458604,1
782,60,365.2175953039962,15414.355067703162,1
783,60,370.7180377166283,15096.773423809693,1
784,60,383.2293569791115,17055.34806675022,1
785,60,398.2043039422286,10856.73002569299,1
786,60,425.26343923072295,13861.151025830884,1
787,60,426.2330704268876,9757.614268563011,1
788,60,431.2299480789278,15159.838264465332,1
789,60,436.2551717657792,11453.594258037368,1
790,60,437.20428089428975,10949.993319685742,1
791,60,452.8820494587013,83506.63284476055,1
792,60,454.22696488543255,9527.97713524423,1
793,60,454.2700410730699,9991.157516838522,1
794,60,466.2664967358597,18308.23793038314,1
795,60,467.34942528566296,64411.61807191203,1
796,60,484.2750255613399,10654.7619026012,1
797,60,489.1463128858997,17161.4727650304,1
798,60,510.2648518880208,19999.94573832194,1
799,60,510.76561460633206,10859.1888512874,1
800,60,519.2922684518915,16184.691101357126,1
801,60,537.3039956980738,28596.258351766654,1
802,60,538.307140847911,11316.104662537577,1
803,60,538.6816456968807,82004.54953095812,1
804,60,555.3133518991907,23907.16347154605,1
805,60,556.3143397150812,9573.269867729496,1
806,60,569.2534371512277,10738.837487956456,1
807,60,590.3292119744119,18980.24091621999,1
808,60,591.7948515192041,28208.71419303405,1
809,60,592.2943706023387,19898.89159305279,1
810,60,593.3519329908418,99397.56756783694,1
811,60,594.3542989487813,38057.60587448503,1
812,60,598.3543118207882,9105.111964299129,1
813,60,608.3374275328621,26299.43674360003,1
814,60,608.3428409418203,53622.194549701184,1
815,60,609.3456093924386,18737.26390845435,1
816,60,626.351026907475,65304.86237652344,1
817,60,627.3534603604403,23466.12872074474,1
818,60,657.3150218042834,38510.03576260271,1
819,60,657.8153666674606,28774.891005229176,1
820,60,707.5300368418389,91983.59675842988,1
821,60,708.3135763028773,18819.354033679498,1
822,60,713.9876810107711,24553.833646875868,1
823,60,714.3257303440824,33768.69144023056,1
824,60,714.6546590505553,19283.730708532097,1
825,60,721.8347646925184,33537.97291225857,1
826,60,724.3930905364281,51425.204143488685,1
827,60,725.3929112558146,24238.29629976695,1
828,60,786.3543976063037,25174.095024283604,1
829,60,799.620171301336,38278.49941996705,1
830,60,814.7163603080736,22656.601298224305,1
831,60,833.450448103777,11768.951003127211,1
832,60,843.870276756536,43942.76145167133,1
833,60,844.3715735042797,43975.93393505321,1
834,60,851.4649013202784,42694.8469457897,1
835,60,852.4667265518852,24366.151966205543,1
836,60,854.5992490072537,19239.134239472583,1
837,60,861.4503216033286,44481.00102146636,1
838,60,862.4513450944927,23652.371718258924,1
839,60,874.4821732379315,21842.061461771395,1
840,60,901.385084458998,86951.14959900863,1
841,60,901.88554122821,82207.38944965803,1
842,60,902.3864488058944,52000.74943306776,1
843,60,932.4889931815012,28632.207954025267,1
844,60,951.0973194627028,66154.15088491634,1
845,60,957.9273597454204,56829.11936834928,1
846,60,958.428235995059,56208.87996223904,1
847,60,958.9289951470062,36262.82709235272,1
848,60,989.7496959559768,36163.83593524597,1
849,60,993.1468605876032,43899.5902804963,1
850,60,1004.019137649048,46807.84777497554,1
851,70,101.07125891408612,12545.668026142735,1
852,70,102.05519997076844,8112.493333108449,1
853,70,102.15712820166569,3561.353049475478,1
854,70,108.49272849711966,3734.077010459088,1
855,70,110.07111805961246,28245.3411870684,1
856,70,111.05543260725716,10156.225443037729,1
857,70,112.08713837166952,10818.145535347903,1
858,70,113.07107704251656,4406.155389333049,1
859,70,115.05018722259248,4314.966070707854,1
860,70,115.0868305589003,12701.2503481868,1
861,70,116.07058481676825,9996.28451793276,1
862,70,117.06613437624743,20774.027538939983,1
863,70,120.08120440198228,12385.722702781875,1
864,70,125.07097184794031,13759.776835321927,1
865,70,126.05490209406072,3440.644168506969,1
866,70,127.05035497029624,14011.553669370016,1
867,70,127.0886611731156,62068.250121697136,1
868,70,128.08982076762635,3638.556093945915,1
869,70,129.06604207026493,23549.148148772005,1
870,70,129.10572602477254,32513.62783845668,1
871,70,130.06666305217337,106094.74950124862,1
872,70,130.0895938587393,11886.547049871604,1
873,70,130.10589502371994,2878.6155711903293,1
874,70,131.06851214822004,8344.495799693985,1
875,70,131.08173961370764,6576.827033029475,1
876,70,132.08101857306875,15268.241584306516,1
877,70,133.04354422433036,3346.899326111219,1
878,70,136.07535862922668,16365.5930870533,1
879,70,138.05488132786107,8798.745036003673,1
880,70,139.04998877183445,15371.531944073373,1
881,70,139.08645564317703,4533.1737287044525,1
882,70,141.0657578306627,5931.354823181786,1
883,70,143.08183453340484,3670.2641012344,1
884,70,143.11750568417335,7050.99451260258,1
885,70,144.07800773952317,3756.672383619392,1
886,70,145.06201292461174,58928.62485172538,1
887,70,147.07617820987633,19920.054040433697,1
888,70,147.11248207092285,28510.48609242439,1
889,70,153.0656687878915,4001.117899829985,1
890,70,155.0848773504908,72306.83684776997,1
891,70,156.07603925400065,10027.918289019715,1
892,70,157.06302538279542,50630.72467957433,1
893,70,157.0968132912116,14079.326982121802,1
894,70,157.10828118873795,6306.033959257558,1
895,70,158.0920901050626,16159.60145488354,1
896,70,159.07688640247693,15329.098683727148,1
897,70,159.09140275164347,186553.259068406,1
898,70,159.10509343828474,3719.2816391808647,1
899,70,160.07583471972072,3238.7310105740667,1
900,70,160.09459414821438,14534.041968699252,1
901,70,166.06109244978748,9431.8795982887,1
902,70,167.0456033958579,10915.610278550634,1
903,70,167.08342458176136,14680.055889433945,1
904,70,168.07282088842146,8102.933437083318,1
905,70,169.06719597509863,8496.438756367159,1
906,70,170.05933690333106,12087.506573687542,1
907,70,171.07627694417036,7681.824894519001,1
908,70,171.0913148016984,16421.352144618453,1
909,70,171.11243383964282,5120.25834778051,1
910,70,172.07217362869616,2929.732267346493,1
911,70,172.1078526339085,14862.21921599683,1
912,70,173.09201610331633,29522.710436276026,1
913,70,174.08705394462854,14513.48515220004,1
914,70,175.07129102764708,17340.550614159216,1
915,70,175.1166773869441,83024.35475406892,1
916,70,176.1220768822564,4443.9307152606825,1
917,70,181.06074978442905,4866.629332364873,1
918,70,183.0761805484169,13756.105031250234,1
919,70,183.09131891974087,4576.935088581053,1
920,70,183.11263553274912,11096.34837627092,1
921,70,183.14898254973065,4456.210014090154,1
922,70,184.071847965283,51377.48158038859,1
923,70,184.10783432469225,61879.36926321189,1
924,70,185.05550341007827,8297.066687942004,1
925,70,185.0754338528248,3614.219652541141,1
926,70,185.0918586082708,24220.944633723862,1
927,70,185.10837383361525,3873.1572992242695,1
928,70,186.08750183105468,15666.411071113347,1
929,70,187.071378962658,5730.979778553175,1
930,70,187.08673768402429,34985.936098980645,1
931,70,194.09227619171145,5986.902459238966,1
932,70,195.0760540896899,125274.86102799032,1
933,70,195.0910738915512,5421.189504925737,1
934,70,196.07084667277783,27903.49092939125,1
935,70,196.1083246716381,3156.8277639721978,1
936,70,197.05525679507497,6479.24789746434,1
937,70,197.1284401538836,8787.857768907483,1
938,70,198.0873031880204,7090.522200568737,1
939,70,199.08754813238747,3786.3213986754417,1
940,70,199.107424557864,4427.444242404057,1
941,70,199.18098360647951,18237.7076848583,1
942,70,200.10397338867188,19237.67100861192,1
943,70,200.13823503624727,12787.137752531406,1
944,70,200.18389502237008,6795.101954996586,1
945,70,201.0868712983857,33913.16798856961,1
946,70,201.1036188679357,3333.7090982121804,1
947,70,201.12359491984049,6715.498255283833,1
948,70,202.0823639673544,52973.507431294056,1
949,70,204.09696224757604,6366.301116297288,1
950,70,206.0556194275383,9021.112474148667,1
951,70,208.0714812759281,8756.055335438528,1
952,70,210.0870591374754,6659.091025580887,1
953,70,211.0871433520135,23780.578269009373,1
954,70,212.1077087817549,146985.11623702082,1
955,70,213.08637508499288,3868.33190629861,1
956,70,213.105633408276,16964.8209277516,1
957,70,214.0839343461834,75360.41636650992,1
958,70,214.1126563624332,6953.639475382001,1
959,70,215.0851070841805,5073.391116263437,1
960,70,215.11351975314136,5792.027706461,1
961,70,216.0975790942626,9752.045371806502,1
962,70,218.1497492705976,12825.551978797035,1
963,70,220.1079882775952,4596.469109243975,1
964,70,224.06674421987225,7489.82547774238,1
965,70,224.10321550003744,24472.105215703985,1
966,70,225.09794210571752,27218.75660671118,1
967,70,226.08254537180463,5559.050370741621,1
968,70,226.11796074408988,5533.057676985666,1
969,70,227.17490147339308,15243.63376562862,1
970,70,228.09601069635903,20110.457441736813,1
971,70,228.13378422434727,7531.231774522037,1
972,70,228.17658876117903,6375.550434905605,1
973,70,230.11380636869973,5291.7408487894645,1
974,70,232.09260294987604,27078.08956096906,1
975,70,232.1408880667625,29772.998912428586,1
976,70,233.143590936806,8095.317532055269,1
977,70,234.1448820602062,4172.683457751607,1
978,70,236.10295232137045,13231.776349631224,1
979,70,237.08658165121977,13305.018526735845,1
980,70,237.1334265581509,10073.212910609687,1
981,70,238.081880984099,4944.869840534873,1
982,70,239.08248643990024,3944.065870445895,1
983,70,240.09679343483663,16337.240326674297,1
984,70,240.13411354651817,6700.962077313203,1
985,70,241.09231875805145,25393.46536612849,1
986,70,242.0761895086979,9506.786979645609,1
987,70,242.1136085399683,26455.721416362816,1
988,70,243.1104529521187,3675.755763501685,1
989,70,244.1656393671232,4126.1114792215485,1
990,70,246.0865374003371,4715.613331439833,1
991,70,246.1249353612921,11969.73508364688,1
992,70,246.18177821870484,5897.58827373885,1
993,70,249.09204923668688,4297.222019171229,1
994,70,249.6241616641774,4376.8861072560685,1
995,70,251.1053303098216,3470.195247726533,1
996,70,253.0927217795632,22331.47580535369,1
997,70,253.1294807794268,4846.244831455624,1
998,70,254.113523099012,28890.81545623318,1
999,70,255.1091350063629,12453.77333089948,1
1000,70,256.1094782902644,14995.612565869553,1
1001,70,258.145092951787,11868.64839879104,1
1002,70,258.6295489875638,10704.380228875609,1
1003,70,259.1042008011429,14100.71444072017,1
1004,70,259.1478676340688,4977.933334880138,1
1005,70,263.11326662459464,29674.495563288456,1
1006,70,264.0969435471755,60769.85060536861,1
1007,70,265.07871768349094,25441.839952639984,1
1008,70,267.1084458342696,4772.686135820583,1
1009,70,268.1085027438491,5239.608275102739,1
1010,70,269.1240252245654,4075.629426586736,1
1011,70,271.10394054150765,24130.519557709,1
1012,70,271.1376704202819,14255.630095710403,1
1013,70,272.1297010473303,19371.060277437035,1
1014,70,273.1180026484471,6155.303168147218,1
1015,70,274.1180787306566,25304.58987953021,1
1016,70,276.15503503326187,12138.197476191628,1
1017,70,277.1576601272113,6333.460267958662,1
1018,70,278.1339117962381,4706.653974123623,1
1019,70,279.0974246541502,10096.44338705794,1
1020,70,280.10186992592526,8933.18299290112,1
1021,70,281.1246566486716,79129.97390295772,1
1022,70,282.106714807955,47605.26345095599,1
1023,70,283.1039863868996,23981.531473706385,1
1024,70,284.1034552808078,64585.189567141264,1
1025,70,284.1701965332031,3737.945677587642,1
1026,70,285.1167486696827,10069.275171938722,1
1027,70,287.1376208218661,5466.263330769539,1
1028,70,289.16240909325813,26729.879118912413,1
1029,70,292.0937822202756,6425.086504467568,1
1030,70,293.0885424856412,5401.915383475312,1
1031,70,294.1140902510313,3889.382557621626,1
1032,70,295.10478461371525,4815.138641145494,1
1033,70,297.1555960743698,4160.11047107903,1
1034,70,299.1351357919198,58736.06861021254,1
1035,70,299.16961088634673,6138.967405220819,1
1036,70,300.1344575367528,7304.611067118981,1
1037,70,301.13137794693165,61940.50770381127,1
1038,70,302.1322170313943,5684.177626398397,1
1039,70,303.1294598273511,13121.823656017375,1
1040,70,306.1090067832123,5400.34184984534,1
1041,70,307.1414535587949,14546.920553221724,1
1042,70,310.11086482338925,11458.19874407794,1
1043,70,311.09831421463576,10811.805570403734,1
1044,70,311.13796801637545,14835.206561196614,1
1045,70,312.13017950505554,13551.950457603923,1
1046,70,313.1296624471975,20817.44121871623,1
1047,70,315.1671473543409,4142.776333759648,1
1048,70,317.2176377288008,4967.715609220804,1
1049,70,322.1139781308272,6656.926583672747,1
1050,70,322.15008222947426,4941.385700246609,1
1051,70,323.0983898628049,6205.428094826675,1
1052,70,323.1347852023143,13272.53442044438,1
1053,70,324.1225913136276,10518.166531361256,1
1054,70,325.15279204654,26128.45402352828,1
1055,70,326.1509627878992,4218.627298028091,1
1056,70,326.66308101143426,43810.39039903175,1
1057,70,327.1636225596196,11726.194943740587,1
1058,70,328.1237692426341,16210.060042085574,1
1059,70,329.1101350203804,5978.264474520476,1
1060,70,329.1543266185816,14028.076283081718,1
1061,70,330.1433000488281,5560.684241256714,1
1062,70,332.1351011953046,8760.08404719445,1
1063,70,333.1179170480224,14238.289456264854,1
1064,70,334.1037090226716,11003.21230397318,1
1065,70,335.1362112650057,5534.136651241489,1
1066,70,335.666755052856,126566.00839007784,1
1067,70,336.16638276777195,38161.05066820592,1
1068,70,336.66533727231234,4504.8006424800205,1
1069,70,337.1514018563663,29327.773294683764,1
1070,70,338.1496865519412,6341.909081013675,1
1071,70,340.1248717549246,18935.38854080972,1
1072,70,340.1624809265137,7247.671823952595,1
1073,70,341.14620143507494,11288.512115822406,1
1074,70,341.2175112056161,3043.768248369594,1
1075,70,342.14299449354115,6046.145372756637,1
1076,70,343.16412850313407,19343.209578790407,1
1077,70,344.6719803087639,629395.6522815588,1
1078,70,345.1735135330144,154407.99492623992,1
1079,70,345.674533647982,17500.24819765355,1
1080,70,346.1385444972826,10365.070486223063,1
1081,70,346.18322667023466,155408.29168581028,1
1082,70,346.65877495742427,8978.347191043016,1
1083,70,347.1350168180065,7604.877768099809,1
1084,70,347.1860837496244,16372.532758560548,1
1085,70,350.14566776670256,75562.08136298739,1
1086,70,351.12825509140777,58369.67362751815,1
1087,70,352.115850995038,12692.729712140885,1
1088,70,354.1423228228534,11287.462003816056,1
1089,70,355.1328170924511,4561.375134551409,1
1090,70,355.17198347008747,36348.11923855975,1
1091,70,355.6669049431296,26643.15166667864,1
1092,70,356.16740593777234,9421.62357376676,1
1093,70,358.1349191591721,21060.253687126693,1
1094,70,363.1291034127784,16131.77942121686,1
1095,70,364.17746889591217,47800.21939223539,1
1096,70,364.67686585457096,16654.645788377333,1
1097,70,368.1566060772379,67074.0760140956,1
1098,70,369.1390304887345,51908.10961218725,1
1099,70,370.1473021046996,23807.61720580024,1
1100,70,371.1687640727347,8994.98801456893,1
1101,70,372.1517696458466,9197.709575925555,1
1102,70,373.18356124214506,122889.18503580576,1
1103,70,373.684128168061,35350.54496204947,1
1104,70,374.18366138691806,8802.848622281212,1
1105,70,375.2244073776972,4947.882624091295,1
1106,70,376.1573142813678,11745.817455694303,1
1107,70,376.2271824092656,5157.6871647991975,1
1108,70,376.6566714332217,7255.272710527693,1
1109,70,378.1663242115694,4371.472210224937,1
1110,70,379.17088572184247,6731.124444772216,1
1111,70,380.1729572092304,16959.30809037831,1
1112,70,380.67555336330247,5067.584545923316,1
1113,70,381.1420766104639,15066.053860470258,1
1114,70,382.1709904357465,17594.489475260685,1
1115,70,384.1646479419154,8205.048829885629,1
1116,70,385.16712188720703,29839.614414534783,1
1117,70,385.666430341519,11122.909842638466,1
1118,70,386.1688166531649,33804.93339194312,1
1119,70,387.1679967244466,4582.464611468216,1
1120,70,388.1616970711229,24775.351444660875,1
1121,70,388.2544167635128,3899.44887481232,1
1122,70,389.1639680234258,4780.823053843961,1
1123,70,390.16454553896665,4574.595536934086,1
1124,70,391.1670201619466,13679.766687620251,1
1125,70,394.1725343816421,35874.33031625432,1
1126,70,394.6733277638753,9841.676816304524,1
1127,70,395.1573979042096,11271.56698940453,1
1128,70,397.1483717011242,5850.539441364567,1
1129,70,398.6884169868801,7507.992279019563,1
1130,70,400.18417825504224,22375.30133197745,1
1131,70,402.1746455958632,4011.898248047125,1
1132,70,403.2069029855256,5415.675759492534,1
1133,70,404.1556920030382,7663.49589802636,1
1134,70,407.6933135986328,36578.54082225263,1
1135,70,408.1941097222486,10551.522994138662,1
1136,70,412.1843461990357,20363.84738955833,1
1137,70,413.1827041001348,9584.510419982218,1
1138,70,416.6989253252402,20536.251462037537,1
1139,70,417.2070017078696,7351.121282516549,1
1140,70,419.6769369704213,7894.84692443544,1
1141,70,420.166989440918,6073.197410593033,1
1142,70,421.184186408492,13912.82921996098,1
1143,70,422.16692479451496,42876.26179574475,1
1144,70,423.154732893353,14596.210750158982,1
1145,70,425.173993630384,6883.878419437106,1
1146,70,426.17575323093706,7238.49124924063,1
1147,70,427.16984701156616,12955.461418386549,1
1148,70,428.6827728517594,17081.866700187806,1
1149,70,430.207030467498,15857.350605749822,1
1150,70,433.18488915096265,15406.513120928568,1
1151,70,433.6848803826098,9082.320687150055,1
1152,70,434.17302950799177,6956.241208081085,1
1153,70,437.6876503818007,14775.349656438251,1
1154,70,438.16492394173497,9854.066368216336,1
1155,70,439.1941216155773,86265.64487436527,1
1156,70,440.1782764603335,50915.06038424098,1
1157,70,442.194635323385,23373.034872801407,1
1158,70,442.6932772122897,9573.218519377911,1
1159,70,443.1950404954993,9087.159928770689,1
1160,70,444.19336786117145,5815.075609666141,1
1161,70,445.1829015943739,16491.404805757935,1
1162,70,447.2305945797243,233219.4297983681,1
1163,70,447.67282618833394,5250.221415659015,1
1164,70,448.18368359784176,5793.603630702589,1
1165,70,448.2350857052464,34357.69399465782,1
1166,70,451.1974101347082,38650.75405899416,1
1167,70,453.1878817119296,10799.767856983912,1
1168,70,454.172343860973,11958.29583267732,1
1169,70,455.1501604582134,5662.1543950633,1
1170,70,457.2039116016333,46094.94243990857,1
1171,70,457.6912522463454,5699.566875132089,1
1172,70,458.2056412074877,6144.762808094854,1
1173,70,460.21402369664366,5511.226090537769,1
1174,70,463.1931202528212,7213.700421928829,1
1175,70,467.6907533433702,5513.611051326328,1
1176,70,468.1874276399613,12208.564804974943,1
1177,70,468.6824910928915,10387.369775347655,1
1178,70,469.20303416701984,33652.82372288884,1
1179,70,470.71489765990674,9018.735383558904,1
1180,70,471.2031115047896,19513.815949981537,1
1181,70,471.7065781153989,5379.447113915776,1
1182,70,472.1880696614583,10733.620439906406,1
1183,70,474.18754400956,6357.783544916856,1
1184,70,475.19153608355606,7591.3014432254595,1
1185,70,476.1895845711949,4572.374729081809,1
1186,70,476.6983845140216,25864.934426003667,1
1187,70,477.19398386598095,24727.22140934477,1
1188,70,477.6902040310992,13221.116183102617,1
1189,70,478.1969484271425,11989.374728119012,1
1190,70,479.186674505358,21349.55090302069,1
1191,70,479.7223814368853,15529.76942670406,1
1192,70,481.2061389160156,8673.265206775664,1
1193,70,482.1933960275552,6980.4253833416815,1
1194,70,482.6973600282774,9928.440293029114,1
1195,70,483.1937105052666,12433.755012679192,1
1196,70,485.70395595343535,86984.43172416391,1
1197,70,486.20381941671263,42823.03648724787,1
1198,70,486.7049869755816,8892.34367410937,1
1199,70,487.210014462471,23367.706857624464,1
1200,70,488.189083142227,6214.778005658911,1
1201,70,489.2104334766509,7435.412514121284,1
1202,70,490.1892634800502,12891.331452474707,1
1203,70,490.193165038261,692189.9508864407,1
1204,70,490.6903693215889,14643.88935812419,1
1205,70,491.18980044958727,32307.507935011163,1
1206,70,492.1961951622597,13631.795766175852,1
1207,70,494.7091606049669,35588.4550501405,1
1208,70,495.209627356896,18216.835818609823,1
1209,70,495.7490804990133,6772.013483392696,1
1210,70,496.206606255203,23005.679636376804,1
1211,70,496.6971650094697,12161.768807705968,1
1212,70,497.19660331107474,61575.95489929082,1
1213,70,497.69135723114016,5199.060929656029,1
1214,70,498.25009194398535,31671.30863701584,1
1215,70,499.23047359406,7874.011419525853,1
1216,70,500.2144545482413,8910.334643068869,1
1217,70,500.7107531883029,13113.96061643216,1
1218,70,501.2108549851637,11732.226162484976,1
1219,70,505.21070328678,34246.36452499068,1
1220,70,505.70802679587536,28494.29348731604,1
1221,70,506.2059280773825,11171.462163075928,1
1222,70,508.20905624817465,8859.906293586037,1
1223,70,509.1952618573163,10679.388967447025,1
1224,70,509.77147196832107,6025.273652134655,1
1225,70,512.2111702911125,8817.478989177498,1
1226,70,514.7136374511718,26174.12062207032,1
1227,70,515.2117133989726,19488.201282797338,1
1228,70,516.2532666755445,15926.384770589886,1
1229,70,517.2344179290334,10523.555310933783,1
1230,70,517.7035614723383,6801.13627127714,1
1231,70,518.1936913007571,5594.2419630686445,1
1232,70,520.2123094406803,6821.156571307013,1
1233,70,521.2075025153882,6346.308748159264,1
1234,70,522.2069982003958,8285.274918102281,1
1235,70,523.7329792934181,7960.828081670061,1
1236,70,526.2108355461435,18778.66790785772,1
1237,70,526.7094187871647,12762.375978191854,1
1238,70,527.2067769812704,10569.59893611425,1
1239,70,531.2517891261889,8710.254692554474,1
1240,70,532.2169067382813,28502.674277615548,1
1241,70,534.2635771040483,217725.40971310704,1
1242,70,535.2737560850201,34882.94458534862,1
1243,70,535.7161306827626,12605.399915281256,1
1244,70,536.2068687645165,8969.067785331796,1
1245,70,538.224119156126,12677.70032885718,1
1246,70,539.2127113342285,8892.692442524432,1
1247,70,539.2914309954751,7422.085087374864,1
1248,70,540.2168411254883,28305.753017016254,1
1249,70,540.7163495365877,14848.320137696235,1
1250,70,541.2156457793847,14232.654242108378,1
1251,70,544.2245506430572,11620.385693868002,1
1252,70,546.3255866284641,11815.449467338703,1
1253,70,547.2282191208803,6181.181042613879,1
1254,70,548.2081974574497,16517.8948594275,1
1255,70,548.7282284714106,16072.412593511146,1
1256,70,549.2164979915029,22204.22201611332,1
1257,70,550.2091499261096,7943.937396598073,1
1258,70,553.2268739897629,7215.403230787694,1
1259,70,554.2113825158228,11209.862574734265,1
1260,70,555.2685484594228,17854.41960610662,1
1261,70,556.2354220581054,13135.313948516845,1
1262,70,557.7319852388822,11382.251305751312,1
1263,70,558.2292489931565,20986.566386910374,1
1264,70,559.7977800266717,8505.472028834845,1
1265,70,564.2268478209713,5498.750916911895,1
1266,70,565.2352127419379,30959.212160870546,1
1267,70,566.2213218688964,59602.41276450157,1
1268,70,568.2151987503986,13817.777692864864,1
1269,70,571.7483302299223,6598.631351367179,1
1270,70,573.27438195072,37755.926774839856,1
1271,70,574.2655896362828,19884.79694225246,1
1272,70,574.7252125459559,6533.961857335708,1
1273,70,580.2548113222475,11419.820070586822,1
1274,70,583.2460497320807,95684.62402302623,1
1275,70,583.7316028491871,8468.662966169753,1
1276,70,584.2345943901482,59811.51329461421,1
1277,70,585.2371165654431,23550.181139847187,1
1278,70,586.2317840979488,10128.551711935304,1
1279,70,589.2460887529696,7695.870534439533,1
1280,70,591.284963587425,338427.90336300724,1
1281,70,592.2888629533268,73970.74989789526,1
1282,70,593.2870449490017,8445.693612496058,1
1283,70,595.2300233053505,8691.696218656838,1
1284,70,600.8052872674314,11012.805345529763,1
1285,70,601.2555764590993,91292.61149890376,1
1286,70,602.2630822192664,20124.29261587954,1
1287,70,603.2500593855574,22013.954239072027,1
1288,70,612.2468409044989,9825.49252807683,1
1289,70,617.0785014652939,817001.7836600145,1
1290,70,621.2487906950066,6324.987530105085,1
1291,70,622.2491173658542,4923.274961163183,1
1292,70,623.229989003327,10175.038289797509,1
1293,70,628.3068568889911,16160.152802008848,1
1294,70,637.2691092542423,11151.096888634467,1
1295,70,640.2529687938576,12294.516061337408,1
1296,70,641.2342395782471,13898.749342924357,1
1297,70,642.2539539556394,6881.066923996498,1
1298,70,644.3110177683276,6333.326767677485,1
1299,70,645.3088208846464,12549.32362811256,1
1300,70,645.8104213992925,7569.839878327857,1
1301,70,646.7703411865234,6766.591763839721,1
1302,70,653.3116197229069,8532.979251718776,1
1303,70,653.8146002833829,32241.57720758871,1
1304,70,654.4300478980655,725964.0037904467,1
1305,70,656.2716544504916,9367.132330390845,1
1306,70,658.2664149891247,11664.017673798582,1
1307,70,659.2499332068102,8073.900771392966,1
1308,70,664.786856796335,9088.95055375341,1
1309,70,670.331112397784,43730.30498963293,1
1310,70,671.3157963679387,47484.86560082069,1
1311,70,672.2894096374512,12562.470674984905,1
1312,70,673.2906605554006,19110.65198679576,1
1313,70,676.2685441730403,9528.999285561698,1
1314,70,682.2684842333382,6311.629780943011,1
1315,70,688.336698964626,825946.2040481851,1
1316,70,689.3413807896205,216468.0551602037,1
1317,70,694.2672299033717,7555.836308810585,1
1318,70,699.2890560150147,5529.214972996711,1
1319,70,709.3928792090389,19091.544845629003,1
1320,70,711.2898753897491,10146.789111706174,1
1321,70,712.2737670898438,8478.929116801726,1
1322,70,725.3274513285428,7351.286718664322,1
1323,70,727.3518743169122,28127.378073022774,1
1324,70,727.8085178356265,7421.313434050451,1
1325,70,729.2872176433928,23689.18543362258,1
1326,70,730.2873298684964,10431.090910906569,1
1327,70,734.290380859375,11017.645594500542,1
1328,70,735.2849274573967,7405.255609370114,1
1329,70,736.3078361762749,8552.71412903922,1
1330,70,736.8138704560494,8039.521648386137,1
1331,70,741.3251282095212,11147.74656669996,1
1332,70,742.3115200294455,7723.262720093509,1
1333,70,745.3587370765715,455483.44742564345,1
1334,70,746.3625689419833,119895.36181007732,1
1335,70,747.370120048523,14555.155495762823,1
1336,70,751.3148049912694,17578.48543388613,1
1337,70,752.3025050894923,31009.55165673185,1
1338,70,754.3087820095486,9839.48980017768,1
1339,70,759.3315690521501,13110.95330604325,1
1340,70,769.3257162404615,53870.61597492159,1
1341,70,770.3170281009398,33082.95559825068,1
1342,70,771.313030322063,11410.775134751411,1
1343,70,772.3233656609195,19593.44256551238,1
1344,70,777.3133538725413,6870.163323939754,1
1345,70,781.3112519362877,9908.66056738346,1
1346,70,787.3365995519301,57278.078509603765,1
1347,70,798.325586010596,9343.656671169989,1
1348,70,799.3124675947366,8815.78017204324,1
1349,70,814.3768602775805,26759.902158358604,1
1350,70,815.369839776731,18174.556843144284,1
1351,70,832.3909418341818,238131.1892753416,1
1352,70,833.3936957157019,72486.89126237053,1
1353,70,834.388775993796,10223.700611677645,1
1354,70,837.4472354581986,11457.75087208218,1
1355,70,844.3120181154476,20170.56752882045,1
1356,70,848.3315090286397,6887.183424067274,1
1357,70,849.3257833081623,7559.550673129946,1
1358,70,856.3497205804156,8610.0618393184,1
1359,70,866.353860987295,18007.31740938555,1
1360,70,866.5676354109264,85636.11903848409,1
1361,70,867.3465502100083,9665.691824579702,1
1362,70,883.3956400940174,71457.72788823058,1
1363,70,884.3873515603863,33221.93111574908,1
1364,70,885.3674449354115,10755.127586812076,1
1365,70,901.3865440548874,48745.37719606415,1
1366,70,902.3891150539658,21924.45628871113,1
1367,70,906.1479732337956,540870.0921674386,1
1368,70,908.4871793681676,27329.803236642263,1
1369,70,909.4870857943492,13097.40186435439,1
1370,70,919.423366237331,97945.52235240824,1
1371,70,920.4268666143004,32935.03822288212,1
1372,70,922.4094499312108,5966.010694179895,1
1373,70,940.4237162804728,31401.637767881624,1
1374,70,958.4337177202397,43204.32018497482,1
1375,70,959.4318626623584,19394.70289218573,1
1376,70,971.392269971894,6806.387508994196,1
1377,70,976.4449566927824,101736.94667364612,1
1378,70,977.4480162627938,37286.29506911788,1
1379,70,981.3719969438148,14579.794566416367,1
1380,70,988.410339881634,10775.919934961305,1
1381,70,1009.4302463438452,10751.576754525811,1
1382,70,1010.4081395348836,12306.56579937602,1
1383,70,1027.4478506314551,37002.89873104984,1
1384,70,1028.4322847969088,21050.4363887919,1
1385,70,1045.4574079054562,47701.02457063211,1
1386,70,1063.4768207465277,60119.07914981418,1
1387,70,1080.4320559368452,11391.826054173474,1
1388,70,1083.5885450575088,13751.895492463642,1
1389,70,1097.4308715187824,7944.908734929376,1
1390,70,1114.4523947975852,12072.697306123648,1
1391,70,1115.4514221191407,7610.486958742142,1
1392,70,1116.249730320944,695239.7262419327,1
1393,70,1124.4723733568949,9043.278239780002,1
1394,70,1135.3368761200113,696839.1468419601,1
1395,70,1141.4936340658423,14991.932090392089,1
1396,70,1142.4892698623592,14292.338478538612,1
1397,70,1159.5091317352158,20746.754622851782,1
1398,70,1160.506698343795,13850.93242978774,1
1399,70,1177.5136838014098,10594.580718643365,1
1400,79,102.05485534667967,485.52168818882535,1
1401,79,110.0709808894566,859.3086787632534,1
1402,79,115.05003629411968,611.8907383510044,1
1403,79,116.01601046607608,516.7301105317615,1
1404,79,120.0806947187944,970.7516488161954,1
1405,79,129.1019582748413,2836.23876953125,1
1406,79,130.0859522819519,1088.365965843201,1
1407,79,133.04257106781006,1448.6627044677734,1
1408,79,133.0604968070984,8973.577194213867,1
1409,79,136.0747353690011,1001.9780349731444,1
1410,79,143.11680951799664,17670.975613839284,1
1411,79,144.121782430013,708.9227228800456,1
1412,79,147.11231994628906,2083.803917162346,1
1413,79,157.13246631622314,897.4435844421387,1
1414,79,159.0760588645935,1864.6217918396,1
1415,79,171.11244773864746,3790.688720703125,1
1416,79,175.1185516357422,1069.183232421875,1
1417,79,187.10770379929315,562.5698838006882,1
1418,79,215.1021581579137,749.4801754421658,1
1419,79,227.10214289912471,705.4046557391131,1
1420,79,234.0538840458311,839.0549468994141,1
1421,79,242.01141272650824,549.2621536254883,1
1422,79,248.0694913864136,4238.552021026611,1
1423,79,259.03711862275094,1973.707314231179,1
1424,79,275.2073783874512,1664.6018199920654,1
1425,79,276.0643482208252,5528.115100860596,1
1426,79,277.0680652965199,354.9243177934126,1
1427,79,317.91208772102334,17990.777432334162,1
1428,79,341.1448621749878,2591.318687438965,1
1429,79,364.7182083129883,4031.844678878784,1
1430,79,365.2187210083008,1122.088436126709,1
1431,79,375.13185424804686,640.3195714314778,1
1432,79,388.2916697626529,627.2500968601393,1
1433,79,391.2152791341146,1442.9123433430989,1
1434,79,426.2347269058228,1272.8650379180908,1
1435,79,435.7278331409801,851.1894517378373,1
1436,79,436.2184143066406,1335.2703661237445,1
1437,79,436.2228556315104,968.6413126627604,1
1438,79,444.73358726501465,4077.2701683044434,1
1439,79,445.2348541259765,1334.985019938151,1
1440,79,454.2289056777954,2099.4172172546387,1
1441,79,486.2512345747514,739.0726235129616,1
1442,79,502.24698368195567,3310.8104297268774,1
1443,79,502.33328914642334,2176.5566596984863,1
1444,79,502.74820624457465,1478.6541041621456,1
1445,79,529.7459455217634,582.8785269601004,1
1446,79,551.784912109375,939.7120596078726,1
1447,79,559.8937615406053,11418.11209174466,1
1448,79,582.3243774414062,1062.0055683135986,1
1449,79,600.333726149339,573.5506943922776,1
1450,79,630.5654202036199,958.1827023174594,1
1451,79,631.3755375031502,1210.1190156013736,1
1452,79,686.8645617214504,9640.67049103766,1
1453,79,710.4156353290265,813.68653517503,1
1454,79,711.4099033900669,721.9540541512625,1
1455,79,728.4289999569164,19514.36319508272,1
1456,79,729.4312799627131,5202.4243127071495,1
1457,79,845.6127199795479,19348.274221064887,1
1458,79,888.4531305486506,966.3710410378196,1
1459,79,888.4671211242676,945.1229209899902,1
1460,79,1003.4896647135416,984.6805114746094,1
1461,79,1099.593011430516,6522.704799789435,1
1462,87,101.06990255889308,40556.45230757322,1
1463,87,101.10771264797305,14110.257159889035,1
1464,87,102.05519723510744,26723.70350722504,1
1465,87,104.05326830685792,24480.84567369733,1
1466,87,110.0699719346088,67880.65547502559,1
1467,87,112.08732928968456,23620.18594092539,1
1468,87,113.07095380510604,11633.77944531577,1
1469,87,115.08742296373522,33852.79778782742,1
1470,87,115.66608394825622,425542.6717814111,1
1471,87,116.0706194262484,28050.86334585421,1
1472,87,120.08342178528568,210490.6341674644,1
1473,87,121.0846454442474,46315.43888230892,1
1474,87,124.16416144893472,139167.9645794468,1
1475,87,127.08724897517716,18725.12358429265,1
1476,87,129.06679462454173,18285.036085075502,1
1477,87,129.1043180641553,159763.10714232892,1
1478,87,130.06705020722887,15815.237733012154,1
1479,87,130.08908714626148,99562.4271539294,1
1480,87,130.1060516503439,16151.85570999766,1
1481,87,131.08693462869397,9274.218153939732,1
1482,87,136.07468638458664,208978.32747204928,1
1483,87,141.0667913527716,17608.518755345118,1
1484,87,141.10298606530944,22452.027314263047,1
1485,87,143.0854049682617,32017.905555686084,1
1486,87,143.11608694650076,592993.1870009593,1
1487,87,144.12264303665435,51077.36361582817,1
1488,87,147.11166070734413,188205.48859511764,1
1489,87,148.11597146339787,16189.203884506687,1
1490,87,155.08385336203654,15352.016717097798,1
1491,87,155.1166482201235,14616.66126425636,1
1492,87,157.09595134126246,45333.386204924565,1
1493,87,157.13320273047617,85546.56366399032,1
1494,87,158.09217578172684,63276.77378914505,1
1495,87,159.0919899805791,26398.441604307143,1
1496,87,159.11188293746298,41999.3285245353,1
1497,87,160.99811309600744,385337.0121289926,1
1498,87,167.08563225454392,13575.306904949552,1
1499,87,169.0963138946115,16198.424265979089,1
1500,87,169.13319254156403,32646.83584309564,1
1501,87,171.11257522700686,167091.54736936124,1
1502,87,171.14921920776368,110224.17343429563,1
1503,87,172.11447296142578,16850.667511471835,1
1504,87,173.12878720980163,138836.67445282225,1
1505,87,175.11718894035766,204964.01771195448,1
1506,87,176.1233133243609,26998.17182099668,1
1507,87,183.11309604644777,27873.8172861894,1
1508,87,183.14937540233936,29564.99267079477,1
1509,87,185.09218771588,51712.70371060509,1
1510,87,185.12888554164343,88402.53722844805,1
1511,87,185.16548470162056,349613.30647434545,1
1512,87,186.1247646041781,23954.48610524406,1
1513,87,186.1685056559245,76413.70941432953,1
1514,87,187.1079887502333,27549.863152980804,1
1515,87,187.1447210600882,22837.65189256572,1
1516,87,195.1126010531471,16441.93661683514,1
1517,87,197.1287259874235,58704.75038869299,1
1518,87,197.1656870264916,10868.325714193332,1
1519,87,199.14462114523013,65927.9244228034,1
1520,87,199.1817867881373,150089.23206925488,1
1521,87,200.3329861549634,499981.7994679231,1
1522,87,201.12457551546623,81430.37407853414,1
1523,87,204.1342652884636,13980.414241880344,1
1524,87,209.12991588790985,43895.67533907587,1
1525,87,211.14516261235585,17863.348989167138,1
1526,87,213.15836641800965,101644.27137914128,1
1527,87,215.1380324438604,30222.05920212431,1
1528,87,225.12447889795845,23619.29610090436,1
1529,87,225.15832784504235,27510.775839571463,1
1530,87,226.154716814068,51818.61384577147,1
1531,87,227.1752560167428,58079.35942693504,1
1532,87,228.13423902723525,22209.1050672955,1
1533,87,234.14539731428928,102661.87985508554,1
1534,87,237.13098617798505,57049.95723028744,1
1535,87,240.1341502977454,15239.232636555382,1
1536,87,242.1501132081457,44722.66539561816,1
1537,87,244.16590824346432,285378.64838572755,1
1538,87,245.16898929371555,48051.69202970272,1
1539,87,246.42287694981903,81233.3725454443,1
1540,87,251.1497645761775,18332.730689914748,1
1541,87,256.16642932778984,150284.97797754954,1
1542,87,257.1753398943406,559032.8668630167,1
1543,87,258.145775836447,15468.902384444053,1
1544,87,260.19681989107886,68635.57176977371,1
1545,87,265.1710059994557,22154.76463246997,1
1546,87,268.166033092298,16829.296184514697,1
1547,87,270.182373829377,42832.68571433043,1
1548,87,271.1759396323675,109427.47223013866,1
1549,87,272.17116667094984,52918.06619381152,1
1550,87,286.1758858128598,18412.967684399453,1
1551,87,288.2035874375352,83304.73402375574,1
1552,87,293.22386262581006,517087.5936588741,1
1553,87,293.55062417727925,229999.8143192893,1
1554,87,306.6227548214232,168523.47110157635,1
1555,87,313.1871919070973,65356.58720880396,1
1556,87,331.1970769216323,200434.5709894846,1
1557,87,332.20414014963,45251.51709945385,1
1558,87,333.83681913989545,118042.76812979976,1
1559,87,350.21349553952274,41170.7832480162,1
1560,87,412.2553309565005,75865.1588796118,1
1561,87,430.2665528754968,127993.61389213076,1
1562,87,431.26914978027344,49444.1966478746,1
1563,87,443.0198015710617,340983.1057674744,1
1564,87,453.99692166052336,449018.6726707694,1
1565,87,455.17161317133446,108477.92427428126,1
1566,87,511.325068929921,108368.6881945807,1
1567,87,528.2503454149125,201718.79296579008,1
1568,87,529.3346056991749,237236.7062987906,1
1569,87,530.3363453652621,96519.86662386492,1
1570,87,627.3491697403512,85724.37103048716,1
1571,109,101.07120651848572,20664.16342602746,1
1572,109,102.0550554308588,31269.39875458293,1
1573,109,115.08694005645482,19039.70998392696,1
1574,109,127.0498382643898,11852.16410026928,1
1575,109,127.0866245738247,29089.923510046174,1
1576,109,129.06603692167548,13888.310346993068,1
1577,109,129.1029026761968,23604.97553318105,1
1578,109,143.08186680751209,42393.284108640015,1
1579,109,145.06100086030506,10925.938446989514,1
1580,109,145.09664806789823,13501.2887070126,1
1581,109,147.11231633474137,18179.243311187925,1
1582,109,155.08179157225203,29846.851247612147,1
1583,109,159.0761247035435,12246.729421037946,1
1584,109,169.09681825556308,14081.5987386785,1
1585,109,171.07575913661503,115819.22808729182,1
1586,109,172.07287138411144,18894.080866693294,1
1587,109,172.10812141155375,11786.33820963454,1
1588,109,173.05541595649322,26104.744945232684,1
1589,109,173.09200471023033,12416.178544274691,1
1590,109,175.1184934373574,25816.25537035965,1
1591,109,183.07627902886807,17977.88064059233,1
1592,109,185.09181874948783,16204.593353458218,1
1593,109,186.0877438406659,11756.401228521623,1
1594,109,186.1236233887849,11307.50062004725,1
1595,109,187.0712328989572,20096.387651789955,1
1596,109,188.1033694486005,57977.95197889696,1
1597,109,189.0869125616355,14874.1636399316,1
1598,109,198.0872648120981,12981.637137978478,1
1599,109,199.0712488439699,18318.691990643936,1
1600,109,201.08688060740096,19191.57331800205,1
1601,109,212.10292605136303,16652.502795429093,1
1602,109,213.08688776910645,17152.309898807503,1
1603,109,216.0977245130037,14074.771424615346,1
1604,109,225.41615593096049,359777.67365641193,1
1605,109,226.0824303545801,24446.189788929736,1
1606,109,226.1181996663412,36656.41126203622,1
1607,109,226.15466737293065,44641.75874034336,1
1608,109,228.0976541863113,18587.389623016606,1
1609,109,230.07704895206183,16789.252851690355,1
1610,109,230.11333533869984,17599.340151306307,1
1611,109,240.09767559093743,39600.9402153536,1
1612,109,242.1131692573205,13602.161834261313,1
1613,109,242.14977622209648,69712.4844007279,1
1614,109,243.10917082545595,23244.478948006003,1
1615,109,243.14992039378097,16924.669128231886,1
1616,109,244.09260501698552,34580.19396897015,1
1617,109,255.10877938406807,17350.727300624847,1
1618,109,255.14505063570465,25517.16210450505,1
1619,109,256.0924569936899,19077.740388214894,1
1620,109,258.1082423588639,73209.8960297054,1
1621,109,259.11111576599484,16239.809866978572,1
1622,109,259.9001436730157,717843.7700304991,1
1623,109,269.1613370455228,19310.833934247494,1
1624,109,270.1083435754151,18248.694674505467,1
1625,109,272.1240594986382,46280.25388516417,1
1626,109,272.1710772777167,29395.86405021187,1
1627,109,273.1224008604537,21237.928110921104,1
1628,109,283.10388007838066,24025.215783044307,1
1629,109,283.13853276441546,19741.3408504428,1
1630,109,283.1759650490501,26330.49855461988,1
1631,109,284.08753504518603,21991.41195827234,1
1632,109,286.103204594102,12921.550647314203,1
1633,109,297.155230954063,16676.797139982322,1
1634,109,299.13485199440527,59235.81068881959,1
1635,109,299.1709362092565,53602.50766333075,1
1636,109,300.1184372811947,228482.6333708853,1
1637,109,300.36779430952697,878744.6489131443,1
1638,109,301.11582032437457,58715.28118181043,1
1639,109,309.11848737372725,22960.920880477937,1
1640,109,312.16638204006847,28936.99676689416,1
1641,109,317.1455435403963,17008.288382530212,1
1642,109,318.1292805612823,24281.28462327557,1
1643,109,327.1298067378802,27336.65438089233,1
1644,109,329.19262790504945,90312.0935763858,1
1645,109,330.1954018311482,20041.140202372462,1
1646,109,336.3404992111572,388840.97188355617,1
1647,109,341.145447107859,28720.530992363336,1
1648,109,343.9306946942675,1337012.337781384,1
1649,109,352.16180178993625,21395.69226759717,1
1650,109,353.1455276564424,16404.236737274772,1
1651,109,354.1768010366854,21580.92470336385,1
1652,109,355.12405918262624,19173.13306010211,1
1653,109,356.1889868096991,19046.660858070456,1
1654,109,359.1559994249459,14882.090937551246,1
1655,109,369.1389328976895,27994.41370904192,1
1656,109,369.14133146293926,26622.1536546446,1
1657,109,371.16830471462674,23257.38875937568,1
1658,109,379.6838627754821,211528.18373986447,1
1659,109,380.1551851800909,15837.344863712508,1
1660,109,380.18841452126975,71924.17814887749,1
1661,109,380.684849423912,31370.739668784736,1
1662,109,384.1507656270094,18599.411497233825,1
1663,109,386.1666007601599,18067.346556864995,1
1664,109,387.1507771809896,19095.668962467866,1
1665,109,387.68174736209033,320484.8665241893,1
1666,109,388.1832502092634,120804.6984362793,1
1667,109,396.1500903714088,19313.75036854898,1
1668,109,397.1351319762482,34193.374636981134,1
1669,109,398.16727143376727,28110.92859100916,1
1670,109,410.1659078598023,12313.198341608047,1
1671,109,412.1452035136607,16792.524798294595,1
1672,109,414.1617816233496,71811.7070045025,1
1673,109,415.14767635569854,153447.38668374455,1
1674,109,415.203909481273,24117.365338134765,1
1675,109,416.1487608506944,35561.993368055555,1
1676,109,426.162494938548,21357.862326936025,1
1677,109,428.2151395552386,20180.25163028448,1
1678,109,430.16881295137625,37436.84722771755,1
1679,109,437.1768472110524,23566.34189653584,1
1680,109,444.1712309325106,19729.93486056265,1
1681,109,451.1927107798902,23815.24559165858,1
1682,109,453.1707691440921,15237.939831434622,1
1683,109,454.15606226627295,42690.41324526891,1
1684,109,460.2334770691428,84744.250290002,1
1685,109,461.2352101500605,26934.99848739418,1
1686,109,467.26435502485793,45642.7241174039,1
1687,109,469.20411783267855,28887.61241466512,1
1688,109,471.18309513678,58373.70775385411,1
1689,109,472.16887101672944,60617.76655040468,1
1690,109,476.2286976900968,38936.00219891288,1
1691,109,485.2353275122232,52073.3042891294,1
1692,109,488.2091411912298,19864.54995695367,1
1693,109,489.193725222633,18547.30241531417,1
1694,109,497.1976823007594,46092.26348395321,1
1695,109,500.86390113798006,635462.1864765213,1
1696,109,508.2146848837535,28475.877555968866,1
1697,109,514.2256797052199,30643.471823892287,1
1698,109,515.2099289228331,49823.27805082213,1
1699,109,522.7265277117333,949612.3587079024,1
1700,109,524.209760131836,22629.216335783003,1
1701,109,524.2839436694243,41482.86288588491,1
1702,109,525.193797384555,51806.346475577455,1
1703,109,526.22594770413,37224.692253279456,1
1704,109,539.2092087824542,24424.20107903158,1
1705,109,542.2175992640053,54214.20757093662,1
1706,109,543.2072186807948,75310.82032740836,1
1707,109,544.2076996513035,27722.276739369267,1
1708,109,556.2716860563859,33946.34944569316,1
1709,109,557.2169727998621,50187.0894610835,1
1710,109,557.2227848832325,16465.309812238138,1
1711,109,588.2912294585129,41286.76690426531,1
1712,109,596.76620979497,23238.026972559284,1
1713,109,597.7716344716598,38155.34077461399,1
1714,109,605.2709089825411,21231.23692726529,1
1715,109,605.7703439690767,42739.161625416105,1
1716,109,606.2714768501178,32603.348062558805,1
1717,109,640.3071270788502,26975.4893534312,1
1718,109,641.2867031302503,40522.16062430925,1
1719,109,641.7769391561292,106288.6549382685,1
1720,109,642.2768486870659,71798.85558224902,1
1721,109,645.3129117648733,95958.46541539852,1
1722,109,646.3140879398635,35339.05226677005,1
1723,109,649.7748257654795,79200.97943413776,1
1724,109,650.28968702902,183133.89732267725,1
1725,109,650.7875450568471,280995.79671339743,1
1726,109,651.2889658763689,166922.10389307834,1
1727,109,651.7878668833587,84308.49989422297,1
1728,109,653.3279356992334,53402.374094504165,1
1729,109,661.3077331862524,60362.856039157086,1
1730,109,667.3058147895626,33494.42670697701,1
1731,109,685.3118276256573,82267.05776359039,1
1732,109,705.8953846247193,1026468.8132664148,1
1733,109,710.3527843911572,197575.74086553568,1
1734,109,711.3528068773675,126614.10319232364,1
1735,109,724.325895136053,41678.57958091389,1
1736,109,728.2871772339626,29554.49217825943,1
1737,109,741.334194344534,72560.74896522307,1
1738,109,742.3354100094566,107074.8807410228,1
1739,109,743.3353612674689,41172.976965850925,1
1740,109,745.204942427434,1075310.7030525184,1
1741,109,755.3286368815104,32421.338926972283,1
1742,109,758.3617352076939,1384197.4711194038,1
1743,109,759.3632637839647,519163.9566639774,1
1744,109,760.3633636839361,176040.18016730077,1
1745,109,765.3889942283402,52965.66220659267,1
1746,109,767.3688615455223,50338.42125981604,1
1747,109,770.330749150564,26635.94656349498,1
1748,109,774.354735604388,529651.7863256055,1
1749,109,775.3561620819435,226528.9112187932,1
1750,109,779.3334482366389,74834.27474295009,1
1751,109,779.3461525977691,35541.07296373665,1
1752,109,781.3892559071697,66396.16499165127,1
1753,109,782.3911477481618,22365.769136765422,1
1754,109,824.3912493234658,44523.68108257616,1
1755,109,829.3963915143694,177311.07569863455,1
1756,109,830.3953801618303,58208.14996268136,1
1757,109,830.4037301199777,86257.74410062992,1
1758,109,836.8924723780433,99255.20703581876,1
1759,109,837.4098407834075,141466.6219784049,1
1760,109,838.4132918624191,123750.58128466908,1
1761,109,845.392110780228,82888.06253025144,1
1762,109,849.3332382286496,624306.9933122998,1
1763,109,886.417730869391,375591.0781289125,1
1764,109,887.4228960234543,236700.49104052573,1
1765,109,888.4240351590244,90913.43150433627,1
1766,109,894.4309884934198,63331.61169560751,1
1767,109,902.4144347473816,190784.9126525712,1
1768,109,906.404615145339,913903.8033031942,1
1769,109,910.4281299145192,71491.82006419789,1
1770,109,911.429157483248,45315.50527649529,1
1771,109,925.433526208558,47388.88933067516,1
1772,109,935.4274759928386,48256.36473380952,1
1773,109,936.4287198607684,36407.72394068757,1
1774,109,937.4342366156176,203852.42889208216,1
1775,109,951.4515096028646,58850.2163283231,1
1776,109,952.4526651372356,59350.63556344168,1
1777,109,953.432387300594,311327.1341375933,1
1778,109,954.4346368963068,139638.11835374415,1
1779,109,955.4347313254888,38268.20051649597,1
1780,109,955.4452536577236,66684.0018911533,1
1781,109,967.4474720745924,67993.77249194142,1
1782,109,968.4490225427438,41339.38649901545,1
1783,109,979.448887125651,26438.04265721639,1
1784,109,983.43454734228,52741.3041150493,1
1785,109,984.4312705122716,60294.66206530567,1
1786,109,1000.4640895936548,246750.2504068514,1
1787,109,1001.4478256728625,588924.1658486167,1
1788,109,1001.4654092227712,143249.99453191197,1
1789,109,1002.450660585733,261563.8762707311,1
1790,109,1003.4510784384644,101449.64889347994,1
1791,109,1021.452601841518,42356.050645697054,1
1792,109,1038.4873273982555,55220.74302463975,1
1793,109,1105.4926816805587,50780.64464058575,1
1794,109,1123.5066569467608,57212.22206638636,1
1795,109,1124.507050304878,38001.58238634249,1
1796,109,1176.5282435617048,121001.81882038232,1
1797,109,1186.5275502146026,89214.88793394301,1
1798,109,1187.510831611101,142903.208604236,1
1799,109,1192.5250020777926,123340.05201480948,1
1800,109,1193.5273072692169,74390.51893671263,1
1801,109,1194.5322902305454,244517.51575197707,1
1802,109,1210.532749668614,290337.4134593253,1
1803,109,1211.5342957346063,173172.99028873444,1
1804,109,1212.5320158377706,78985.40882855421,1
1805,109,1282.5496583343834,54140.428303462206,1
1806,109,1299.5729305331267,141538.14317321777,1
1807,109,1300.5711441448027,118454.90223180546,1
1808,109,1301.5688513110497,108511.65385912136,1
1809,109,1376.370087993478,1359108.3703950488,0
1810,119,101.07108055277074,46853.44573175146,1
1811,119,102.05497438004872,91792.19991193234,1
1812,119,104.05295010063593,62078.15830639216,1
1813,119,110.06968292760234,47517.64918164429,1
1814,119,112.08711127078894,22127.72572881525,1
1815,119,115.0504528156762,13982.51776041568,1
1816,119,115.08679287419842,28975.20250141828,1
1817,119,116.07084328787668,22487.1411939954,1
1818,119,120.08278915509077,214397.39908573905,1
1819,119,121.08433748442552,24705.869925873856,1
1820,119,123.94343770830878,121343.67128920511,1
1821,119,126.4164755059568,25315.45601413408,1
1822,119,127.08684593904104,42328.61627267608,1
1823,119,129.06619333902995,24147.5117911911,1
1824,119,129.10445147997712,59215.07574600063,1
1825,119,130.05005323166816,18608.875843944166,1
1826,119,130.06608305202695,17481.357581311324,1
1827,119,130.08865176930146,29765.0885626849,1
1828,119,133.06094823766637,17983.972241323965,1
1829,119,136.07513234663983,56809.562550918425,1
1830,119,139.05039876302084,16917.325305611746,1
1831,119,140.08204650878906,25459.29730117744,1
1832,119,140.41415879623963,367655.3287707904,1
1833,119,141.06616808573406,11957.2060186704,1
1834,119,141.10264682769775,18534.44720743597,1
1835,119,143.11735820770264,40405.78058810035,1
1836,119,147.1121257170466,50531.55319274291,1
1837,119,153.0670670540102,17261.689367671166,1
1838,119,154.04997674012796,21378.611901283264,1
1839,119,155.08265518560643,19297.399908490297,1
1840,119,155.11659292447365,14649.846565004122,1
1841,119,157.06115901295732,36710.37041585969,1
1842,119,157.09591166178384,37097.041677889785,1
1843,119,157.10817981157146,10949.502159337528,1
1844,119,157.1334252414933,34549.4250151831,1
1845,119,158.09196922537512,29865.23024743034,1
1846,119,159.07673219192858,16947.119587033292,1
1847,119,159.09196789632708,26567.218350468065,1
1848,119,167.08398912217882,12846.879986664984,1
1849,119,169.09659747929535,16275.865234774212,1
1850,119,169.133492327751,23693.17974290104,1
1851,119,171.07535329965444,18430.535447956965,1
1852,119,171.11272527521308,25720.92932527716,1
1853,119,172.06307093302408,31926.141430720305,1
1854,119,173.09217782747947,25935.58937624753,1
1855,119,173.12867170764554,41058.01070541464,1
1856,119,175.11731942284186,135556.30608525814,1
1857,119,176.12324753482784,13335.702371542431,1
1858,119,177.1029702425003,49241.912052348256,1
1859,119,179.19268622160473,150559.29909781425,1
1860,119,181.06211313458,173098.0213091165,1
1861,119,182.0460539089413,14652.205380972917,1
1862,119,182.06463501516697,16172.809975818194,1
1863,119,183.1127610234489,21051.69789422465,1
1864,119,183.149695743214,63170.97679857774,1
1865,119,185.0553023726852,32233.82494103467,1
1866,119,185.0917768673021,29218.87059667159,1
1867,119,185.1281992284263,62544.21525491156,1
1868,119,185.1655984358354,52378.27225195278,1
1869,119,187.1082548547964,18139.29046343976,1
1870,119,187.14489328395047,76817.91093265811,1
1871,119,195.0756898990348,14777.02078888633,1
1872,119,197.1287484419973,32318.29459078437,1
1873,119,199.0713441871372,93121.82012113188,1
1874,119,199.1083506186177,15275.272131972426,1
1875,119,199.18107736037555,45616.93193573747,1
1876,119,200.05534373033765,26450.47486376282,1
1877,119,200.13800112077,33514.908694761405,1
1878,119,201.1239528656006,28185.616161329992,1
1879,119,203.11365717700403,29473.567518238327,1
1880,119,207.11269053706417,13503.423544557008,1
1881,119,211.1440260262325,39489.10845083204,1
1882,119,212.1044191431116,12415.413651563504,1
1883,119,212.1384020608569,21266.791218651662,1
1884,119,213.0872336209676,30328.17007636111,1
1885,119,213.12372632707869,44643.9338293893,1
1886,119,215.138086376076,32306.343573998547,1
1887,119,217.08435642158724,388401.3259451696,1
1888,119,217.1341640472412,13988.878510729472,1
1889,119,218.0852768142502,46834.47052937669,1
1890,119,219.34822466113584,282581.4791865988,1
1891,119,221.1285818399597,151432.9363687011,1
1892,119,222.1305022308792,25578.44647169113,1
1893,119,226.11839042222203,12835.686128852782,1
1894,119,227.0663078367248,21571.979512384696,1
1895,119,227.10363028390063,14774.96006106422,1
1896,119,227.1747848080917,14940.95761170186,1
1897,119,228.1341208096208,25773.51285123277,1
1898,119,229.11665679187308,11426.192902650291,1
1899,119,230.15008697509765,12628.241548052702,1
1900,119,231.1134826496084,27136.103740610102,1
1901,119,233.16529672514133,37156.2899446565,1
1902,119,235.1088687868884,13153.803040191206,1
1903,119,240.1337099328505,10333.85658642254,1
1904,119,242.14994427440607,26129.73039539461,1
1905,119,244.16593844095863,26013.405128240585,1
1906,119,245.0759888769875,279752.773080987,1
1907,119,249.1238187546247,46920.18053148917,1
1908,119,255.14535172161888,162407.16672652427,1
1909,119,258.14526448931014,15416.13515462194,1
1910,119,260.1967872951342,27670.051328507023,1
1911,119,262.1181217022796,46637.49925565957,1
1912,119,272.1716847472917,281578.04186268634,1
1913,119,273.1745908582533,41044.41328865773,1
1914,119,282.10902553134497,24010.28849312994,1
1915,119,288.2038241508312,20576.93638926341,1
1916,119,290.8200285309175,351002.82157058467,1
1917,119,300.1184116579452,37381.312736559215,1
1918,119,310.10347524503385,29100.432075407447,1
1919,119,314.1496225992839,20016.373434991547,1
1920,119,328.11363772128493,101647.7599159403,1
1921,119,346.12468164617366,60575.023382499,1
1922,119,360.36928427588464,31622.132993687315,1
1923,119,363.1663646324008,45309.83066762662,1
1924,119,368.22951749475993,26013.073534453782,1
1925,119,382.9456331120536,279154.7768346971,1
1926,119,385.2555070250999,118558.86916099432,1
1927,119,411.7134319037398,195503.83714150463,1
1928,119,429.17593317923786,26284.18037260865,1
1929,119,447.1872730639157,27594.70214239543,1
1930,119,476.2507218690676,15211.41602960034,1
1931,119,482.27202925493015,60881.77455088746,1
1932,119,497.43313709846393,152727.35573252005,1
1933,119,499.2978807356914,340415.12109913176,1
1934,119,500.3031170184796,126705.52095964873,1
1935,119,507.31266153651984,243308.3212596781,1
1936,119,510.2678320748465,24441.96809314546,1
1937,119,602.7862416404982,34458.6573356431,1
1938,119,645.4331883420263,66945.85237742869,1
1939,119,646.3672575774016,311073.73690456816,1
1940,119,647.3699732489764,128853.3113710128,1
1941,119,670.1883123534428,240531.996224441,1
1942,119,701.9733451020214,74350.98272515759,1
1943,119,703.3888635769696,36149.75847023977,1
1944,119,729.4061889648438,21094.011839109047,1
1945,119,730.3895851249125,24085.690451436967,1
1946,119,735.408157143757,52667.31672516206,1
1947,119,743.4687783575503,209517.70709489883,1
1948,119,747.4142825765849,392642.041029872,1
1949,119,748.4162502536526,198354.0989759371,1
1950,119,858.4485084683288,17005.050804362578,1
1951,119,865.3804337785083,203993.5654744868,1
1952,119,920.7179629618444,285165.3439434763,1
1953,124,101.07119721251648,24382.379232431387,1
1954,124,102.05521880450236,25343.967636715017,1
1955,124,104.05299018256852,32814.88168827857,1
1956,124,110.07126975379106,37614.14340561773,1
1957,124,115.08682121114528,13092.291573057784,1
1958,124,120.08278785561616,185344.5871346528,1
1959,124,121.08436763135693,20461.020157801955,1
1960,124,127.08703616642217,11496.156159623604,1
1961,124,129.06593908582414,12317.006947926113,1
1962,124,129.1034157035277,80436.6313188376,1
1963,124,130.06556861202455,26382.732043575663,1
1964,124,130.0870431491307,42830.09671262332,1
1965,124,130.10585732295596,7604.694581678544,1
1966,124,136.07513904991654,169534.39860741366,1
1967,124,137.07886891822292,27323.218938470432,1
1968,124,140.15883233373756,66723.59067905275,1
1969,124,141.06584371474975,25992.994814051664,1
1970,124,141.10236978530884,17579.005063321856,1
1971,124,142.7261516255262,443712.8503721668,1
1972,124,143.1176712739112,36647.77666564362,1
1973,124,147.1113628584646,71037.46757548462,1
1974,124,155.08235598282076,18910.799690995416,1
1975,124,155.11755719596957,6244.299595826938,1
1976,124,157.09678279992306,19763.375084154533,1
1977,124,157.1334311167399,24009.5944873981,1
1978,124,158.09200546589304,41266.936577604174,1
1979,124,159.07635157658504,24475.449024424182,1
1980,124,159.09160696742046,23988.74038253348,1
1981,124,167.0849673578648,8549.157521888857,1
1982,124,169.09674724312717,15782.968635417694,1
1983,124,169.13344531881398,13358.874503503996,1
1984,124,171.11281625848068,20921.56479470493,1
1985,124,172.0749740600586,18618.650860805137,1
1986,124,172.36626428331004,274277.7910361586,1
1987,124,173.09187885359222,14982.89738448461,1
1988,124,173.1285589676869,30928.167929161653,1
1989,124,175.08687576461625,55798.36308108844,1
1990,124,175.11789652279444,44380.56596952677,1
1991,124,176.83488485006094,449995.6981316389,1
1992,124,179.9632253007738,400829.5106770369,1
1993,124,181.09648283322653,66658.15355620782,1
1994,124,183.1128836040256,14288.190916990932,1
1995,124,183.14921395438057,30515.007457618714,1
1996,124,185.0918200948964,14952.13651345663,1
1997,124,185.1285188815084,47114.6542536702,1
1998,124,185.1648912996859,29798.3630479658,1
1999,124,186.12423801821143,16934.754423131504,1
2000,124,187.07120733610623,20349.096959803115,1
2001,124,187.10776507946872,16759.173060003177,1
2002,124,187.1442517608289,18340.762127902057,1
2003,124,190.0865065293505,23307.536532473703,1
2004,124,197.12849468655057,16183.468970542484,1
2005,124,198.1250850269629,7528.002681420284,1
2006,124,199.1077822850756,9912.313330295658,1
2007,124,199.18128421328484,37586.75307626753,1
2008,124,200.13872837916213,13697.71364410267,1
2009,124,201.123888715913,52301.79912492293,1
2010,124,204.1343712439904,14019.51809589248,1
2011,124,207.11265257328893,20987.27250844782,1
2012,124,211.14423882333853,21634.541697180583,1
2013,124,212.0668980356609,14677.673560106014,1
2014,124,212.10317200388988,9858.98770881232,1
2015,124,213.0873370010887,11608.358924633008,1
2016,124,213.15858821279,23520.47990316214,1
2017,124,214.1182124546596,30118.684672506755,1
2018,124,215.136529006958,18876.857709732056,1
2019,124,216.1344215045346,17728.450489575996,1
2020,124,217.09466671991444,35508.305206711644,1
2021,124,217.13548959470265,26953.28719535529,1
2022,124,218.0845389803092,16873.45752165897,1
2023,124,219.14928284423243,26041.3525906158,1
2024,124,226.118262052536,12145.357717165723,1
2025,124,227.1751927914827,26283.40601757989,1
2026,124,228.13422237100824,30061.627454809062,1
2027,124,229.09340481949755,57146.43784688494,1
2028,124,229.11715037552352,29639.64188354204,1
2029,124,233.1649010699728,19012.297762571325,1
2030,124,234.14501039389296,81981.5162282298,1
2031,124,235.1079484128854,569155.5962782279,1
2032,124,235.1458777730376,20467.934822421023,1
2033,124,236.11105004672348,67578.61843910124,1
2034,124,240.13411261273927,15094.497443868227,1
2035,124,242.14993729780423,17464.741747448625,1
2036,124,243.13354009696147,13473.325271870308,1
2037,124,244.16563268293413,24200.53537479096,1
2038,124,245.0925155738732,18658.94032485764,1
2039,124,247.1443006876807,10390.31459329412,1
2040,124,249.12368574596587,15871.87524468558,1
2041,124,249.1589118721559,25320.3563778425,1
2042,124,250.11844759633345,21958.90154255719,1
2043,124,258.1451796146861,13900.74684330734,1
2044,124,259.2586992006279,118752.96545237294,1
2045,124,260.19674563997626,36349.7358624893,1
2046,124,261.15698002161605,15035.755654967234,1
2047,124,263.10268160582086,186215.8355366129,1
2048,124,264.1058624622433,26963.136014228643,1
2049,124,267.1314827879129,158639.35839433424,1
2050,124,268.16590042114257,16224.01124497056,1
2051,124,272.1701093401228,19153.85977921575,1
2052,124,277.1544620289522,11518.69088678662,1
2053,124,278.1136467891669,17831.816573844764,1
2054,124,288.2031521883878,13146.558549707586,1
2055,124,311.13588340238016,8405.521825162521,1
2056,124,316.1657272787656,17598.789248690886,1
2057,124,318.7193004196847,151853.02138991185,1
2058,124,328.1622396907451,30305.27641987134,1
2059,124,347.22884507893554,47970.99427696568,1
2060,124,348.2320167404449,13020.022058155722,1
2061,124,358.0627184821557,331151.52552313195,1
2062,124,362.171349645544,14108.31540544298,1
2063,124,375.1298864847397,18047.6216747553,1
2064,124,391.1966279886537,19501.72175236072,1
2065,124,392.1560557119672,83617.4776762473,1
2066,124,446.2058990978804,12292.248990439326,1
2067,124,463.2298618000784,19647.832100133222,1
2068,124,488.213972186098,14583.539764933066,1
2069,124,491.22534766564,24746.37290172464,1
2070,124,505.24358016062,21374.15328185199,1
2071,124,510.2923610460813,32450.43082090056,1
2072,124,511.2950308407054,15465.88400593926,1
2073,124,575.6780410632476,488795.1689531373,1
2074,124,604.310302734375,13643.517385097031,1
2075,124,607.3092008023649,12884.500712667928,1
2076,124,624.3342286599161,42087.63403634146,1
2077,124,625.3345386884366,16736.959293387787,1
2078,124,647.4846789547604,49627.9956716976,1
2079,124,672.4393929689058,417172.73820811184,1
2080,124,692.2863812523515,435997.3813895884,1
2081,124,696.9089566795667,170356.3356787222,1
2082,124,698.7354503885938,525788.4034776037,1
2083,124,702.7738579665144,119655.5463460578,1
2084,124,707.608491046454,419248.9080155568,1
2085,124,721.3514286857957,32754.08791002672,1
2086,124,722.3517579536217,15780.118307521578,1
2087,124,738.3767134428625,151415.84269600973,1
2088,124,739.3752148771939,70383.11701146653,1
2089,124,739.3833068243348,70822.76303516047,1
2090,124,749.3472367671498,18196.640794419407,1
2091,124,820.4252425039281,24168.06995926756,1
2092,124,820.4947437257873,138702.78788269195,1
2093,124,836.971632016273,560378.3129638359,1
2094,124,837.4468300739065,142311.40469938735,1
2095,124,838.4490307818402,65899.30260966375,1
2096,134,229.1164472175367,27084.68099193862,1
2097,134,324.9964257240074,27084.68099193862,1
2098,142,101.0714653487058,146237.8751775368,1
2099,142,102.05549043224704,104044.53512101532,1
2100,142,110.07145738601685,92764.18625890078,1
2101,142,112.08741317137188,67107.87706104894,1
2102,142,113.0712925183233,25902.471546986377,1
2103,142,115.08701052365603,53406.80610000059,1
2104,142,116.07100515051202,67309.77076838567,1
2105,142,120.08122309310968,26814.05279082693,1
2106,142,125.07128793432358,109763.2496132952,1
2107,142,127.08695609860304,38005.48807185336,1
2108,142,129.06624458524078,34601.09625171013,1
2109,142,129.10288044637886,187243.19620910755,1
2110,142,130.0874244722969,115593.61074067504,1
2111,142,136.07574050595062,394437.9357516838,1
2112,142,147.11281400666763,221756.8881375832,1
2113,142,153.10248256187654,82317.14035525134,1
2114,142,155.0822813376402,28998.95733301945,1
2115,142,156.59273089553946,69967.0271639265,1
2116,142,158.09256862883873,207874.5839495537,1
2117,142,159.07651877511796,96646.44808512212,1
2118,142,167.0821788882421,105949.14439230516,1
2119,142,171.11272990197028,422721.72684603033,1
2120,142,172.11618214191688,37945.89266281367,1
2121,142,173.12891954694476,105937.79492418084,1
2122,142,174.5816064614516,39625.093819242255,1
2123,142,175.1179488983015,1343657.4572058583,1
2124,142,176.12271226671007,52950.169684558445,1
2125,142,181.09733976512635,188702.62971037705,1
2126,142,185.09169629517143,677790.656277954,1
2127,142,186.0953249724015,52168.38429828608,1
2128,142,187.07156770961487,214380.6745747003,1
2129,142,187.10807846973776,242621.2586183858,1
2130,142,187.1444984565347,251841.11541118944,1
2131,142,195.0766130658027,164959.36781717627,1
2132,142,196.0614078355872,48999.91696268283,1
2133,142,199.1082590983464,558408.5155827637,1
2134,142,200.1114613185419,43447.98527241733,1
2135,142,201.1238338409908,54825.4370797778,1
2136,142,207.1165815802181,79868.5403739623,1
2137,142,209.0923398234281,87243.31889386324,1
2138,142,213.0873960848615,366419.83684281085,1
2139,142,214.0896646600021,47453.54448877104,1
2140,142,226.1185086694094,39424.90713249181,1
2141,142,227.0666685967858,41375.02530197358,1
2142,142,227.10305918753147,303973.85184071213,1
2143,142,244.12951534210688,42413.46452278561,1
2144,142,251.10403928160667,37082.01130259037,1
2145,142,252.0980196029421,32102.45593615335,1
2146,142,254.11387370137564,49535.83211187159,1
2147,142,256.46496544471154,223784.6980477201,1
2148,142,256.79879906559967,89085.64672276103,1
2149,142,258.1455259149725,140672.53916476748,1
2150,142,262.1420164210822,105053.6876784294,1
2151,142,262.6325288717739,135373.69957849343,1
2152,142,263.134276952499,46118.27366920618,1
2153,142,268.1295221693134,43174.82502341476,1
2154,142,271.14598135560203,82949.86365818414,1
2155,142,274.1226321762032,175875.249340496,1
2156,142,279.0978032099736,72139.0187275676,1
2157,142,284.1440003209834,77149.20941159365,1
2158,142,293.475542463003,69111.53102455911,1
2159,142,296.1244748733801,61719.27117797772,1
2160,142,302.8727048712262,52968.87165030787,1
2161,142,306.1451461397368,121467.1293927308,1
2162,142,310.13923105936567,50904.75737513468,1
2163,142,310.1410872936249,62421.29907699426,1
2164,142,311.1513108034185,48617.84097608271,1
2165,142,312.17802448272704,329619.901009655,1
2166,142,313.18158589437337,41997.50144218399,1
2167,142,314.1348247306993,155196.05083490498,1
2168,142,316.49491146524906,65027.12290894279,1
2169,142,316.8251636672516,54434.650282685805,1
2170,142,317.656592485673,37892.12575607539,1
2171,142,318.1489278697435,64057.95278753781,1
2172,142,322.4982504888412,246985.2703138929,1
2173,142,322.8327443522792,125647.19863789056,1
2174,142,325.8270270733794,69059.09160104231,1
2175,142,326.14601315642926,580516.940110314,1
2176,142,326.6619893996442,251730.9244484823,1
2177,142,327.1643378224782,84937.71472789261,1
2178,142,328.15097209385465,35652.01539745331,1
2179,142,329.15466971219087,114431.03075604042,1
2180,142,329.4860793314707,78259.3663979432,1
2181,142,334.13919012560814,55530.71689687946,1
2182,142,334.14129779793626,68148.0693981744,1
2183,142,335.1581214082007,188772.10853562635,1
2184,142,335.4925714776996,103516.23705189789,1
2185,142,335.66720577578883,116275.59352681848,1
2186,142,336.1685675126088,50220.039532625226,1
2187,142,337.4832986247404,61850.25243566875,1
2188,142,343.1574947669858,103517.13976454188,1
2189,142,343.4885669145428,97664.30563347036,1
2190,142,343.82222904303137,46455.91448355944,1
2191,142,344.15650347367074,316532.40585986385,1
2192,142,349.1619246143406,196741.60040964244,1
2193,142,349.4960991852475,101467.1154108869,1
2194,142,355.16316275761045,86195.04296195858,1
2195,142,361.1840590569559,7127416.972306211,0
2196,142,361.21037141569366,183314.6649968284,1
2197,142,362.1857182229882,507387.8111322892,1
2198,142,366.1832456800673,129058.16343773736,1
2199,142,366.68294700534864,49995.18445631005,1
2200,142,375.18842360552617,162214.38538161045,1
2201,142,375.6793698204888,220024.1661379205,1
2202,142,375.68146065067,211755.43968489545,1
2203,142,376.1826401777112,73737.26960864358,1
2204,142,383.1861172630673,39294.58219538578,1
2205,142,384.1936726069427,1925540.461559472,1
2206,142,384.6950414001706,666384.820915814,1
2207,142,385.1962195666592,131196.96380223605,1
2208,142,412.7045020991016,62638.53483020908,1
2209,142,413.2263093271321,478607.3386775704,1
2210,142,414.22885760706384,79781.22435876241,1
2211,142,416.2623906778106,81804.35605356203,1
2212,142,425.7123395414289,132982.06353910145,1
2213,142,426.2099534581541,63880.61759944114,1
2214,142,430.7045433852252,41707.00848869773,1
2215,142,431.20300826175503,92253.31555141749,1
2216,142,434.71742476764905,358117.1986448011,1
2217,142,435.21825811253694,158106.4607287904,1
2218,142,439.7098046172437,211390.1230666189,1
2219,142,440.2111718766341,88664.62862914058,1
2220,142,475.2887287073895,165669.1198795939,1
2221,142,515.0329768316988,2996142.252720306,0
2222,142,523.2742680337285,67865.48445349831,1
2223,142,524.2576112709096,140064.07510698016,1
2224,142,541.2850619284123,675209.2191588272,1
2225,142,542.2877375312206,158721.43104645202,1
2226,142,635.290615567294,40982.311400396175,1
2227,142,642.78477573138,3427445.6947947373,0
2228,142,652.3162965393067,114502.24099534511,1
2229,142,653.3044017091089,97929.84507129632,1
2230,142,670.3277212289663,745153.3619650328,1
2231,142,671.3304268608771,216405.21576068044,1
2232,142,767.3783575842883,242036.61034089111,1
2233,142,767.382350277403,300982.9066277926,1
2234,142,768.3838448917164,98992.39999342526,1
2235,147,147.11244152438255,23678.35282204228,1
2236,147,215.1031928628178,27783.2425871542,1
2237,147,475.2502082086378,9160.72777440471,1
2238,147,494.9275270331276,22030.27635659432,1
2239,148,147.112663192749,18090.5730046463,1
2240,148,169.09674465533385,14055.240988505257,1
2241,148,173.09201406503652,15340.0099078422,1
2242,148,173.12837972680563,12150.02393508848,1
2243,148,175.1182214549745,40245.606279206215,1
2244,148,183.07633778528515,9847.897115407255,1
2245,148,183.1126354180493,7955.166224470417,1
2246,148,185.09202867546333,15036.68594032646,1
2247,148,187.0719654584172,10071.897145358,1
2248,148,187.10784556070965,230712.7708501544,1
2249,148,188.1110918250451,22181.968464026817,1
2250,148,197.12843853139623,8148.809598096552,1
2251,148,201.08698010662044,20048.56441771441,1
2252,148,201.1235017806765,14284.936849927146,1
2253,148,203.10303704697,47018.95152746947,1
2254,148,211.4807616967124,172232.4525651693,1
2255,148,213.08693785944803,26704.3599826464,1
2256,148,215.10294383179908,100544.14828319175,1
2257,148,215.13729764594407,15626.061793030283,1
2258,148,216.1053245758341,14107.550233003136,1
2259,148,221.14415011293164,103254.3762619499,1
2260,148,226.1180772923712,9635.362931501806,1
2261,148,228.1339442179753,7332.923275106228,1
2262,148,231.0967967195331,73260.34782123116,1
2263,148,240.0971163880592,12765.34184891196,1
2264,148,241.08207855991384,10434.484531512811,1
2265,148,243.133031861972,12355.038761537688,1
2266,148,244.1659159804836,9306.270518327,1
2267,148,258.1083274691713,11903.234503645055,1
2268,148,270.144703801473,11018.016738808155,1
2269,148,274.18735354708645,8582.268723704152,1
2270,148,280.1292036268446,8040.735624064339,1
2271,148,284.1248939150856,12527.813753763834,1
2272,148,298.1385208521134,53912.952490782125,1
2273,148,299.1429931640625,11860.722311958514,1
2274,148,302.1342129695203,36210.9964478568,1
2275,148,316.15017113021656,39937.47470834466,1
2276,148,329.14583833755984,14798.857383643428,1
2277,148,340.15077165029584,10889.793470591016,1
2278,148,356.15987127447414,32500.319972551617,1
2279,148,399.18868604497095,12294.40981311894,1
2280,148,427.1830593242083,37895.57064365254,1
2281,148,428.1854886424785,11074.000979637613,1
2282,148,431.1765198026384,14229.169263820562,1
2283,148,431.8850499904242,96335.53643997842,1
2284,148,445.192713244208,19991.18318922468,1
2285,148,498.2163637031629,14317.153296702116,1
2286,148,501.3139328154007,21552.991500294247,1
2287,148,516.229939451555,20124.09678932018,1
2288,148,522.2844560255699,15493.633770373985,1
2289,148,534.5598713569235,50601.061757571886,1
2290,148,557.8032606408951,20617.256356442227,1
2291,148,621.8304976497787,27795.749459645835,1
2292,148,622.3311912680572,22588.28033804264,1
2293,148,630.355902643487,21507.573496752448,1
2294,148,645.2719026735316,10750.975273691549,1
2295,148,656.0234600740368,193683.225016611,1
2296,148,686.3518629946188,44683.11412016832,1
2297,148,686.8527893839004,31934.90574694284,1
2298,148,687.3524051700626,15050.254529892862,1
2299,148,726.2143274084368,215413.5751781576,1
2300,148,750.8730087065361,65165.64682062713,1
2301,148,751.3740628998855,51305.74183330317,1
2302,148,751.8739165058286,25179.49501698412,1
2303,148,776.3687573504704,20650.95001200194,1
2304,148,786.3917713165283,118763.73211579274,1
2305,148,786.8923500378927,96512.62774876754,1
2306,148,787.3931368604118,45652.665804038814,1
2307,148,796.3343158593691,114833.62072303418,1
2308,148,825.1273954934237,203990.6082999978,1
2309,148,841.4134865592046,30132.441930417663,1
2310,148,841.9107173174277,50998.39370964313,1
2311,148,842.4108440555327,37913.71463193392,1
2312,148,842.9103272076949,20745.433001990456,1
2313,148,850.4221973560475,116169.1948272705,1
2314,148,850.9226783014113,110308.75656629993,1
2315,148,851.4247267929824,52615.52456679711,1
2316,148,905.93437403762,29810.21677639277,1
2317,148,906.433870570866,36657.91581948348,1
2318,148,906.9335144352792,23651.78070591186,1
2319,148,914.943471033433,169964.1884397619,1
2320,148,915.4440433277804,169333.81377590404,1
2321,148,915.9451243406648,82963.3807352394,1
2322,148,916.4460957295186,30362.509815772803,1
2323,148,941.9495779184194,25675.16028534816,1
2324,148,942.4487216815876,25535.186650146305,1
2325,148,950.4623463080604,232046.6602188736,1
2326,148,950.9630041539496,249651.6855634239,1
2327,148,951.4643482152968,127650.50108509892,1
2328,148,951.9654766415164,43159.67986775632,1
2329,148,989.069145704344,151877.89789669166,1
2330,148,1005.9742451420536,29366.511390359312,1
2331,148,1006.4738040640334,39607.31979244012,1
2332,148,1006.9727226789608,26913.14824429889,1
2333,148,1014.984109061105,119276.67694607028,1
2334,148,1015.4845670597282,124654.84025445812,1
2335,148,1015.984726061924,69190.42354067796,1
2336,148,1016.4864401895492,22493.937962266264,1
2337,148,1065.5075297932049,182907.7716552399,1
2338,148,1066.0071634114584,199491.61802734376,1
2339,148,1066.5078085302337,111323.39093943856,1
2340,148,1067.0079965666523,41634.44119681711,1
2341,167,127.08654831866828,3827.920907156808,1
2342,167,129.06558934653677,3805.071234168076,1
2343,167,129.10337766011557,19417.95066412289,1
2344,167,130.06486923630172,3263.761008185309,1
2345,167,130.08716084798178,5707.968081359863,1
2346,167,131.06671050273223,90485.29668026224,1
2347,167,132.50901097836703,5418.536833721659,1
2348,167,132.62365240799753,2825.995990150853,1
2349,167,136.07453901871392,31673.780367726864,1
2350,167,137.078795841762,3269.637167794364,1
2351,167,141.0654296875,3611.699153709412,1
2352,167,141.1018146938748,4088.480865478516,1
2353,167,143.0818540132963,4482.285353440505,1
2354,167,143.11738915076623,6815.890029437725,1
2355,167,147.11232192794998,10612.04286629813,1
2356,167,153.1891801253609,3146.533649112868,1
2357,167,155.08130094740125,10472.46032248603,1
2358,167,157.09689969794695,4395.634737236555,1
2359,167,157.13319566514758,5417.146853492373,1
2360,167,158.09203809372923,3043.358389996468,1
2361,167,159.07682102748325,3719.16468069894,1
2362,167,159.0913521019188,9544.164045179212,1
2363,167,159.1123639275046,15679.73681348913,1
2364,167,169.09632892373168,6080.363491764775,1
2365,167,169.1332857855435,3996.5324966825287,1
2366,167,171.0762387789213,9049.05707174448,1
2367,167,171.11271490566972,4005.803686390752,1
2368,167,173.09202909469604,2576.7162652015686,1
2369,167,173.12829998177543,4471.789053043849,1
2370,167,175.11837456815985,18704.402715867567,1
2371,167,183.11279417976505,4040.638286045619,1
2372,167,183.14892025270325,5483.245079925095,1
2373,167,185.0919088968417,3989.189322122713,1
2374,167,185.12817691851265,8829.460128880753,1
2375,167,185.16464078599128,5005.387453604436,1
2376,167,186.08891805013025,3253.961347791884,1
2377,167,186.1260469498173,2973.3870588733303,1
2378,167,187.10772263860127,17503.872951277768,1
2379,167,187.14409902821416,4843.422127931014,1
2380,167,197.1282267979213,5975.832339259557,1
2381,167,199.07078323364257,2356.169525909424,1
2382,167,199.1073654637192,2732.1967995383525,1
2383,167,199.18039458652711,9219.83546303803,1
2384,167,200.13889756843224,4830.977093141471,1
2385,167,201.08650679815383,2439.2232591538204,1
2386,167,201.1230416690602,8835.800494743797,1
2387,167,207.11250144556948,21375.87887282121,1
2388,167,210.0248491840977,9643.59730579007,1
2389,167,211.14395861355763,4877.167654505316,1
2390,167,212.10264951791336,5386.631676061829,1
2391,167,213.08651569911413,3477.6483502388,1
2392,167,213.15869649251303,4001.2217235899807,1
2393,167,214.11822263656123,3841.65816374748,1
2394,167,215.1385190914839,5640.253980343158,1
2395,167,216.0973673502604,5408.074275970459,1
2396,167,217.0828625316352,4906.868325676716,1
2397,167,226.1181050618489,5528.097890090942,1
2398,167,226.1544292553051,4075.782863101444,1
2399,167,227.1022321428572,4663.836757114956,1
2400,167,227.1749222278595,5908.054561436176,1
2401,167,228.1339807056245,10040.737899053664,1
2402,167,229.11773486015124,5528.825540395884,1
2403,167,229.15356162742333,3613.478036385995,1
2404,167,230.11309273012225,3677.1804435483873,1
2405,167,231.1129011674361,10271.017634536282,1
2406,167,233.1643771319322,6835.818295760893,1
2407,167,235.10711812973025,10043.75233387947,1
2408,167,240.0974126962515,2586.7548763568584,1
2409,167,240.1338645739433,8366.343451768924,1
2410,167,242.14962346930253,7107.34183261269,1
2411,167,243.1097999855324,3044.855189853244,1
2412,167,243.133041381836,5773.450708788495,1
2413,167,244.09214107806864,3740.934183267447,1
2414,167,244.165141078404,2494.8757409232003,1
2415,167,245.12869974772136,2530.467829386393,1
2416,167,249.12281296673945,33134.78128086539,1
2417,167,250.1238465004779,4952.989913615775,1
2418,167,254.1493324180702,11552.450423599836,1
2419,167,258.1076995849609,3228.683905601501,1
2420,167,258.1442949567522,4818.93926827567,1
2421,167,259.1076989552332,11464.543006896973,1
2422,167,261.15857100813355,8702.679721309714,1
2423,167,263.13776724679127,4338.948660714285,1
2424,167,268.16509605856504,4464.583917056813,1
2425,167,270.14442070855034,7862.970667860243,1
2426,167,271.1423103578629,3435.8437928230533,1
2427,167,272.1331513233674,3857.62408603766,1
2428,167,272.1646394275484,4928.802641369048,1
2429,167,277.1176617501796,49692.6016667684,1
2430,167,278.1210687099359,7251.756801507412,1
2431,167,284.1236328125,2444.852770385742,1
2432,167,284.1953866141183,3337.463017327445,1
2433,167,285.1561749432538,4100.216473553632,1
2434,167,286.1752691501524,5653.71263150471,1
2435,167,289.161119733538,8524.64435495649,1
2436,167,298.1390162054098,8337.598069676813,1
2437,167,299.1719596616683,3019.030340379284,1
2438,167,311.1711963155995,4957.96091627038,1
2439,167,325.1870891026088,4066.679855482919,1
2440,167,325.22310747419084,2909.685598373413,1
2441,167,332.19601210108345,5828.376848328789,1
2442,167,339.2023745167012,3677.4548015983737,1
2443,167,343.1552990722656,2731.321332168579,1
2444,167,344.1958041191101,8178.81393301487,1
2445,167,346.13677385118274,4248.480855305989,1
2446,167,353.2175526618957,5336.343790054321,1
2447,167,357.21287340995593,7662.683471679687,1
2448,167,359.19293212890625,22835.564009446363,1
2449,167,360.1917428970337,3569.63392162323,1
2450,167,364.1488623046875,2849.6242993164065,1
2451,167,372.1908690623748,29381.05497281979,1
2452,167,373.1926413796165,4925.4721357865765,1
2453,167,376.1868650855088,3668.5735570395855,1
2454,167,384.2242807241586,4432.101445124699,1
2455,167,390.2027885340437,24677.74943856348,1
2456,167,391.2034867604573,4806.451807657878,1
2457,167,402.2456260094276,6289.82817191344,1
2458,167,419.23013793945313,5301.057731628418,1
2459,167,443.2278112596081,11829.878949565273,1
2460,167,444.2472502609779,3859.718881442629,1
2461,167,445.20705489037744,15206.022216904332,1
2462,167,446.208984375,3162.893548148019,1
2463,167,459.22331709428266,6674.920425692471,1
2464,167,461.2373046875,11998.000457100246,1
2465,167,470.4106072730719,102881.41862053896,1
2466,167,481.2761727792245,4466.882288049768,1
2467,167,489.2771365743288,25897.349958392937,1
2468,167,490.2771538628472,5701.105414496527,1
2469,167,502.2657947540283,2845.8220896720886,1
2470,167,512.2492365251508,11320.755063776383,1
2471,167,515.2858976476333,3088.2212032991297,1
2472,167,516.2431589762369,4122.390527513292,1
2473,167,530.2573367387821,14979.034909370615,1
2474,167,530.262510357481,13024.942388837988,1
2475,167,531.2644282749721,3116.196181161063,1
2476,167,548.2709034511021,5921.19687298366,1
2477,167,558.2911703620158,13578.72864586199,1
2478,167,559.2937488555908,3417.760425746441,1
2479,167,584.3090033280222,3942.348061009457,1
2480,167,585.3076500525841,6918.31981248122,1
2481,167,588.3460506863064,33333.36344231499,1
2482,167,589.3482498468137,9067.385301776962,1
2483,167,601.3330688476562,4459.098553565241,1
2484,167,611.315860421317,7495.7434513637,1
2485,167,625.3663623046875,12927.371953125,1
2486,167,629.3285325270433,15175.664924973707,1
2487,167,630.3312000093006,4356.765366917565,1
2488,167,647.3346821178089,5879.832531842319,1
2489,167,662.3269636824324,9274.100721204602,1
2490,167,703.3710017128597,15377.985310509092,1
2491,167,711.6029496238659,33606.326971556475,1
2492,167,728.3927546909878,5068.405650275095,1
2493,167,779.7787858697656,29348.65726626828,1
2494,167,850.4375592400046,35021.42824397368,1
2495,167,850.4432345303622,35148.59068714489,1
2496,167,851.4445216402095,14901.118844539562,1
2497,167,852.4481396484375,2823.166389160156,1
2498,167,858.2009900256442,20166.91507053653,1
2499,167,920.470263671875,30389.79634765625,1
2500,167,945.5307226031274,94483.64939498344,1
2501,167,965.4672517123288,42294.54627206881,1
2502,167,966.4690185546876,19412.855712890625,1
2503,167,1075.5133150540864,12695.15932581975,1
2504,167,1076.4966796875,23779.315546875,1
2505,167,1076.50498046875,21926.06198730469,1
2506,167,1077.5084604116587,10766.092280069986,1
2507,167,1083.8699051258725,77762.0845532353,1
2508,167,1093.5261130136987,70883.94599914551,1
2509,167,1094.5271014873797,35084.039100060094,1
2510,167,1095.530080942007,11079.256286621094,1
2511,167,1175.5726633379536,8114.898342993952,1
2512,167,1192.5933486938477,112414.99670181276,1
2513,167,1193.595005580357,60906.42189461844,1
2514,167,1194.595919095553,14509.971336951625,1
2515,167,1230.4032709789658,9981.550329530648,1
2516,167,1291.6645795036766,42122.82860370711,1
2517,167,1292.6657221867488,25510.78559288612,1
2518,167,1361.67236328125,7227.546719970703,1
2519,167,1378.6936070033482,66767.90273742676,1
2520,167,1379.6947561410757,45476.81247182993,1
2521,167,1449.7313137054443,41541.66769552231,1
2522,167,1450.7313406808037,28871.24057006836,1
2523,167,1562.8128509521484,9966.023686408997,1
2524,167,1563.8100947627315,6317.1864985713255,1
2525,167,1628.8746263288976,50817.861174971375,0
2526,178,101.07152953577656,6306.780454611062,1
2527,178,101.1079869809358,1908.3520619268,1
2528,178,102.05537365564231,30646.230002314667,1
2529,178,110.07160745765084,8705.249092335478,1
2530,178,113.07151525160846,1871.599237039428,1
2531,178,115.0870984493916,3566.8748117294112,1
2532,178,119.08198620326306,3996.669692707656,1
2533,178,120.08161846122356,13439.993508390948,1
2534,178,129.06632490218826,3451.2855026828256,1
2535,178,129.10296675606557,31146.54567042824,1
2536,178,130.05023380279542,4305.061628189087,1
2537,178,130.08671081363718,15480.48451329538,1
2538,178,130.10577811135187,2788.753397093879,1
2539,178,131.0828512469869,15282.49617820706,1
2540,178,136.07573861857406,21304.42785674816,1
2541,178,140.0708612203598,3246.0060185194016,1
2542,178,141.06619684128535,5705.781411597843,1
2543,178,143.08186869932615,3099.720015588085,1
2544,178,143.11808800402983,15655.143135588844,1
2545,178,147.11277104449528,27814.16879644189,1
2546,178,148.0616474507018,2657.2419894200675,1
2547,178,148.1162046349567,2444.6061725284744,1
2548,178,155.08207828916352,3940.320258094525,1
2549,178,159.07645351255957,19333.772114250514,1
2550,178,166.15280309420285,34215.51474695379,1
2551,178,171.07655208895665,10763.17172724564,1
2552,178,171.11296471228965,16057.316765676644,1
2553,178,173.09245019979753,7341.613399712804,1
2554,178,173.12882347885443,11230.62821530712,1
2555,178,173.41956702338496,107413.65271152796,1
2556,178,175.11891839988678,8968.080866357719,1
2557,178,181.0611258303593,4118.064184697713,1
2558,178,185.0560441373788,2635.8904360615315,1
2559,178,185.09234026700057,4119.678895076296,1
2560,178,186.1242337908064,2209.9923055512563,1
2561,178,187.071570386504,19275.641906457,1
2562,178,187.10834348247425,6506.706884306509,1
2563,178,189.08742741417728,5218.949178484221,1
2564,178,199.07174642086028,10838.272975966334,1
2565,178,199.1080168290572,3358.904175479845,1
2566,178,201.0874974378544,9853.36337136034,1
2567,178,201.12392047168763,7597.338045115071,1
2568,178,203.1031436145965,3936.640125279057,1
2569,178,204.1346910807292,3551.5858207804363,1
2570,178,213.08746358190567,3985.516757677505,1
2571,178,216.1344316416773,2432.0673364955805,1
2572,178,217.08280327096807,21416.991332820537,1
2573,178,218.15038956267924,4264.256756052187,1
2574,178,224.1037742235384,2316.247956178465,1
2575,178,226.0829312801361,3082.4092172682285,1
2576,178,226.11850294752583,3109.404481193056,1
2577,178,227.0667975334705,2021.180510976997,1
2578,178,231.097654636736,5381.287963673932,1
2579,178,240.1344419206892,3996.818104209838,1
2580,178,240.2945271534648,63504.18001475403,1
2581,178,242.1504861609524,3746.655077700634,1
2582,178,244.0931797914727,3195.770708840947,1
2583,178,244.12977257494657,5384.710338433733,1
2584,178,245.0767435105787,25194.62707950354,1
2585,178,252.1346918677804,2610.686509535956,1
2586,178,258.1455117697244,6425.727058790018,1
2587,178,260.1971450136952,4827.904510034508,1
2588,178,262.1419382058229,13567.751855234228,1
2589,178,270.10911193008684,4407.842849580693,1
2590,178,270.1455148285992,14034.58156058796,1
2591,178,276.1556745649458,9057.682645600122,1
2592,178,286.1387583583692,14306.521503464328,1
2593,178,286.14183980244525,11774.79121921862,1
2594,178,288.11870779399,4814.872587687049,1
2595,178,294.4933499663381,82183.37658883525,1
2596,178,296.0882855301383,3661.814445527095,1
2597,178,298.10406251470727,3285.510885666077,1
2598,178,302.87260769722155,1937.9809446406543,1
2599,178,309.34733006694023,41624.782147860125,1
2600,178,314.0985861769,8300.326393694091,1
2601,178,316.11453895701766,7727.600431046835,1
2602,178,332.1094399182173,8596.993524042082,1
2603,178,334.5681853367,123591.40074414545,1
2604,178,339.13053639729816,6382.896142786624,1
2605,178,356.1299049757808,82466.25119009764,1
2606,178,357.14154065139894,6245.65767713097,1
2607,178,367.1255564916702,7958.2006119773505,1
2608,178,385.1359361731488,8526.87375717163,1
2609,178,387.1883437370939,2452.20074919562,1
2610,178,390.3672331879615,28881.385407698865,1
2611,178,394.1205746404015,99534.6124352746,1
2612,178,403.1469048059034,4295.602777055366,1
2613,178,415.1835508200736,3201.611166875297,1
2614,178,419.0157408814376,83600.27354048006,1
2615,178,454.1509977346721,80145.0318406519,1
2616,178,456.1731142530254,3351.1996581943986,1
2617,178,466.1949576318792,3198.842537314491,1
2618,178,471.3894394063623,102628.88499832264,1
2619,178,479.931983287811,106521.19799505992,1
2620,178,481.3438591206215,94099.3834886951,1
2621,178,492.4828504405706,11669.071807251254,1
2622,178,500.7076389219703,2535.2563696884527,1
2623,178,509.7127801303206,4805.849788912411,1
2624,178,514.7060826280382,4794.344546440972,1
2625,178,523.7104451315744,5288.664796386446,1
2626,178,539.6088280104626,71705.21182899075,1
2627,178,557.7283353805542,2896.4666661545634,1
2628,178,558.7322691490208,2449.868688384872,1
2629,178,559.2299643061302,5384.042579192318,1
2630,178,564.204087511241,2220.6410907772806,1
2631,178,565.2307495590328,3524.7883120248484,1
2632,178,566.7330549603049,3411.405494921604,1
2633,178,567.7241754242868,3559.361693179969,1
2634,178,568.2151229347338,5045.681754636993,1
2635,178,573.2070822975852,4659.262241089344,1
2636,178,581.7223149813138,4225.338492980371,1
2637,178,582.2136799047202,7444.618726345976,1
2638,178,590.2262724089532,2772.178120631229,1
2639,178,591.2100388983719,7884.178827986998,1
2640,178,593.2476165216619,2780.7566821566493,1
2641,178,593.7442438629037,2904.4508692801664,1
2642,178,594.2365391923876,3188.7923839926134,1
2643,178,599.7299565333946,2498.4513148887486,1
2644,178,602.2528596357865,5856.493898789991,1
2645,178,602.7495083798465,6068.564496297023,1
2646,178,603.2451051437736,4691.921901766672,1
2647,178,608.7332153320312,3680.4278202859145,1
2648,178,613.2447448475092,2918.3729490336013,1
2649,178,614.2302474739382,2672.3993962999466,1
2650,178,617.2487058386339,3546.297503614848,1
2651,178,622.2498890086763,3684.105952549296,1
2652,178,622.7461593982786,4574.379816809366,1
2653,178,623.2469219189685,3094.9516458918133,1
2654,178,630.3108850294544,3215.0666338320702,1
2655,178,631.2532418771011,6005.822961951818,1
2656,178,631.7508143118682,6978.806833341073,1
2657,178,635.2659552556818,4511.549163471569,1
2658,178,640.9437953905127,15165.956048548907,1
2659,178,643.7710763715171,3878.012621348714,1
2660,178,644.2666249655507,3614.703114696807,1
2661,178,648.7640798468339,3039.078282941852,1
2662,178,649.2548646243732,4749.445025862117,1
2663,178,649.3301579402043,10525.992419426258,1
2664,178,652.7754238919094,3676.277102083773,1
2665,178,653.2713246185508,4104.219392114038,1
2666,178,657.7687276748412,6677.06357423507,1
2667,178,658.2665766283384,5686.522426519179,1
2668,178,662.246528126369,9491.521275778798,1
2669,178,666.7722305629565,8527.477866913961,1
2670,178,667.2683946589278,9600.430140864302,1
2671,178,667.3316479264018,123620.35501387856,1
2672,178,667.8315451009826,41710.02772821818,1
2673,178,714.5244620587612,52594.8446027778,1
2674,178,718.7667198870247,89052.83249364064,1
2675,178,743.2688352825699,2900.954693244179,1
2676,178,748.2942312406801,4810.410563267118,1
2677,178,802.345620572365,3560.072388450978,1
2678,178,814.3067542484829,2384.647220764841,1
2679,178,816.727615795967,82903.97637366809,1
2680,178,831.3323658025154,2608.775130151588,1
2681,178,832.3144511640311,9075.71725632388,1
2682,178,884.3110002790179,6148.173853380927,1
2683,178,891.3527456888338,8100.0645110990945,1
2684,178,901.3361730957032,4242.447459877014,1
2685,178,911.4587323583048,108619.04321605942,1
2686,178,913.3731137737956,3532.9501026936496,1
2687,178,916.3855445139692,6250.557563263693,1
2688,178,917.3697315084524,9555.11708157638,1
2689,178,917.4731086987154,97038.70112715292,1
2690,178,918.3670954329244,5272.303617606002,1
2691,178,919.3491026533412,19075.56234556969,1
2692,178,931.3883586682772,9634.200066282036,1
2693,178,932.3875527969136,4536.513824960868,1
2694,178,942.0977143265172,108603.9759922619,1
2695,178,953.3273579296364,24826.37981062709,1
2696,178,992.365393644254,9355.620080011133,1
2697,178,993.350095348198,20726.065877193163,1
2698,178,993.3675789745736,3679.503486692687,1
2699,178,993.6430976324108,33200.46996427987,1
2700,178,1000.4075754951028,2723.058537612943,1
2701,178,1012.371239060622,2606.276495185265,1
2702,178,1017.4321466355096,3042.3609334128246,1
2703,178,1018.4156570789426,7257.113541798259,1
2704,178,1018.4262524773092,6159.539610229871,1
2705,178,1028.4069393382354,4187.535204636817,1
2706,178,1029.395231189646,3245.6376970151973,1
2707,178,1030.3888344946204,4774.1443330309385,1
2708,178,1045.4274705317982,9086.81399419015,1
2709,178,1046.4100518344849,20094.00783590837,1
2710,178,1047.4098582858655,6531.947587997151,1
2711,178,1063.4037829740548,14139.224739985211,1
2712,178,1064.3888207834664,22012.5733683067,1
2713,178,1064.405556418679,5679.208424108012,1
2714,178,1068.913282991498,81864.21060863213,1
2715,178,1074.4709275592068,7688.639927355163,1
2716,178,1088.4693354746742,3378.119249325793,1
2717,178,1109.0708124071205,100043.57537101398,1
2718,178,1115.429559698687,3101.2582194368606,1
2719,178,1117.4492177198708,9490.998061095612,1
2720,178,1127.2224628833335,113076.21964423546,1
2721,178,1132.453711856858,4383.365497924294,1
2722,178,1145.4100608978883,4980.173584398975,1
2723,178,1161.4082047241743,6213.518993523444,1
2724,178,1162.4332448233545,5891.303192588784,1
2725,178,1163.4312127032404,6355.055924000335,1
2726,178,1186.4694661710284,3895.185433691869,1
2727,178,1203.494351806641,5553.645980089505,1
2728,178,1204.4903216784514,7108.896819378756,1
2729,178,1214.4683517456056,4016.043263840676,1
2730,178,1215.4665058992348,3116.444818738042,1
2731,178,1216.448538683338,4938.5931559405535,1
2732,178,1217.432595854824,7982.719958555351,1
2733,178,1219.403312255422,98314.07072710288,1
2734,178,1231.4908212918606,8254.145305906804,1
2735,178,1232.4908669566194,5843.087140458079,1
2736,178,1233.4730384563577,8261.615979332759,1
2737,178,1234.4705631201866,5079.7768600970085,1
2738,178,1259.4873186618793,4292.801768087779,1
2739,178,1260.4712785225083,10458.050526656769,1
2740,178,1260.4883937928737,2613.529048463775,1
2741,178,1316.1480535765013,8890.332883673864,1
2742,180,101.07160206584189,29654.70584383878,1
2743,180,101.10805737132758,36077.517206756165,1
2744,180,101.91478577276024,1028721.490235868,1
2745,180,102.05545759692636,157252.34281182045,1
2746,180,103.05656769316076,6125.981287034892,1
2747,180,104.05319155179538,16024.429509089545,1
2748,180,110.07106338847768,82276.31108440053,1
2749,180,111.09221115112304,10532.309899902344,1
2750,180,112.07562953404016,113709.9751586914,1
2751,180,112.0874956675938,14862.72326006208,1
2752,180,115.08714025160846,19821.1848934398,1
2753,180,116.07118815760458,25347.114572832663,1
2754,180,120.0455812215805,69990.58624744415,1
2755,180,120.08255704243976,177069.9423567454,1
2756,180,121.08462647830738,18939.25506771312,1
2757,180,126.3608135860302,2542578.0657266607,0
2758,180,127.08719999893852,12698.283834706182,1
2759,180,129.066542960502,20476.042121681006,1
2760,180,129.10445949009485,559498.4154521397,1
2761,180,130.0503372192383,31142.014000701904,1
2762,180,130.06631242468,23550.461528372256,1
2763,180,130.08815372800365,254197.71831979105,1
2764,180,130.10494573065574,50365.59199686253,1
2765,180,131.08740797776443,41680.163864370494,1
2766,180,136.07501661163016,139921.62779817876,1
2767,180,137.07906386431526,11034.923353008197,1
2768,180,139.08725198109946,20217.440081278484,1
2769,180,141.0667110709257,35098.09253843441,1
2770,180,141.10265323093958,15632.704836164205,1
2771,180,143.08283916272617,31895.966447328265,1
2772,180,143.1179221368605,33593.3399932,1
2773,180,145.06267293294272,12449.441938920454,1
2774,180,146.0609642933991,39884.82638911877,1
2775,180,146.12928067720853,66085.7200020032,1
2776,180,147.07303453528365,5923.097695972609,1
2777,180,147.1123995099749,162047.55659975324,1
2778,180,148.11520548502605,39543.56778564453,1
2779,180,155.0832677770544,16197.743423214664,1
2780,180,155.11798430652152,11817.24473608994,1
2781,180,157.06178014418657,6680.32858096852,1
2782,180,157.0968874667553,171600.12699470113,1
2783,180,157.10897013346354,6545.571904500325,1
2784,180,157.13353267468904,26876.82211514523,1
2785,180,158.0919855817964,28673.55648919601,1
2786,180,159.07589599609375,60995.82238214493,1
2787,180,159.0917222764757,28403.32093256491,1
2788,180,159.11299095153808,57510.67100219727,1
2789,180,163.08767496744792,140826.7232035319,1
2790,180,163.48617159004095,1755417.0063866435,1
2791,180,164.09034816196987,7876.31181640625,1
2792,180,166.05386810302736,19001.8959777832,1
2793,180,166.061519916241,10849.857103812388,1
2794,180,167.0837955918423,26516.63346685365,1
2795,180,169.09659481048584,14631.616234064102,1
2796,180,169.13386212862454,25529.441528320312,1
2797,180,169.91383804118527,259429.7065354937,1
2798,180,171.07451811290923,90202.37191336496,1
2799,180,171.112998397262,19949.7172597426,1
2800,180,173.07178243001303,8166.2744547526045,1
2801,180,173.09248748779297,14476.241643066409,1
2802,180,173.12874801844768,28126.47892531304,1
2803,180,174.05479658895464,147877.8838537273,1
2804,180,175.05766944885255,11036.213270711898,1
2805,180,175.11779749253216,289856.50486988743,1
2806,180,176.12333209698016,11313.32859332745,1
2807,180,180.103127179827,38300.63314819336,1
2808,180,181.061423601423,11052.219915117535,1
2809,180,181.09734090169272,10882.208573404949,1
2810,180,183.11311152943392,29866.56453704834,1
2811,180,183.14956433259988,31343.267509170724,1
2812,180,184.1099749625997,16471.324295368602,1
2813,180,185.0561329609639,8823.68724926098,1
2814,180,185.0924554249597,80156.01232522631,1
2815,180,185.1287797194261,20641.410395695613,1
2816,180,185.165153353822,20428.84517295688,1
2817,180,186.1247871212843,7267.525435470953,1
2818,180,187.07137298583984,5386.414323694566,1
2819,180,187.10807225324103,26383.9596725685,1
2820,180,187.1444456456072,9845.106866351627,1
2821,180,188.04611081950745,1442930.2046396814,1
2822,180,189.0874826340448,51925.483305431546,1
2823,180,191.08232384397272,18989.76020384672,1
2824,180,195.07676138004783,41779.35427813463,1
2825,180,195.1132709980011,28359.858496665955,1
2826,180,197.12879479449728,29477.01837821629,1
2827,180,197.16542960502005,9232.527515308277,1
2828,180,199.07176780700684,15170.26281696558,1
2829,180,199.1080105251736,10842.035880533856,1
2830,180,199.1811969463642,34958.00571852464,1
2831,180,201.0873503912063,10829.151335216704,1
2832,180,201.12418288327336,77211.80769399578,1
2833,180,202.1274167574369,49008.47275763292,1
2834,180,203.11326352287745,179070.57758465936,1
2835,180,204.0964149619637,1441617.6228683435,1
2836,180,204.13153100782824,10399.5561070596,1
2837,180,206.09259643554688,20205.800006975445,1
2838,180,207.11159578959143,24618.89383951823,1
2839,180,208.1089992523193,14803.983968138697,1
2840,180,209.09243977864585,11210.02676188151,1
2841,180,211.1445083618164,36743.30203082111,1
2842,180,212.104206318758,9277.733906648597,1
2843,180,212.1384703692268,15677.94693848666,1
2844,180,213.0875915923676,43661.40518867195,1
2845,180,213.12408922539385,24328.401638343686,1
2846,180,215.1381990587389,20646.80312043268,1
2847,180,217.0843721154618,22777.14447146899,1
2848,180,218.15059211037376,11157.996803977272,1
2849,180,225.12393049760297,9635.89565196182,1
2850,180,226.1179677672305,18097.75851697437,1
2851,180,226.15539042154947,11934.5990363227,1
2852,180,227.1758020794581,18362.82799203056,1
2853,180,229.11842688198743,67715.1340531974,1
2854,180,230.113613801844,7887.864586325253,1
2855,180,230.1504173278809,56750.53753967285,1
2856,180,231.0972215440538,10806.870003255208,1
2857,180,233.1654485754065,22417.82731669658,1
2858,180,234.1454162597656,15009.444805145264,1
2859,180,235.11108627319337,16542.060452270507,1
2860,180,235.1454369960687,11416.439044267703,1
2861,180,237.13133850097657,15825.44190673828,1
2862,180,239.0865275065104,11123.58554280599,1
2863,180,239.11368942260745,6887.23308300972,1
2864,180,240.097649207482,13905.795439265325,1
2865,180,240.13464334848769,70844.18227489575,1
2866,180,241.08413201409417,38529.49871166332,1
2867,180,242.1871760232108,40007.09295000349,1
2868,180,243.13394850827336,16241.820954054929,1
2869,180,244.1659639420048,22909.64823404948,1
2870,180,248.1619391347848,214895.1675929649,1
2871,180,249.1627628102022,197672.07137522977,1
2872,180,251.12311321756115,106732.14640879112,1
2873,180,256.1088780816996,14798.11825849425,1
2874,180,257.16220841317806,14014.332102649616,1
2875,180,258.10925483703613,22202.46916770935,1
2876,180,258.145993913923,76404.32973011561,1
2877,180,259.0756769353693,46540.1005637429,1
2878,180,259.0920874277751,10002.84512201945,1
2879,180,259.14939684745593,9327.11172720102,1
2880,180,261.12728078741776,24202.008858530146,1
2881,180,261.15699869791666,9818.567761230468,1
2882,180,268.13007046314,13362.159469929147,1
2883,180,272.17137708162005,38571.16375089947,1
2884,180,276.1553363800049,66572.95715332031,1
2885,180,277.086174858941,59625.68172200521,1
2886,180,277.1570366061464,9905.216502909758,1
2887,180,279.1164770126343,22153.59038925171,1
2888,180,282.1022618630535,406109.6421762647,1
2889,180,284.10436277036314,20726.079883716724,1
2890,180,284.1458246140253,51425.9485168457,1
2891,180,284.1627683897276,34004.470818596914,1
2892,180,286.1430389404297,33572.89968185425,1
2893,180,291.137645699333,1676980.7354073378,1
2894,180,294.1472639604048,17759.737390229195,1
2895,180,300.1920049031576,96963.26890163422,1
2896,180,300.6938915252685,32298.86194864909,1
2897,180,302.15089893341064,15544.462738752363,1
2898,180,302.87215423583984,15635.16273328993,1
2899,180,312.1561951718088,112379.7676526086,1
2900,180,313.1569250858191,21328.99573609323,1
2901,180,314.1673940022786,16856.61778622582,1
2902,180,319.14196050734745,21245.98220243908,1
2903,180,319.17644986239344,53065.48572332209,1
2904,180,321.156357166379,84415.17608216751,1
2905,180,324.2291488647461,19837.24790132963,1
2906,180,330.1661572726268,83782.84295078494,1
2907,180,331.1702553885324,66147.65132940383,1
2908,180,332.1757040218431,94833.77493613109,1
2909,180,332.67835297455656,27877.11861275338,1
2910,180,338.18295606926307,374672.4828901148,1
2911,180,339.16936558314734,12858.366638183594,1
2912,180,339.18671052352244,66931.46655090996,1
2913,180,340.1894584655762,21397.59393672943,1
2914,180,346.1671114834872,44421.81953521208,1
2915,180,347.19376373291016,25970.852424621586,1
2916,180,350.0252327044011,747057.9665035161,1
2917,180,352.1154064602322,15044.668220943877,1
2918,180,354.16331770613385,16917.74701587574,1
2919,180,360.614114527379,871523.2880831457,1
2920,180,364.17675861559417,37908.9338828639,1
2921,180,369.14167739405775,11998.823687929096,1
2922,180,370.1258859345408,10893.408266009706,1
2923,180,371.23008728027344,27807.343719482426,1
2924,180,377.1654951765731,32205.54955999272,1
2925,180,378.6887495252821,29071.0326538086,1
2926,180,385.67784079527246,27655.99843147473,1
2927,180,386.1725504557292,15962.352060953775,1
2928,180,387.1518415368122,13202.026939060375,1
2929,180,388.1183178471584,51595.62214690564,1
2930,180,389.241811578924,49497.467016393486,1
2931,180,390.2433359781901,5750.748787434896,1
2932,180,394.6843799791838,28049.799894634045,1
2933,180,406.12913264784703,11911.851336811864,1
2934,180,417.9707533157693,1625807.72971939,1
2935,180,429.2265961964925,49012.88658968607,1
2936,180,430.20844345092775,33137.26182861328,1
2937,180,430.8175492524253,2344468.977890754,0
2938,180,434.2121308644613,27565.93811798096,1
2939,180,434.5500109123461,25532.07632353812,1
2940,180,438.87726107510656,28836.75055486505,1
2941,180,439.2083638509114,15966.385197566104,1
2942,180,439.8912105116733,44422.41589071584,1
2943,180,440.2262191772461,25810.47304407756,1
2944,180,443.2087633537524,12128.101529208096,1
2945,180,444.5522928873698,25866.992944335936,1
2946,180,444.8817801339285,74369.9046875,1
2947,180,445.2130889892578,46660.87997581845,1
2948,180,445.5476467993952,14423.58450809602,1
2949,180,447.2354234483507,58992.18291490343,1
2950,180,448.1849678658151,23403.120747334247,1
2951,180,450.555417574369,72516.69350961539,1
2952,180,450.8852486959318,121261.86273639958,1
2953,180,451.22501687442553,53375.03370576746,1
2954,180,451.2678196347993,332377.4419618804,1
2955,180,451.55189615885416,17439.54374186198,1
2956,180,452.21526786608575,24406.35197253105,1
2957,180,452.2710666232639,82690.08722737631,1
2958,180,453.27240793328536,33559.67873663651,1
2959,180,456.5583469166475,112054.74379505833,1
2960,180,456.8934089660645,77515.60454101562,1
2961,180,457.2285478379992,23779.463677300348,1
2962,180,461.2505592346191,22631.138830566408,1
2963,180,462.93898081382105,177285.89636005147,1
2964,180,475.0623359935261,381920.8074028505,1
2965,180,477.27608859154486,2615957.687547253,0
2966,180,477.5857843017578,67682.66171875,1
2967,180,477.9133688436972,101581.17116237331,1
2968,180,478.2344748757103,59398.0175855232,1
2969,180,478.2742136174982,403864.2249006792,1
2970,180,494.1354210417177,126072.98370458013,1
2971,180,499.1512880067568,20733.0248330606,1
2972,180,502.3252647662985,34368.70615623737,1
2973,180,506.2165694081639,867766.6056743003,1
2974,180,507.23592546251086,17276.773776584203,1
2975,180,507.73050192128056,23394.970445715862,1
2976,180,508.2507211785567,12061.196456106083,1
2977,180,516.2457855224609,51253.98004150391,1
2978,180,517.1623937728557,17842.994112055352,1
2979,180,530.764273071289,37127.25101114909,1
2980,180,531.2643664129849,20884.510754815463,1
2981,180,540.006924437436,2096162.6380178723,0
2982,180,541.1721229193694,621194.1195168241,1
2983,180,541.2447435783617,17473.227306019176,1
2984,180,547.3102416992188,30388.87354373932,1
2985,180,548.2463491011639,31434.761238798805,1
2986,180,548.7467420423353,15238.26298894109,1
2987,180,558.2688073730469,42938.938616333005,1
2988,180,559.2555793313419,20970.829087201288,1
2989,180,562.3023457845052,118404.3323038737,1
2990,180,563.3035518761837,36795.53932883523,1
2991,180,576.2828428206906,72285.69877772177,1
2992,180,577.3237852349587,2612195.6540870783,0
2993,180,580.3116994458576,571595.1427654887,1
2994,180,581.3147359708461,153729.85262391626,1
2995,180,581.3663783929287,16453.919001652645,1
2996,180,582.3162508877841,15095.894287109377,1
2997,180,586.2784932454427,226245.27703179253,1
2998,180,586.2839775085449,105322.68299102785,1
2999,180,586.7819393382352,65402.5184469784,1
3000,180,587.2828039220861,68263.99573743665,1
3001,180,590.2953476324315,59242.207876810215,1
3002,180,595.2857848210122,96148.50134823928,1
3003,180,595.5376829267739,2429466.496445271,0
3004,180,595.7868402654475,60173.73888235381,1
3005,180,596.2870164954144,32302.23889160156,1
3006,180,599.3781191507975,150317.51668294272,1
3007,180,600.3823815917968,45882.15937713623,1
3008,180,655.7902180879223,1400351.9830417186,1
3009,180,657.4248801240498,1096711.914675014,1
3010,180,659.3326788433527,100974.05045751798,1
3011,180,659.8342153511795,73106.24419806985,1
3012,180,660.3339113981827,36935.87897060229,1
3013,180,663.3483289930556,124666.21858723958,1
3014,180,664.3512915634527,35676.903743092604,1
3015,180,670.2889835133273,17886.91565659467,1
3016,180,676.3520195539608,118788.46284236464,1
3017,180,677.3531372070313,32041.3505632673,1
3018,180,687.3125305175781,66748.69661865235,1
3019,180,688.3034871419271,36163.81865946452,1
3020,180,704.2754313151041,28379.418688964844,1
3021,180,705.3247790214343,111175.9715576172,1
3022,180,706.3247375488281,34701.79672932625,1
3023,180,719.2874541411529,28365.07954695418,1
3024,180,727.3470972234553,113233.68041992188,1
3025,180,728.3501063755581,39418.08330354237,1
3026,180,729.3524483816964,18586.668562868665,1
3027,180,729.9193824381628,1244288.0869545827,1
3028,180,744.4107687224279,1878556.234533312,0
3029,180,770.3073957170759,20482.57032906669,1
3030,180,792.3915499173678,39782.41628402319,1
3031,180,807.3935394287109,55980.302096557614,1
3032,180,832.3722583667652,28986.4151842272,1
3033,180,856.3901348691998,22399.9550744259,1
3034,180,859.8201141304879,2125973.401231937,0
3035,180,864.5649314324269,111707.27240268384,1
3036,180,867.7734672426326,978656.5009698772,1
3037,180,905.493989840974,1364781.2631827395,0
3038,180,916.1492753185728,425484.2924802452,1
3039,180,921.4335278962787,39687.83624588816,1
3040,180,932.8386097669068,211764.1398142004,1
3041,180,943.1845129851416,2068868.478063608,0
3042,180,952.622483921922,812529.686559157,1
3043,180,954.057819845209,1661741.8624856346,0
3044,180,983.3475777193704,602630.6669971102,1
3045,180,985.7604029127208,1951497.1505052808,0
3046,180,995.2706581034904,833066.9412019886,1
3047,180,995.5009354724696,315812.5697171755,1
3048,180,1008.0998394114002,8995.38803824758,1
3049,180,1049.4926045735676,32439.877549913195,1
3050,180,1056.7656461285774,27740.6172513112,1
3051,180,1065.3824352260992,533815.2371325584,1
3052,180,1130.7915376543665,1430211.942692506,0
3053,209,101.07123374051824,48603.3230851994,1
3054,209,102.05458060644006,398675.03757162334,1
3055,209,104.0530685318841,29148.444229125977,1
3056,209,110.07113605231817,108834.50127453118,1
3057,209,110.61948767873024,542285.199949002,1
3058,209,112.08729223477638,69137.17121395822,1
3059,209,113.07089252120878,32755.420640190685,1
3060,209,115.08681077486732,70359.95680435249,1
3061,209,116.0708661710835,75361.14111760109,1
3062,209,120.08226840496064,253163.84432544708,1
3063,209,121.08447118748956,29169.548897809524,1
3064,209,127.08712626392057,47132.815213315975,1
3065,209,129.06629051700716,46355.94912670505,1
3066,209,129.10510730989836,239828.557703792,1
3067,209,130.05008462104655,104439.6850763484,1
3068,209,130.06599293139158,11068.95909884152,1
3069,209,130.08940949647322,70970.74674899942,1
3070,209,130.10605057426122,19648.92825035427,1
3071,209,136.07430135966925,147725.60670966344,1
3072,209,141.068034019843,27132.4624010142,1
3073,209,141.10249322605884,23076.383551759045,1
3074,209,143.08193234631614,14899.57075907018,1
3075,209,143.1172518280864,44780.84015662474,1
3076,209,147.11169361747434,94855.72308023737,1
3077,209,155.08232353307025,35168.039773210694,1
3078,209,155.11667319455762,11722.691036247768,1
3079,209,157.09649741181434,32513.17826248584,1
3080,209,157.10852320792745,22112.44407911261,1
3081,209,157.13295066031964,17549.85760569294,1
3082,209,158.09157606336805,161515.57189938016,1
3083,209,159.0757839695937,30701.254548818888,1
3084,209,159.09216132530798,18635.95919433007,1
3085,209,159.11228989966122,18336.2038382542,1
3086,209,167.0864066864525,11483.44763264576,1
3087,209,169.06168788188214,31799.917835648,1
3088,209,169.09646997219178,26314.61037119424,1
3089,209,169.13309174104762,59225.11760985729,1
3090,209,171.07578497817835,35886.52592503656,1
3091,209,171.11215695467862,15060.822007202903,1
3092,209,171.1489091821619,48355.34148855467,1
3093,209,173.09188834948418,23786.44796612079,1
3094,209,173.1284290751473,29759.85176849365,1
3095,209,175.116924915035,337766.580556977,1
3096,209,176.12245705233042,26552.22739508449,1
3097,209,181.0962963473412,12715.598960925689,1
3098,209,183.1126371996984,18252.45987919784,1
3099,209,183.1489474388861,23398.38102832917,1
3100,209,185.09131329680145,10846.29339306975,1
3101,209,185.12846321371657,19963.577856414948,1
3102,209,185.16504283189207,109371.49415978685,1
3103,209,186.088684395568,23210.86997711495,1
3104,209,186.12411059211283,46637.97098432429,1
3105,209,186.1684397163121,17717.650314094328,1
3106,209,187.07116944944704,76720.26444710075,1
3107,209,187.10786392777047,26895.482756381563,1
3108,209,187.14425691645195,255347.6055860993,1
3109,209,190.09700388451145,90023.48638084099,1
3110,209,197.1283260345459,45373.46485822466,1
3111,209,199.07099170039817,23307.12745205792,1
3112,209,199.10749359130853,14063.735829777188,1
3113,209,199.1817074693399,52993.360712506445,1
3114,209,200.1387465904499,25121.97233818317,1
3115,209,201.1238656213441,64507.41323420723,1
3116,209,204.13404323032924,35687.5380393328,1
3117,209,210.6028886652317,36941.54763212658,1
3118,209,211.1441951442409,15986.985724861555,1
3119,209,212.10340446825847,28096.92519666659,1
3120,209,213.0868346199157,11481.568452824991,1
3121,209,213.1581562929933,43632.06268785585,1
3122,209,215.1056078625964,18446.38286560852,1
3123,209,215.1380334726382,179566.73048296923,1
3124,209,216.09745737880567,46411.08005379205,1
3125,209,216.1427419676003,33183.80856631664,1
3126,209,217.08284611855785,92166.63013368013,1
3127,209,217.1129883986253,35291.65621519089,1
3128,209,219.6081926837657,35689.23280228909,1
3129,209,226.08225566319047,46892.1299849374,1
3130,209,226.1179607976092,23900.44409829857,1
3131,209,227.10312705816224,22138.32279583465,1
3132,209,228.1321938832601,25401.83105802536,1
3133,209,229.1173460218641,32497.952458699543,1
3134,209,231.11274943094767,54636.41931161481,1
3135,209,240.1338088592189,28314.46470874659,1
3136,209,242.11738325674324,37536.05886473837,1
3137,209,242.4081175463513,626738.6570727527,1
3138,209,243.1335299544232,135358.68870118354,1
3139,209,244.0924921955554,30862.027673944,1
3140,209,244.1337011882237,23590.95382612092,1
3141,209,244.1650551650931,29576.38359097951,1
3142,209,249.1233559210864,55681.639958551255,1
3143,209,251.1119536271332,40050.5647760486,1
3144,209,251.1497182148259,15001.608162205392,1
3145,209,258.1453942918592,30081.76239182884,1
3146,209,259.10794155077,39972.95109084557,1
3147,209,260.19638851819286,32955.92782799466,1
3148,209,261.12624994470684,51172.703879485976,1
3149,209,262.1531582110324,32509.793121920902,1
3150,209,263.13752449083626,21041.404646579573,1
3151,209,268.1377396233338,17922.29724362476,1
3152,209,269.124027139093,81340.00983891654,1
3153,209,272.1702642267401,11112.470205457284,1
3154,209,276.15499538845484,26151.384851538474,1
3155,209,277.1174285888672,29705.855727790386,1
3156,209,282.6611457528158,199991.5495717618,1
3157,209,283.16417946471006,54899.406280981726,1
3158,209,284.12887430747656,45295.17733135298,1
3159,209,286.1499509364777,67890.0247373975,1
3160,209,287.1506155435141,36765.07586085332,1
3161,209,288.20318812949984,25624.09838134167,1
3162,209,289.457047761187,1044570.4867433986,1
3163,209,292.64294015332524,43359.25206264747,1
3164,209,297.6347634294908,37571.53460034707,1
3165,209,298.12746855637124,68153.22693328858,1
3166,209,301.64812586614204,53408.98085408191,1
3167,209,302.2847115294832,546478.65667183,1
3168,209,303.6346617497104,111435.52803323547,1
3169,209,304.1340652777224,43415.991233358574,1
3170,209,304.168888373663,22366.827838257654,1
3171,209,305.1612499125229,250921.21575818388,1
3172,209,306.16317352691254,46057.37666776583,1
3173,209,306.63897651223573,88915.90512443992,1
3174,209,306.6411402605582,135638.01873337012,1
3175,209,307.13730509440103,46651.020992024736,1
3176,209,312.30120957744646,1027523.547808218,1
3177,209,315.6453994083083,100058.70654769536,1
3178,209,316.14727892194475,36605.96963628133,1
3179,209,317.63206160261825,46919.48730848158,1
3180,209,321.6458530970982,40973.13712262835,1
3181,209,322.18722595762245,1068648.492241145,1
3182,209,323.1902965867376,168806.21229645144,1
3183,209,324.19229467431984,28339.126554409107,1
3184,209,326.63758472850844,72333.42773899205,1
3185,209,327.135272286155,32047.354003386063,1
3186,209,335.150036501417,72752.01049565333,1
3187,209,335.6448433819939,61168.498690997854,1
3188,209,341.2488215617375,884300.7096952585,1
3189,209,344.1547560691833,67458.0567663908,1
3190,209,362.1743238539923,35184.29481470017,1
3191,209,365.4635603277936,1460339.2399442466,1
3192,209,369.18641414198765,39789.30709200127,1
3193,209,371.1832896576831,36406.11608886719,1
3194,209,378.78960881511,523667.395757832,1
3195,209,379.6920195326293,43186.9248398603,1
3196,209,380.1918629466237,23588.9708337317,1
3197,209,386.2125617133247,33063.63452826606,1
3198,209,387.19737414924464,51087.84253747122,1
3199,209,399.0154612278622,434758.3876242178,1
3200,209,403.0244427201414,202060.9497734428,1
3201,209,404.2253025364232,36975.47926635742,1
3202,209,416.1920995445891,77138.43890125125,1
3203,209,433.2179604365908,135187.1802225047,1
3204,209,434.2069005792792,72904.83598022461,1
3205,209,438.2085789271764,44647.32039334093,1
3206,209,439.210507892427,47162.62074515933,1
3207,209,448.5892370306232,1408368.566750204,1
3208,209,451.2292213796456,1032246.7335461768,1
3209,209,452.2322463989258,209834.9290112813,1
3210,209,453.2337730205165,36117.65204252395,1
3211,209,462.0978496442765,688906.7777280845,1
3212,209,463.215060266401,452441.50999292446,1
3213,209,470.5124474850445,429013.0000845679,1
3214,209,473.2462737028264,71465.84892272949,1
3215,209,483.23075314083616,244419.7053866,1
3216,209,484.2162027891517,84602.10720716757,1
3217,209,484.223647899842,113265.18677555042,1
3218,209,501.2419129448968,381981.6165721996,1
3219,209,502.24354579306055,98330.21968248156,1
3220,209,523.8937743003685,879961.3852461405,1
3221,209,547.2890052663414,62815.00771863733,1
3222,209,558.2637231065819,59102.51750523068,1
3223,209,564.3136695879039,1511849.1095375768,1
3224,209,565.3165644194904,421613.4987578403,1
3225,209,566.3168048767382,71074.04043973348,1
3226,209,586.2555938720703,54939.60464703696,1
3227,209,602.2887231669295,128994.30680035232,1
3228,209,603.2918296913048,45449.23497524509,1
3229,209,612.2731938901155,67180.45529466712,1
3230,209,617.8553750133813,727295.8731347648,1
3231,209,630.2837959858908,251142.87024180853,1
3232,209,631.2865856376426,80979.95294594666,1
3233,209,642.2864074707031,50799.89505040368,1
3234,209,652.2695623601525,50839.18228416073,1
3235,209,659.3089673367872,183336.17413449936,1
3236,209,660.3117810498487,68106.09110205022,1
3237,209,663.3830955884733,230218.9278849396,1
3238,209,664.3854302077997,90284.49225393828,1
3239,209,669.2934468883815,175348.86590469404,1
3240,209,670.2834925932043,187309.94133102192,1
3241,209,671.2856433285868,59948.82844949356,1
3242,209,687.305028240796,1306269.4253877052,1
3243,209,688.3068610491072,405431.7644567871,1
3244,209,689.3085228031517,88536.78284584763,1
3245,209,697.8008642805383,1403528.4620356888,1
3246,209,720.403991863734,230902.13815431003,1
3247,209,721.4065871652683,93627.08509153262,1
3248,209,729.5476591709933,215302.5998923056,1
3249,209,740.3675787448883,83630.90874468535,1
3250,209,741.3550756611955,68514.95633921491,1
3251,209,758.3773663156792,478657.2312009312,1
3252,209,759.3736768317945,103603.86885276563,1
3253,209,759.382884729377,196964.27136033904,1
3254,209,760.3856096769634,49294.31419091476,1
3255,209,765.9684282520892,605677.2554446262,1
3256,209,768.3647365745054,79257.32898421682,1
3257,209,769.3506733719453,69310.75417457237,1
3258,209,786.3726255355343,461469.3459469375,1
3259,209,787.3743473787486,169165.60134432776,1
3260,209,788.373731870909,58880.62666160996,1
3261,215,101.07127305772568,94035.0922080824,1
3262,215,102.0551625628804,350567.6504580032,1
3263,215,110.07099394962704,191835.8706703186,1
3264,215,112.08729893611029,56622.98718147278,1
3265,215,113.07129863664215,32462.88510725233,1
3266,215,115.05036869521967,191413.46543846445,1
3267,215,115.08694579311994,46159.93760835975,1
3268,215,116.07086653333482,45558.46712905441,1
3269,215,120.0823707161369,164856.85153443474,1
3270,215,121.0844237498748,26070.197394868246,1
3271,215,127.08758077986252,31735.466585951424,1
3272,215,129.06633381903927,64241.51280630892,1
3273,215,129.1043757245376,128497.28388364492,1
3274,215,130.04986444742605,89110.2775127125,1
3275,215,130.08858722348293,58996.30090441807,1
3276,215,136.07519696814575,159409.5873695888,1
3277,215,137.07894803560697,22291.872694044847,1
3278,215,138.09099726359048,98276.9760152944,1
3279,215,141.06645707681145,86800.04332104535,1
3280,215,141.10265995148688,45239.85333464838,1
3281,215,143.08238644707473,44294.513866008674,1
3282,215,143.1170381860258,88572.68091402017,1
3283,215,147.11253348288386,106752.12227990472,1
3284,215,149.04531872962133,199215.16823600736,1
3285,215,155.08268183520715,36562.76612201511,1
3286,215,155.1174683192991,52315.03110137436,1
3287,215,156.10288987676782,120617.68279118136,1
3288,215,157.0966990386846,43173.38060108638,1
3289,215,157.10857984754773,38456.83405138652,1
3290,215,157.13329467773437,88527.74512062821,1
3291,215,158.092084900762,103560.08674595792,1
3292,215,159.07626077988567,141418.32768011515,1
3293,215,159.09177054821606,41683.20776727166,1
3294,215,167.05463564306274,261441.5694912501,1
3295,215,167.08458779074928,38632.2181401632,1
3296,215,169.0968543274762,33886.77543634911,1
3297,215,169.13297992574758,48744.45224238429,1
3298,215,170.04641465116137,142902.34070701836,1
3299,215,171.07522442157452,65070.32229244526,1
3300,215,171.11275900816307,67297.9710720747,1
3301,215,172.10914745226583,52266.22542999351,1
3302,215,173.0920717330999,39682.21521935609,1
3303,215,173.12848222062394,73646.93921140207,1
3304,215,175.11758579351962,274536.2073050546,1
3305,215,176.12312126159668,37768.4556889534,1
3306,215,183.0766121149063,36852.50790500641,1
3307,215,183.11234493532044,925222.5076699188,1
3308,215,184.11536425635927,117218.85080623628,1
3309,215,185.09197386105856,57431.130259762205,1
3310,215,185.12839702919965,151993.175828975,1
3311,215,185.1653263369086,53436.13577464439,1
3312,215,186.0880787408174,66999.3437739415,1
3313,215,187.07116722338128,554206.8100796709,1
3314,215,187.1076764247214,27636.74500475743,1
3315,215,187.1445032755533,283363.8329960782,1
3316,215,188.0747202148437,92942.70945544432,1
3317,215,195.0760694231305,20250.50805791219,1
3318,215,195.11287513875072,35748.942555463094,1
3319,215,197.12861903263973,131748.91480488412,1
3320,215,198.08743603515623,42876.671516479495,1
3321,215,199.1079610936782,15338.373517793769,1
3322,215,201.0877310293692,86489.54674271478,1
3323,215,201.12476414372915,1233350.943235623,1
3324,215,202.1270202753198,162626.4320464389,1
3325,215,204.13425885216665,24432.38031582913,1
3326,215,211.10838298105824,373925.5720846838,1
3327,215,212.10792775673443,63377.84623293357,1
3328,215,213.087391083816,21151.47090632997,1
3329,215,215.11272457189727,100770.20474999413,1
3330,215,215.1382479732984,60916.35572407344,1
3331,215,216.097816426918,38134.43674759638,1
3332,215,223.1077165903536,33459.78972195679,1
3333,215,225.12386713529887,77563.68135201147,1
3334,215,226.1183342367916,16540.774080147177,1
3335,215,228.13401952672888,44529.358438011455,1
3336,215,229.1180257295308,139594.14975463465,1
3337,215,232.14166707237445,564185.6909519207,1
3338,215,233.14400246029808,99680.15807437895,1
3339,215,240.1342503715964,77572.9994902667,1
3340,215,242.15066991300665,130001.307149936,1
3341,215,243.1335784496904,44456.26753380185,1
3342,215,244.0925645862926,273236.2677814969,1
3343,215,244.16582611460743,31438.90226100404,1
3344,215,251.1503478740824,70176.03240953643,1
3345,215,254.1503836612573,92723.0810304168,1
3346,215,258.1085097621864,68132.54754645836,1
3347,215,258.14549704960416,43697.40408645357,1
3348,215,260.19590467087767,118446.02116061273,1
3349,215,268.1293081114416,141908.71581578327,1
3350,215,269.12622225224067,52802.03013473356,1
3351,215,276.1554765544954,41169.51527764367,1
3352,215,280.12942235610063,30297.23220721413,1
3353,215,283.14375390625,87694.25165142822,1
3354,215,292.66143381493725,28642.87167071481,1
3355,215,297.1555119810146,68128.69457707967,1
3356,215,300.1550833866514,133518.8759960306,1
3357,215,315.1299834692178,154258.25434542503,1
3358,215,321.17204048264193,62441.08051708383,1
3359,215,325.1512369164286,104309.91078992668,1
3360,215,326.14829566830497,72271.27778275286,1
3361,215,328.1972347844845,71871.62860107674,1
3362,215,343.17011084923377,225957.16956867315,1
3363,215,345.22459644579703,346783.11752992,1
3364,215,346.2269836029449,102065.92668466445,1
3365,215,359.0284524972098,1158193.591583339,1
3366,215,369.1769427131204,82518.7504967441,1
3367,215,382.2088339669364,39242.91015223851,1
3368,215,384.7037448305072,40785.88732652953,1
3369,215,397.1717686971029,179273.88425191244,1
3370,215,399.2336154513889,45255.02659766503,1
3371,215,416.26193881135447,769329.3055485593,1
3372,215,417.2646441575957,239709.1466863679,1
3373,215,428.2141351187101,46545.91784479285,1
3374,215,444.226263901283,54541.21619178509,1
3375,215,444.25246385306366,58159.69213602365,1
3376,215,444.2883524437473,419838.82460385154,1
3377,215,454.1929772824657,78650.52474204861,1
3378,215,466.3371891280021,350541.70079548,1
3379,215,473.284992659173,1205786.4020131428,1
3380,215,474.2870201498775,327145.17873576534,1
3381,215,512.6127454321359,706523.7141013998,1
3382,215,527.2934750643643,93960.22268253673,1
3383,215,545.3046548594599,177970.4202889484,1
3384,215,546.3067232867865,92352.08832718256,1
3385,215,584.3150010382992,70760.379913067,1
3386,215,602.3260052020734,189426.2653793922,1
3387,215,603.3283800397601,95478.71925525276,1
3388,215,624.3106726604959,57607.12802668032,1
3389,215,641.3361017191185,96323.39855997336,1
3390,215,642.3255119502825,92406.3593897215,1
3391,215,659.3475508542405,1573014.8217114713,0
3392,215,660.350343976702,630254.6884205125,1
3393,215,661.350991997837,184440.66625018948,1
3394,215,758.4150138820768,63767.14024941483,1
3395,216,101.07093138206662,18360.345597695177,1
3396,216,102.05490980587246,60119.66203467716,1
3397,216,110.07100775824652,35586.48371120877,1
3398,216,116.07076712215648,12541.374008403103,1
3399,216,120.0826178284648,115393.2378259632,1
3400,216,121.0844955444336,24532.592305377013,1
3401,216,129.06627437768392,11856.360323962786,1
3402,216,129.10354277375455,146762.50860516436,1
3403,216,130.04998106115005,6353.646708432366,1
3404,216,130.06747876680814,13389.062360629056,1
3405,216,130.0876602759728,101634.28411772312,1
3406,216,130.10627161470572,13273.788374843454,1
3407,216,133.0867839551154,170511.46637843765,1
3408,216,136.07529087724356,42766.74669459771,1
3409,216,138.09083124660552,39408.15835302016,1
3410,216,141.0659337926794,9626.01141556987,1
3411,216,141.10270146723394,11680.145285973182,1
3412,216,143.11724329706448,28944.519243373208,1
3413,216,147.1116627838652,201078.5704911442,1
3414,216,148.11604458678002,17699.01695787517,1
3415,216,155.08267923128807,10211.210308915475,1
3416,216,155.117250121466,27666.71851405531,1
3417,216,156.1025729002776,31147.788448192456,1
3418,216,157.13322541207978,21052.626889500472,1
3419,216,158.0918035586018,12457.945598066346,1
3420,216,159.07592348845108,10529.09771753394,1
3421,216,159.09124130343798,18583.357610548504,1
3422,216,169.09629717443744,11193.73397815737,1
3423,216,169.1335001858798,19247.675159187027,1
3424,216,171.11258181058443,12766.370519608718,1
3425,216,173.12869673165662,22968.34696624711,1
3426,216,175.11813892565274,42232.58865561234,1
3427,216,183.1124671459198,377353.8663617134,1
3428,216,183.1482471080309,23520.9764470304,1
3429,216,184.1155584316061,38599.26957615939,1
3430,216,185.1284769937664,21313.46310938761,1
3431,216,185.1648729040268,41286.58501466792,1
3432,216,187.1077595792076,17856.833697326423,1
3433,216,187.1443277994792,28695.02645316699,1
3434,216,197.1285011077596,29359.57657529149,1
3435,216,199.18167350828185,132948.54341746485,1
3436,216,200.18409342161365,19610.86507801271,1
3437,216,201.12405232685367,284367.7827093078,1
3438,216,202.12672608060987,32468.782921836013,1
3439,216,204.13352751731875,21025.584855675697,1
3440,216,211.1076823481807,68348.02463166979,1
3441,216,211.1439757544147,13401.56545516085,1
3442,216,213.15856176959585,19437.293263553587,1
3443,216,215.1384713979868,52966.86580839891,1
3444,216,225.12327005029687,13262.08780211162,1
3445,216,227.17519639942745,110751.60031676618,1
3446,216,228.1347024705675,11894.445381182211,1
3447,216,228.1709867710805,37739.321932056286,1
3448,216,229.1176512324096,71137.41685470197,1
3449,216,229.15345195695463,11843.842534345738,1
3450,216,242.15014842912265,16126.119070614086,1
3451,216,243.1336615240208,110521.54773584568,1
3452,216,244.135771724156,17974.944156074525,1
3453,216,244.1652106277081,17895.18631167372,1
3454,216,246.1815812967592,310128.01037965546,1
3455,216,247.1845161036441,40715.577155775776,1
3456,216,258.14508471442656,14754.418825168052,1
3457,216,260.19640114193874,27864.160473959782,1
3458,216,296.1965304129464,25453.75218985421,1
3459,216,301.19811791109754,59602.07358840575,1
3460,216,324.19163923761454,72350.50826168443,1
3461,216,325.1929780235586,18115.052521047663,1
3462,216,342.2031720876694,43170.11387580633,1
3463,216,356.2177756762413,115336.0515054828,1
3464,216,357.2132803780692,262103.27686538696,1
3465,216,358.21550476374887,48799.56906894627,1
3466,216,375.2241902254066,164886.85577639105,1
3467,216,376.2269022741983,35817.82763926927,1
3468,216,427.2915481346241,23786.283815064293,1
3469,216,437.2752456054688,23345.139223632814,1
3470,216,455.2864577349495,27992.2192475426,1
3471,216,488.3079682897349,317460.5841968474,1
3472,216,489.3109722408638,88585.68109964307,1
3473,216,502.3506201936272,196463.1998966448,1
3474,216,510.380668301348,19020.09850692981,1
3475,216,584.6824164332803,180850.26372213435,1
3476,216,601.3916118019506,265153.29024425306,1
3477,216,602.3943873603563,94956.03802055324,1
3478,216,697.188312022614,136283.3188247615,1
3479,222,120.0844858066818,284997.23692393245,1
3480,222,121.08450343510876,32974.580917149375,1
3481,222,129.10324326060177,32249.065654056525,1
3482,222,130.06536935121957,14908.954873820298,1
3483,222,130.0888389560819,13504.729212465189,1
3484,222,136.07470641473327,42106.12904383599,1
3485,222,143.1174606078449,21167.18438410632,1
3486,222,147.11225099334192,20775.172394952413,1
3487,222,157.06139352227336,8239.925369014847,1
3488,222,158.09198866624098,11175.843336761916,1
3489,222,159.0912724884463,39407.83005642958,1
3490,222,160.0942091667789,6368.664023166415,1
3491,222,169.132837196306,10766.603715984807,1
3492,222,171.1125114116263,10250.51913009045,1
3493,222,173.12837716036066,14885.829456728556,1
3494,222,174.08775851779515,7111.786645899879,1
3495,222,175.11703730715982,51403.023153039474,1
3496,222,183.11223109081536,7589.858466369938,1
3497,222,183.1491137345632,12505.180005734166,1
3498,222,185.09127304673865,6750.876163717089,1
3499,222,185.1283380126953,13213.328117436,1
3500,222,185.165528641056,17237.206545308534,1
3501,222,186.0877699941959,9592.10354063646,1
3502,222,187.0880607649081,8584.529786534393,1
3503,222,187.1079786682129,10601.412875318529,1
3504,222,187.1451350930743,21470.69366455078,1
3505,222,191.1158473479442,97758.18597392549,1
3506,222,192.1227373467117,12479.762015220767,1
3507,222,197.1286109991833,10736.216147804682,1
3508,222,201.1247288236682,23664.213844660942,1
3509,222,202.08351057666843,6795.542962232687,1
3510,222,213.08721790225823,12975.382149744692,1
3511,222,213.1568303158409,8945.133800175316,1
3512,222,215.1374180449872,10659.01000831916,1
3513,222,219.1125177990791,53690.79779956328,1
3514,222,220.11487720393333,8972.803611547006,1
3515,222,226.1169667088708,7819.098984873572,1
3516,222,227.1737931605748,11897.132913900105,1
3517,222,228.1336488560268,8065.040312085833,1
3518,222,229.1161888872268,11176.440831327714,1
3519,222,233.16562112529627,8724.598352641202,1
3520,222,237.133545032848,10919.3748484074,1
3521,222,242.14944796128705,6820.362426411022,1
3522,222,243.1330552842882,7070.803737167076,1
3523,222,244.1662307388481,7364.83650148326,1
3524,222,254.1633035131248,8368.64467492161,1
3525,222,269.12516413149626,5987.147583016105,1
3526,222,287.1345051090892,8360.830542928805,1
3527,222,304.16351351895173,7927.35118884132,1
3528,222,333.1545104980469,8413.757370522351,1
3529,222,400.2176170797909,11273.449215563604,1
3530,222,417.2461036233341,26179.035453755587,1
3531,222,418.2489033913126,7979.607954453449,1
3532,222,443.9833112027708,55299.00363974361,1
3533,222,455.2346681804326,6960.928480247541,1
3534,222,511.3891537030218,56922.305894292826,1
3535,222,516.3133613308605,31841.129851354603,1
3536,222,517.3151002687829,10230.334843590996,1
3537,222,632.3470278370137,11073.5641786225,1
3538,222,640.8580669228961,66826.03279436674,1
3539,222,650.2561531408307,57931.15501837032,1
3540,222,667.3144090958224,19113.975633067937,1
3541,222,684.3745557158238,59284.66974890611,1
3542,222,684.8757224046547,44877.71120866382,1
3543,222,699.9905293013035,30097.328476083683,1
3544,222,702.3926086425781,19010.6711388773,1
3545,222,732.3907126733812,19906.618051755227,1
3546,222,732.8856342200077,42102.26994196574,1
3547,222,733.3863192689186,29972.50564180261,1
3548,222,738.3522690753548,10481.003370937036,1
3549,222,741.3956600879239,212869.12169201951,1
3550,222,741.8968832526408,175591.7985723791,1
3551,222,742.3964514094878,97722.00420971222,1
3552,222,767.909797014509,8208.638353969029,1
3553,222,768.4046722830159,29364.93599056436,1
3554,222,768.904596346561,24556.6696835099,1
3555,222,776.9142757078417,121527.43313038106,1
3556,222,777.4155624718975,104131.52623831113,1
3557,222,777.9158868742227,56554.39474016635,1
3558,222,815.4756099400895,29399.55186851016,1
3559,222,822.1304262113272,23494.259680886404,1
3560,222,839.095949110761,35269.52767951308,1
3561,222,885.4239718885307,11772.807146325167,1
3562,222,987.5888088151208,236305.52112661928,1
3563,222,998.506583801003,14732.546813281862,1
3564,222,999.5097428722496,10092.389586409168,1
3565,222,1027.5549741210937,33263.73837094116,1
3566,222,1077.1317207784527,47062.57309378177,1
3567,245,104.64382211063528,162591.4595350871,1
3568,245,110.0712006326784,38318.18512421445,1
3569,245,113.98298326451386,289136.713432625,1
3570,245,120.08377832565864,340545.32404967817,1
3571,245,121.08441618985908,35669.077332163964,1
3572,245,129.1035004303235,67894.56010516953,1
3573,245,130.08752622102438,32596.000854226582,1
3574,245,136.07505805404097,62379.645941169176,1
3575,245,141.0661055131392,6743.676217599349,1
3576,245,141.10281734143274,14346.980973607402,1
3577,245,143.11706515623248,27260.4395840638,1
3578,245,147.1116781702953,41974.75139225176,1
3579,245,155.08275854232463,9312.231628251582,1
3580,245,157.096032610411,14602.985020660177,1
3581,245,157.1330899884624,16215.978142155756,1
3582,245,158.092653250187,10464.785932553068,1
3583,245,159.07633379209844,9673.494758294652,1
3584,245,159.09130203963926,20787.13925591731,1
3585,245,159.11201382860725,22765.647684581487,1
3586,245,167.08532068589153,8533.442873444277,1
3587,245,169.09670616598692,11689.58418957626,1
3588,245,169.1330552467933,13283.479700634112,1
3589,245,171.11253308820295,9631.861847840988,1
3590,245,173.0918123005518,14825.448981827074,1
3591,245,173.12858520507814,22949.145552235444,1
3592,245,175.11752880383335,34290.87128349134,1
3593,245,176.10780706506736,118988.4263888686,1
3594,245,177.10715965237387,16984.12858964483,1
3595,245,183.11269951632704,11034.343154064623,1
3596,245,183.1492034354711,14445.246536548824,1
3597,245,185.0919103207796,10323.753526705244,1
3598,245,185.1283794440845,13347.579801878126,1
3599,245,185.1652925797092,15593.95711015927,1
3600,245,186.090658067148,18698.15430044424,1
3601,245,186.1241280963312,16671.454135693948,1
3602,245,187.10802812984485,13822.811233639251,1
3603,245,187.1444552011758,14850.102156608458,1
3604,245,197.1284930330493,17226.48769714981,1
3605,245,199.10807176505995,5665.358684328367,1
3606,245,199.1813295682272,23498.5183814317,1
3607,245,201.12389062772127,27585.00634442773,1
3608,245,203.1129329427084,11116.456314581765,1
3609,245,204.13399160089463,38462.57872463722,1
3610,245,207.1123451368343,22857.7313634658,1
3611,245,211.14542229431493,11175.126884650375,1
3612,245,213.0870534682415,13003.824310048798,1
3613,245,215.1378396186687,15295.904300693242,1
3614,245,221.1285910304589,129188.5417036218,1
3615,245,222.1310679726972,24216.187402379728,1
3616,245,226.1179171130432,12690.040162499272,1
3617,245,227.17443258551103,12842.545875464812,1
3618,245,228.1339194479953,8622.514740765764,1
3619,245,229.1169476455517,12070.172655030585,1
3620,245,231.1129633585612,30241.56197820288,1
3621,245,233.16504823593863,13074.822954555351,1
3622,245,235.1104049231174,14284.366165539215,1
3623,245,244.16589081593048,16790.828895297418,1
3624,245,249.12358433340304,47927.4633457374,1
3625,245,251.14994519627737,12334.49212288571,1
3626,245,260.1964976854917,11100.315855112452,1
3627,245,261.1555670824918,82484.08978086169,1
3628,245,277.40371525608134,268447.5725148039,1
3629,245,374.237995801051,57222.175093192425,1
3630,245,436.3778699967176,7311.529938801163,1
3631,245,473.3085128179206,37025.98201365198,1
3632,245,588.3346106384515,63334.60359638674,1
3633,245,593.2320151567112,65303.27640434715,1
3634,245,638.0294422347577,48771.65289233426,1
3635,245,641.3947897272297,146662.0003398419,1
3636,245,719.3745790044945,155459.60454661012,1
3637,247,101.07083002377864,8627.149510799041,1
3638,247,101.10784909656194,11024.90157576926,1
3639,247,102.05516028756578,27627.987981345264,1
3640,247,103.0548999910432,95417.30159900634,1
3641,247,104.05686440110024,7561.462292634692,1
3642,247,107.04970960156,6610.525820084201,1
3643,247,110.07092434250714,214647.89323026044,1
3644,247,111.07387238210816,12586.19212939579,1
3645,247,112.08729763825734,5336.950508475304,1
3646,247,115.08696946133388,5018.411158863079,1
3647,247,116.07093354872056,3450.082053818069,1
3648,247,119.04949723520586,13877.069781990462,1
3649,247,120.07093962326266,6447.018676887491,1
3650,247,120.08427253681776,735349.041530293,1
3651,247,121.0845790578608,79027.8354017358,1
3652,247,128.07091138116243,8714.757995052996,1
3653,247,129.06617145841085,3180.327504306369,1
3654,247,129.10327181806622,205141.1428627636,1
3655,247,130.05008932984904,4051.462718775243,1
3656,247,130.0716966233812,5304.390409342448,1
3657,247,130.08739102321115,59483.70485406173,1
3658,247,130.1056164953993,13428.165263062314,1
3659,247,130.6393711454824,142603.61208638278,1
3660,247,130.64528798448262,570070.4709763103,1
3661,247,131.0495209753266,4143.304062934338,1
3662,247,131.0891713303786,4556.441256385217,1
3663,247,136.07430549458954,167895.303962156,1
3664,247,136.53660676009167,50185.00644646578,1
3665,247,137.0789632040357,16130.173493763758,1
3666,247,138.066374449799,11496.194389332204,1
3667,247,139.08672540494712,6250.744163664261,1
3668,247,141.06589177990637,4254.640801828804,1
3669,247,141.1024200392575,16192.643641452818,1
3670,247,143.11767795221593,6073.576025055676,1
3671,247,147.11242311651057,73724.15579814359,1
3672,247,148.11610490847858,5739.458934410469,1
3673,247,148.17482280238255,687534.6424811945,1
3674,247,150.06100223622423,5608.432875937604,1
3675,247,155.08192048086556,5327.73870260365,1
3676,247,155.11739021583838,13549.790124624747,1
3677,247,156.0766388537837,3760.4270886439904,1
3678,247,157.09370343302197,10184.478665524814,1
3679,247,158.0926216078101,4737.032036017187,1
3680,247,159.07464301777395,5230.19378862024,1
3681,247,166.06205904357782,104245.17722087482,1
3682,247,167.0648640950521,7230.105989438011,1
3683,247,169.09704682775472,7209.1882184971055,1
3684,247,173.12891552208714,20218.828769300544,1
3685,247,175.1188051018921,25126.739972903302,1
3686,247,181.06128312677023,4717.145813565805,1
3687,247,183.1126291596193,11519.147013792057,1
3688,247,185.0922155661661,20479.318057175933,1
3689,247,185.57336343054104,529499.0477191692,1
3690,247,186.1239657831418,29672.09672186612,1
3691,247,187.107970612482,14180.878047405542,1
3692,247,195.1129604861033,6479.336529011349,1
3693,247,197.12871021127955,6011.337863575329,1
3694,247,199.10809243454105,64167.48335652423,1
3695,247,200.1109617975832,5268.096912214168,1
3696,247,201.12396048673816,73327.3851143643,1
3697,247,204.1323853496155,138306.76118879422,1
3698,247,205.13789092377348,13403.027157336684,1
3699,247,206.595185558776,5981.679083247703,1
3700,247,209.1037623464884,24200.996605462773,1
3701,247,210.6053663495161,31915.83903788337,1
3702,247,211.107521449638,12241.284801446356,1
3703,247,215.600746116828,7490.991636532456,1
3704,247,222.12393089393515,4631.226625913149,1
3705,247,223.107954250546,4408.893386540451,1
3706,247,224.60620125683485,17954.207790162356,1
3707,247,225.1044947400856,4948.589832235003,1
3708,247,226.11859978019416,8156.999755091481,1
3709,247,227.0666318507185,6578.383027492834,1
3710,247,227.10302788434709,47974.41602416992,1
3711,247,227.31636214980583,449310.7308891671,1
3712,247,228.02225457117967,518179.90349008393,1
3713,247,228.1133576313381,56690.79690336772,1
3714,247,229.1171008518764,9546.652426365445,1
3715,247,235.1178500190456,22102.40112431511,1
3716,247,240.11345584304243,6642.692406371788,1
3717,247,240.13438863674887,33117.296790541426,1
3718,247,244.1294842321896,11783.955113025158,1
3719,247,249.0978686655168,26338.243313686453,1
3720,247,250.1149341520716,5398.749028790583,1
3721,247,251.15077625243475,27952.2347898977,1
3722,247,256.1082845052084,6659.38853349782,1
3723,247,257.06552916431866,439350.3784296574,1
3724,247,258.1451331104457,12819.385578786048,1
3725,247,260.1971338244452,9061.375451074133,1
3726,247,262.1329922296305,8753.695764997365,1
3727,247,263.1252564114005,20708.717357466176,1
3728,247,268.1362209177374,60464.35531698023,1
3729,247,268.47077271227994,25682.533318353613,1
3730,247,268.80500422583685,6719.0765500068665,1
3731,247,271.6545150100544,21631.334118750787,1
3732,247,273.1344349328491,129722.87005212076,1
3733,247,274.13793725585936,19147.24030678304,1
3734,247,276.1554509943182,4819.520788052381,1
3735,247,280.13810066554856,7790.002255149509,1
3736,247,283.1439805483392,15757.155384877033,1
3737,247,284.1036769900702,118630.65833993928,1
3738,247,285.1065849983255,18824.42870684319,1
3739,247,288.2033782034209,24564.06707407633,1
3740,247,288.6533559734902,7818.576682410079,1
3741,247,294.182446340138,17858.976054458937,1
3742,247,299.11424255371094,4647.861343188877,1
3743,247,300.1372234460079,4923.223227905504,1
3744,247,301.1111921658826,7142.944928243064,1
3745,247,301.12957288254853,273732.6151005591,1
3746,247,301.1490967113119,10612.141045881675,1
3747,247,302.1328823161575,43604.24377301055,1
3748,247,302.8725601743417,6899.919196748164,1
3749,247,307.8185313905266,8882.248679487395,1
3750,247,308.1515350341797,5547.486289845572,1
3751,247,312.6945130853539,125278.3178927357,1
3752,247,313.1517239103738,15059.90372412166,1
3753,247,313.1897708088362,81692.58578587227,1
3754,247,313.2341313873608,7051.054621396181,1
3755,247,313.675323563981,75117.2717456769,1
3756,247,313.8226252879526,64793.93068519463,1
3757,247,314.156828108288,32102.0889992714,1
3758,247,314.1732235679144,14953.677253369038,1
3759,247,314.49129680323165,7518.478468086463,1
3760,247,316.77608919109423,272696.06598111184,1
3761,247,319.1619916438496,56013.66275388402,1
3762,247,320.16456918155444,6916.083929566776,1
3763,247,323.3479356970903,631399.9974697188,1
3764,247,337.1872972178997,7486.003528226817,1
3765,247,337.6534684827046,12069.518754257737,1
3766,247,344.1693579667451,28011.33737653517,1
3767,247,344.6709185930019,8452.756964341948,1
3768,247,346.1512379196455,11074.41472559755,1
3769,247,351.16651188975146,4198.080798442857,1
3770,247,353.174866602971,8306.9963757625,1
3771,247,355.1975349174751,24191.15267452303,1
3772,247,356.2019355002414,5968.444700491116,1
3773,247,362.1736177972784,8556.93455625364,1
3774,247,362.5032226663719,15632.783122352106,1
3775,247,362.83665110764,8344.801072778053,1
3776,247,364.1618473865496,4753.230487589372,1
3777,247,368.17705547759016,59477.09839119702,1
3778,247,368.51147393915,34054.74126026606,1
3779,247,368.6671241186455,6011.273901384189,1
3780,247,368.8459398129112,10454.642768875923,1
3781,247,369.17684001922606,8678.437233924866,1
3782,247,373.17213949955504,17881.4654914679,1
3783,247,382.0748127934466,711447.7758212677,1
3784,247,383.690143557197,18465.76896196945,1
3785,247,384.1903601221292,6836.015630956443,1
3786,247,387.18833156335,7711.322264446035,1
3787,247,387.9808359167733,43043.93144083584,1
3788,247,392.6955533763069,40544.675836724426,1
3789,247,393.19408632914224,19772.03029385673,1
3790,247,393.6930449679229,5356.175691244865,1
3791,247,397.1747475399333,5095.951161427103,1
3792,247,401.7010464586386,266323.91508366977,1
3793,247,402.2023424132493,94037.53847218132,1
3794,247,402.70398106616,21562.660450714026,1
3795,247,404.2089214530042,5370.096622508059,1
3796,247,406.1834125015847,9288.68832156044,1
3797,247,412.1835524404914,7409.09896348511,1
3798,247,415.18340878693954,4140.506800377887,1
3799,247,420.602014730016,634950.2506890896,1
3800,247,427.8319759491909,284199.93542509107,1
3801,247,430.1923206444406,46619.24149018042,1
3802,247,431.1955170745569,8422.195570691076,1
3803,247,448.2029366441952,64675.73091141896,1
3804,247,449.20618678625175,13007.8942124256,1
3805,247,452.2225269854295,7224.429659883332,1
3806,247,456.2455605824789,5782.384538904826,1
3807,247,461.2252809891224,20171.92442430932,1
3808,247,461.7254275915758,10812.423694149951,1
3809,247,466.230554391672,12992.39480375456,1
3810,247,470.2310686417508,49663.34810485644,1
3811,247,470.7321680757656,21091.57429898901,1
3812,247,471.2336726097544,7132.721585413453,1
3813,247,483.93568498540327,588447.9012034232,1
3814,247,484.2048522604387,12478.339338169708,1
3815,247,484.242406428255,25545.80847675753,1
3816,247,485.24421192775264,5192.093315623631,1
3817,247,487.7153605335164,6182.906266410396,1
3818,247,502.2146500767888,12575.82025522799,1
3819,247,508.4788046364727,123644.27929281132,1
3820,247,520.4726344357682,17450.61475378413,1
3821,247,525.2421860061326,30299.07020686223,1
3822,247,527.2266993962281,9645.209083418476,1
3823,247,530.2109994634476,4902.163776818337,1
3824,247,532.6829299624276,334532.10409384395,1
3825,247,554.2466672411152,6153.858795345531,1
3826,247,558.2892661452104,12541.08528481564,1
3827,247,559.235060432466,5530.980908062667,1
3828,247,576.2985744346566,62423.19735588022,1
3829,247,576.301733817763,75108.2439797962,1
3830,247,577.2509747459775,6042.69586231595,1
3831,247,577.3035069931673,18564.537820846905,1
3832,247,581.2567377505095,6659.859806536246,1
3833,247,599.2677392000278,56467.16437619904,1
3834,247,600.2710999946373,17280.611402566723,1
3835,247,607.539363021984,479556.8670175749,1
3836,247,613.1467381746669,568853.3929017204,1
3837,247,619.4139428539978,633777.1675080636,1
3838,247,634.0671527019172,48745.7571901926,1
3839,247,656.2895990672864,13465.408017186744,1
3840,247,669.3231150309244,5988.027461235984,1
3841,247,673.314727440309,5726.513118300992,1
3842,247,674.298224128508,32561.55213501241,1
3843,247,674.3027159182611,30724.964783662806,1
3844,247,675.3040511421535,10299.098505700153,1
3845,247,687.3315546546531,30139.859192131407,1
3846,247,688.3316692366476,9992.65272965839,1
3847,247,695.450351315482,34165.92510773013,1
3848,247,705.3426736991704,83220.72127725005,1
3849,247,706.3422924146549,44281.160674481536,1
3850,247,706.3456032336597,26479.26243937318,1
3851,247,718.3151234902099,5638.848663936599,1
3852,247,736.3274078369141,5540.859556941663,1
3853,247,780.2933431553865,628533.8883881888,1
3854,247,784.3845078913926,5517.755298064786,1
3855,247,785.3721827040983,5783.753015314491,1
3856,247,798.1195961232133,534575.1657742666,1
3857,247,802.3942419079767,28774.984878739066,1
3858,247,803.3963253283626,10101.525527873368,1
3859,247,826.8718694082055,290656.6519589705,1
3860,247,848.0529842347602,520399.8564678112,1
3861,247,856.034012043302,530223.7865882311,1
3862,247,869.0690573554197,413009.63274800446,1
3863,250,103.89627355297084,42641.12473610299,1
3864,250,175.1159505571638,42641.12473610299,1
3865,267,102.05515345820676,11924.418257607354,1
3866,267,110.07141059607116,13638.87194931567,1
3867,267,120.08116043169882,21197.519054748853,1
3868,267,129.1025478581714,18195.00573754766,1
3869,267,130.08656888559045,9270.752004524626,1
3870,267,133.04349126815796,4489.583957672119,1
3871,267,136.07510092531564,19208.848300945647,1
3872,267,141.06594409608005,7431.200581072087,1
3873,267,147.11229859174966,18022.041545081684,1
3874,267,159.0762026468913,15061.166159799364,1
3875,267,171.11263632187115,18153.3857881142,1
3876,267,175.1184359741211,16360.775092964172,1
3877,267,181.0969378948212,6955.930083433787,1
3878,267,183.11275826248468,5416.179166887321,1
3879,267,185.1648857888211,16875.536942192677,1
3880,267,187.07132879504368,60004.57515569188,1
3881,267,188.07464838801204,4955.983235756126,1
3882,267,199.0712950333305,4923.051759388136,1
3883,267,201.12362756863448,12853.26607268293,1
3884,267,213.087229347229,5830.695274734497,1
3885,267,213.15896112146515,15985.693929394643,1
3886,267,215.138697541518,16454.71236160587,1
3887,267,229.118079419406,11960.34247517136,1
3888,267,240.1340789794922,6316.856221905232,1
3889,267,243.1336278660412,18469.30215418148,1
3890,267,244.09264358209103,7635.729220456006,1
3891,267,258.14487979286594,21740.4474493806,1
3892,267,276.15525916466345,12544.650630381657,1
3893,267,286.13853656316206,68965.90532930019,1
3894,267,286.1414441151224,55111.50455692316,1
3895,267,287.14313485458314,9978.44769810472,1
3896,267,298.1039629204329,4941.781088005665,1
3897,267,300.1552879333496,11167.06371972561,1
3898,267,316.1136978611802,9100.67196396264,1
3899,267,371.2293424843556,8366.737534176651,1
3900,267,399.2244269451972,13192.007725488656,1
3901,267,415.18347751947096,9794.75949139654,1
3902,267,418.1748012361072,4752.5523355688365,1
3903,267,436.1859803391525,35178.27449449713,1
3904,267,437.18916381835936,7209.364519095421,1
3905,267,441.1724705849924,7693.192034925733,1
3906,267,479.7410853890835,60593.81670520784,1
3907,267,599.2491371114418,37446.73340073843,1
3908,267,600.2517607212067,11642.882577121258,1
3909,267,670.7253237560838,7382.538374108835,1
3910,267,762.3117823040675,27175.45384758844,1
3911,267,763.3132732157804,11219.047682771878,1
3912,267,833.3494348629287,19077.93093496109,1
3913,267,834.35190553303,9537.719040903865,1
3914,267,947.3907521331364,16858.417046823808,1
3915,267,949.2875658684164,71854.78485137959,1
3916,267,1034.4266441873035,19859.26925038992,1
3917,267,1091.4469398346955,75120.57439593133,1
3918,267,1092.44896914354,39804.83911047409,1
3919,267,1220.489491207499,52388.72011488256,1
3920,267,1221.4900045643683,32445.53523655767,1
3921,267,1333.5716343264608,27842.69300721524,1
3922,273,101.0711565952675,22027.963321199604,1
3923,273,102.05525897516452,31823.415527501464,1
3924,273,103.05459747314453,27651.182920837404,1
3925,273,104.05328468553948,21095.421346953422,1
3926,273,105.19203454558694,766188.6118926774,1
3927,273,110.07142189705726,29797.377370853235,1
3928,273,111.6093523953412,24359.24075171754,1
3929,273,111.72365473841762,20046.006443264247,1
3930,273,112.08721845800228,14193.56207703099,1
3931,273,114.6236203952908,748307.7256529498,1
3932,273,115.0503878152318,14303.859452369456,1
3933,273,115.08687141418456,14059.15506169637,1
3934,273,120.08420542216622,469346.6754694826,1
3935,273,121.08446432414809,45604.879163323785,1
3936,273,125.83394931650678,280110.849266267,1
3937,273,127.0867014443002,11082.295209614824,1
3938,273,129.0659658120448,10092.36557219608,1
3939,273,129.1030056068835,63575.7390279175,1
3940,273,129.42617375854758,373351.0419176709,1
3941,273,130.06591461925973,14479.297219705084,1
3942,273,130.0871208692624,29907.191651688143,1
3943,273,131.22258277224756,185961.17819826823,1
3944,273,133.06100104405328,13584.10322856903,1
3945,273,136.07520700142743,56916.51773810535,1
3946,273,141.10229853877314,8530.39334451181,1
3947,273,143.11772635529792,25622.386465807616,1
3948,273,147.112284178063,45952.46992747956,1
3949,273,155.08177810668946,12811.640246047971,1
3950,273,155.11770242719507,15468.646106868004,1
3951,273,157.1333462617404,15191.740377051015,1
3952,273,158.09220707590987,9211.020117485232,1
3953,273,159.07687267274346,11715.75052674854,1
3954,273,159.09147529381548,18984.79897639104,1
3955,273,165.10227859603776,15908.545672490049,1
3956,273,166.08633358149984,13880.95132527166,1
3957,273,169.09703158636162,8183.384876501821,1
3958,273,169.13350930362515,13400.13930083537,1
3959,273,171.11277883429275,16357.115549991006,1
3960,273,173.0920654714924,12053.622544567335,1
3961,273,173.1285962132965,34289.5321159564,1
3962,273,175.11841642701782,30196.701005882,1
3963,273,177.10271128704952,17103.098264083226,1
3964,273,183.1128199170208,24536.364275169188,1
3965,273,183.14919884039708,56803.24207048264,1
3966,273,185.0919425584612,9893.286804147436,1
3967,273,185.12840434791005,23946.351100161923,1
3968,273,185.16498065816944,49628.24722749964,1
3969,273,187.0713912675965,21566.41946050131,1
3970,273,187.107846082547,11126.306174686975,1
3971,273,187.14439406553151,41873.1961642419,1
3972,273,197.12856150237096,18187.3905903566,1
3973,273,198.6726465349824,780642.4352481741,1
3974,273,199.1812089875687,26516.920518614526,1
3975,273,200.1385591568485,14656.818624173442,1
3976,273,201.12367175175592,36458.98087138396,1
3977,273,203.1368848904253,107315.31588641903,1
3978,273,205.0971309467551,20028.978358973127,1
3979,273,207.1125642275481,16925.547551664888,1
3980,273,211.1442360684441,35068.58104505574,1
3981,273,212.10343218183183,16239.467485697953,1
3982,273,213.087059378624,12748.094329643996,1
3983,273,213.158750922759,47157.63860660707,1
3984,273,215.138176422774,33340.68296869425,1
3985,273,217.0949813605941,21017.80340659909,1
3986,273,217.13483544174505,13315.18874971818,1
3987,273,226.1179823316969,18348.634810000927,1
3988,273,227.175022531063,17703.373739590883,1
3989,273,228.1340446120042,15070.111312713623,1
3990,273,229.11761440914887,17122.589326741192,1
3991,273,233.1648784819104,113463.40685519802,1
3992,273,234.16801251591863,25196.25508820205,1
3993,273,235.1077747486256,43966.916038718045,1
3994,273,242.1498743089579,13389.08241164644,1
3995,273,243.13340961046453,17039.529796344188,1
3996,273,244.16575662979227,36043.22668181665,1
3997,273,251.12609553823924,289280.6114117369,1
3998,273,258.14509854703334,11465.0622751803,1
3999,273,260.1963722560717,30031.0456227344,1
4000,273,261.1584711710612,62935.21514561971,1
4001,273,262.11805509014584,27023.081950833854,1
4002,273,263.1024944883404,36760.20465137983,1
4003,273,326.1710172554951,64634.292697018886,1
4004,273,327.1724400499132,15894.785362468296,1
4005,273,353.4798415868388,348049.8761475776,1
4006,273,364.8236417362111,531143.3393698536,1
4007,273,372.1946943803267,25117.24458690123,1
4008,273,384.1770796498617,693121.476845507,1
4009,273,420.21141987784966,21513.83973847686,1
4010,273,420.70778618484246,21152.57917060227,1
4011,273,422.72709692266,16492.619910993075,1
4012,273,429.2163035888672,62636.57537344742,1
4013,273,429.7176422996643,32341.13910536111,1
4014,273,445.24475195052776,21893.79396074038,1
4015,273,463.2481699438426,49514.58799557988,1
4016,273,463.7496876538995,26151.62488817144,1
4017,273,473.2372126741229,24956.210185990243,1
4018,273,474.24426681930953,20312.1690269496,1
4019,273,479.7495924426663,16088.54420803952,1
4020,273,480.242186572414,47125.38716309846,1
4021,273,480.7428709155452,25804.804664834573,1
4022,273,482.27176478651705,19763.07655020229,1
4023,273,488.7534345404368,96764.60861468634,1
4024,273,489.2548480833665,51223.67426223917,1
4025,273,493.74594658973234,24504.54361895747,1
4026,273,494.2428735803675,23976.244996918573,1
4027,273,497.0736962641554,95002.84332623398,1
4028,273,502.75089661908913,132477.3628791766,1
4029,273,503.2521637722664,73740.3167977709,1
4030,273,503.7537705413008,18436.09673309326,1
4031,273,504.2675312664492,20716.099521007945,1
4032,273,515.2349942720854,25736.2923014274,1
4033,273,532.2630181504693,93324.73813861106,1
4034,273,533.2658514858277,28685.10033487157,1
4035,273,536.2904163932028,20310.98092103101,1
4036,273,536.7862502165161,24855.95234022228,1
4037,273,545.2948926560422,30383.77982261333,1
4038,273,545.7962120056152,22839.4474550883,1
4039,273,559.2926612064756,19225.998023855274,1
4040,273,596.3143607933947,43144.71125773985,1
4041,273,627.6051465362796,489595.7100137573,1
4042,273,679.3305493559432,22262.6326662442,1
4043,273,714.196925563494,709086.4752211055,1
4044,273,714.4057590284951,40680.84726813608,1
4045,273,741.3796582203086,220744.1611728444,1
4046,273,742.3968818050691,51108.40362038557,1
4047,273,742.4030172107289,57887.71259204161,1
4048,273,743.3885518017478,53630.10330966256,1
4049,273,744.3886111375762,26097.79683169853,1
4050,273,759.4271053738064,27630.331621071648,1
4051,273,760.4122544891981,28768.681346390524,1
4052,273,794.3547085493038,41144.65748532422,1
4053,273,800.4059432232966,30461.605596173395,1
4054,273,839.4140394194787,26543.196320165105,1
4055,273,840.4049716778655,46096.88158815299,1
4056,273,841.4081493634634,26531.42177326815,1
4057,273,857.4261921416648,783478.2236285368,1
4058,273,858.428936690038,304709.3904106292,1
4059,273,859.4306202727341,54275.65615913148,1
4060,273,876.9636242834065,518494.7221848968,1
4061,273,890.4510495358102,23538.126191563544,1
4062,273,902.8330588968334,163768.16682303927,1
4063,273,907.4487347322352,30821.514977595387,1
4064,273,925.4886453801936,38686.07634433833,1
4065,273,926.4907464278372,25195.399501981232,1
4066,273,933.0230823528948,410803.0561962104,1
4067,273,933.0374192628736,778730.3273619355,1
4068,273,945.5120783452388,45257.08819237289,1
4069,273,970.5081811523436,26186.706967811584,1
4070,273,973.6350245359572,247936.8813956458,1
4071,273,976.4954078044368,68732.76713543346,1
4072,273,977.5047510450132,43566.00269342694,1
4073,273,987.4699229487668,34143.94019839499,1
4074,273,1004.4942797209088,624176.4303468938,1
4075,273,1005.4962161970728,335424.5352161235,1
4076,273,1006.4949636060138,55751.21608180556,1
4077,273,1051.7737286273054,389767.5352419143,1
4078,273,1068.2716745714129,613427.2694390389,1
4079,284,101.07124277571558,22384.1975521034,1
4080,284,102.05516398596386,32361.076362924727,1
4081,284,110.07012898434874,47030.795786731134,1
4082,284,115.0867953622268,7062.499863700633,1
4083,284,120.08283929184552,56266.99856581536,1
4084,284,129.06600405846112,11656.254664009,1
4085,284,129.10306141294282,40241.53295174961,1
4086,284,130.049722079573,7031.724172910054,1
4087,284,130.08734226226807,14899.355947041511,1
4088,284,136.07381297765153,60182.66098835763,1
4089,284,137.07894388834634,9650.323222034382,1
4090,284,141.06590859660037,5989.146394836116,1
4091,284,141.10245808833787,11889.077677310011,1
4092,284,143.11676737700228,24008.276249883376,1
4093,284,147.1115236546211,24251.35307809581,1
4094,284,155.08226090443284,9439.427812250357,1
4095,284,157.09632018723414,6970.206643948381,1
4096,284,157.13326221812855,11050.879275616731,1
4097,284,158.09056766946517,5432.71659327265,1
4098,284,159.07637536000396,10254.760764558436,1
4099,284,159.09115274154132,19093.390295759364,1
4100,284,167.08331041031232,5235.031288329869,1
4101,284,169.09680018125866,12166.523295173783,1
4102,284,169.1333341245298,8486.853011811221,1
4103,284,171.07570310403372,9944.095844705596,1
4104,284,171.11254618017895,21082.469463546982,1
4105,284,173.0919462641643,12647.114209248051,1
4106,284,173.1283457138959,20908.563184941515,1
4107,284,175.11760271757757,22427.176277564427,1
4108,284,183.11269878716053,8464.97283094742,1
4109,284,185.0919023102405,9861.79134126551,1
4110,284,185.12797858979968,17595.28551294406,1
4111,284,185.164970575377,26390.839985195427,1
4112,284,186.0880155512356,6925.771231207618,1
4113,284,187.07119833013064,14117.312985210008,1
4114,284,187.10765531465609,10731.506567026114,1
4115,284,187.14404805501303,18607.02116520745,1
4116,284,189.0868203299386,6589.990744696723,1
4117,284,195.0760465153677,5608.795543305175,1
4118,284,197.12836279520167,14434.406890008508,1
4119,284,199.0712751078809,8187.114953652406,1
4120,284,199.10776231873712,8726.65820514481,1
4121,284,200.13880117315995,12596.033797314292,1
4122,284,201.0868675998909,27292.565844894085,1
4123,284,201.12352106161924,21484.36601465729,1
4124,284,202.0868825912476,5826.641088995067,1
4125,284,203.10461904836257,11321.14930438441,1
4126,284,204.1342045503504,13481.580780085396,1
4127,284,211.10792284233625,6103.662482472353,1
4128,284,212.10302687060928,7146.109989861186,1
4129,284,213.08694566262736,12307.269848467531,1
4130,284,215.1379453646426,17336.20281502111,1
4131,284,216.0976152748897,11874.312407037309,1
4132,284,217.083482279922,9739.228035572803,1
4133,284,226.0823640149049,7397.983576596385,1
4134,284,226.11823761609136,9136.996356835658,1
4135,284,227.0661998973173,5782.13953664443,1
4136,284,227.10261418269232,8435.977092807649,1
4137,284,228.1339078312032,15851.924130338675,1
4138,284,229.11757550095064,14969.103120348673,1
4139,284,230.11379767363923,7064.980032412511,1
4140,284,231.0967992678846,12139.708713549451,1
4141,284,237.1260673272218,13679.7290689643,1
4142,284,240.097272000994,11952.561853279389,1
4143,284,240.13406440859936,7743.74339535979,1
4144,284,241.08205456623543,11372.2401223104,1
4145,284,242.14955707489773,28507.061559414487,1
4146,284,243.1329809307481,13178.069904233853,1
4147,284,244.0926633663591,15782.539716295414,1
4148,284,244.1653397400255,13568.875471826232,1
4149,284,245.0759015184768,11392.84125133271,1
4150,284,257.1253420982832,8038.443760624638,1
4151,284,258.1081556840376,13647.672359506569,1
4152,284,258.14514966078207,8828.879519617054,1
4153,284,259.0919886997768,11670.889990307036,1
4154,284,265.11775801424494,14888.3809076412,1
4155,284,270.1454761360265,9691.78703896456,1
4156,284,276.1553151595996,7363.053082415447,1
4157,284,278.7441060606853,23687.691075310544,1
4158,284,300.15495795534366,10014.835382689507,1
4159,284,302.0975836118062,10341.239944477877,1
4160,284,333.17638245622965,23510.299862574288,1
4161,284,339.1662543361172,8426.689617290087,1
4162,284,341.1455543919613,7579.96455009862,1
4163,284,343.1972210993532,8473.974184901337,1
4164,284,355.1244430541992,8511.623816093674,1
4165,284,357.1763167575474,28708.96792523138,1
4166,284,371.1921489703766,15788.570201602144,1
4167,284,379.8921007611607,35176.44463009979,1
4168,284,442.26648439179866,11047.692070243556,1
4169,284,448.2042873332594,14544.239497147271,1
4170,284,470.2626534794154,17929.929059146496,1
4171,284,535.2346465652054,22505.93015779032,1
4172,284,636.2839452462603,32921.56919310814,1
4173,284,637.2863557514391,11806.323517729106,1
4174,284,700.5915301446888,66464.85272159295,1
4175,284,707.31285870941,45091.15984391367,1
4176,284,729.0110241718634,40497.52033048984,1
4177,284,764.342519074238,71237.67941200557,1
4178,284,765.3447734663639,24661.830641356595,1
4179,284,823.6765373237153,33237.98940861539,1
4180,284,875.3718447341132,14447.727567230304,1
4181,284,893.3850240825135,32979.74478872716,1
4182,284,894.3873064594884,16534.892749355684,1
4183,286,100.06913862183195,96520.3988835484,1
4184,286,100.08717707972372,59644.24015942235,1
4185,286,101.06919250824376,14469.481236172143,1
4186,286,102.05509234110514,11064.93432454427,1
4187,286,105.48871295353976,303943.8932915335,1
4188,286,110.06714283919132,21105.004883479272,1
4189,286,111.05292993589887,6495.091039240638,1
4190,286,112.07508615160744,11469.8394262223,1
4191,286,112.08730016220214,60515.8450819018,1
4192,286,113.07090012014729,14116.345157277094,1
4193,286,114.05480510595063,8415.290735969376,1
4194,286,114.10295549373036,12045.551319574572,1
4195,286,115.08685431681889,37782.41521481797,1
4196,286,116.07060105294892,14290.99140099612,1
4197,286,116.08331701890478,6296.166406606728,1
4198,286,117.10273377477276,10919.272811161964,1
4199,286,120.0815424675489,31192.31882213328,1
4200,286,126.09123720178282,6847.158764954351,1
4201,286,127.05031730250307,6868.393446641219,1
4202,286,127.09247561504966,35506.87782451668,1
4203,286,127.12341039537807,7647.600100968771,1
4204,286,128.057406642595,181998.6490939481,1
4205,286,128.07026797777985,6696.195857426892,1
4206,286,128.08812370853147,115904.85114560228,1
4207,286,128.10608519562996,8679.912229871603,1
4208,286,129.06602088538733,18736.245448184083,1
4209,286,129.0869701930455,7865.657181226072,1
4210,286,129.1061694017097,65493.099844031545,1
4211,286,130.09076091894187,9646.365378256198,1
4212,286,130.10649348999644,5936.5686694595415,1
4213,286,131.10967419883622,8468.72019223244,1
4214,286,133.06216366551504,59945.56852722168,1
4215,286,133.08786016290838,45556.23988023411,1
4216,286,136.07535006273238,26338.95171556625,1
4217,286,138.09124773398213,7030.762697943325,1
4218,286,139.05018703416846,6690.33784903603,1
4219,286,139.08676212623027,15592.31948469033,1
4220,286,140.08236176021515,33135.754641109044,1
4221,286,140.73793153627216,346105.6923592747,1
4222,286,141.06632532698384,7686.017967340205,1
4223,286,141.10256698474157,23796.5530086976,1
4224,286,142.06168092803404,34002.55152062647,1
4225,286,143.0845976947105,13171.091957640974,1
4226,286,143.11611504988238,428309.0833011211,1
4227,286,144.12166986347717,42580.90820432887,1
4228,286,145.0954634051457,23566.718595653307,1
4229,286,145.10773817021797,11602.171866569111,1
4230,286,147.11211806077225,16529.65172487718,1
4231,286,148.86669907327115,96156.68699999792,1
4232,286,151.12258245294746,10530.462880169262,1
4233,286,153.07303714056084,10965.81699069225,1
4234,286,155.0828077851589,26090.56537772589,1
4235,286,155.11700421863742,41653.6880466354,1
4236,286,156.0765941312528,8383.925387246914,1
4237,286,156.0895100719524,82555.41338241476,1
4238,286,157.0958531617366,14109.77390310516,1
4239,286,157.10869961442617,18848.690454748583,1
4240,286,157.1332401042813,32684.11013061452,1
4241,286,158.09101878497617,34327.834504109465,1
4242,286,159.07617198283597,11545.216315567704,1
4243,286,159.09627742767333,31393.723348391057,1
4244,286,159.10819421438225,24890.85610432866,1
4245,286,160.09613373319982,8853.065411255184,1
4246,286,165.8713705403486,63101.25166108261,1
4247,286,167.04534684042065,33941.91916400597,1
4248,286,167.08217467270887,18927.141661015423,1
4249,286,169.09655991318084,22731.728092056084,1
4250,286,169.13273349885017,7550.441848967665,1
4251,286,170.1052112798581,18496.791843381423,1
4252,286,171.07529408591134,7850.937200682504,1
4253,286,171.1123464102364,416200.0088693267,1
4254,286,172.11653509019297,44420.84071409552,1
4255,286,173.09192251461988,53450.231514847066,1
4256,286,173.10757866201476,6741.690735417743,1
4257,286,173.12849282873682,191056.09243125,1
4258,286,174.13167060718203,17730.15302269919,1
4259,286,175.11736670701566,126875.2154108988,1
4260,286,176.12255010961002,9803.429159496827,1
4261,286,177.1238294328962,42503.003077419184,1
4262,286,179.12803586082313,24840.791736428728,1
4263,286,181.0964181484772,10481.654751107262,1
4264,286,182.09225030378863,13876.1801121849,1
4265,286,183.0765282289825,15534.016376846896,1
4266,286,183.1125289650629,90069.13602947029,1
4267,286,183.14904161678848,11034.530087358207,1
4268,286,184.11700279535685,9827.07302643222,1
4269,286,185.0917234118708,8686.674389709715,1
4270,286,185.13072439340445,35373.88648028985,1
4271,286,185.14107700563827,45733.99155320312,1
4272,286,185.1650538623781,22275.17175798488,1
4273,286,187.1079403511347,27517.687085696216,1
4274,286,187.1443925108453,45796.22549113976,1
4275,286,188.13872670491537,45538.304454744655,1
4276,286,192.0890190171899,7244.405296463404,1
4277,286,193.09658448754288,7837.060856670287,1
4278,286,195.1126092598263,6926.836208569802,1
4279,286,197.12861209189424,11641.772263161003,1
4280,286,199.0718297260564,5047.268442060889,1
4281,286,199.1077648969534,12446.285140416956,1
4282,286,199.14500717163085,6933.670978879929,1
4283,286,199.1813658905029,14569.89278248787,1
4284,286,200.1036279023583,6970.003120170897,1
4285,286,200.13836896491773,26687.48577536381,1
4286,286,201.0963260002856,15750.140185635046,1
4287,286,201.1235588921441,89800.99676830872,1
4288,286,201.14385645788627,8288.54124669251,1
4289,286,202.12687861454955,8675.194064590321,1
4290,286,207.1122808456421,10182.860611162016,1
4291,286,209.0918913984721,9273.511240208043,1
4292,286,210.09351732501875,16671.636755409887,1
4293,286,210.10264892578124,11562.578213196415,1
4294,286,210.1237522013047,10884.630262881516,1
4295,286,211.07342529296875,6741.020501182851,1
4296,286,211.1094161139594,35521.561437108634,1
4297,286,211.14431142337983,16000.772448989994,1
4298,286,212.104752524605,6285.414399797024,1
4299,286,212.13828002724185,25513.664684102994,1
4300,286,213.1241888343741,8449.484569924687,1
4301,286,213.155428154524,13484.126702383508,1
4302,286,215.10375299812856,8946.495564209368,1
4303,286,215.1383254868644,16515.3803653121,1
4304,286,216.1221782287321,10987.391850475811,1
4305,286,222.1237161535965,7267.434983171915,1
4306,286,223.10793177286783,7047.090943129858,1
4307,286,224.13829241300883,7365.775264049831,1
4308,286,225.12405465932991,8363.688167464428,1
4309,286,226.1184546755072,11015.58613035637,1
4310,286,226.15447231746447,38763.55986321655,1
4311,286,226.1669459564007,61582.746630974165,1
4312,286,227.10348144099905,17417.165922495165,1
4313,286,227.12538329310388,92904.69747100686,1
4314,286,227.1708330516973,8414.590906088017,1
4315,286,228.09767365791427,14632.76966976112,1
4316,286,228.13365749859705,53343.37386460973,1
4317,286,229.10795185177824,10485.120514718135,1
4318,286,229.12988378943467,59032.05381639411,1
4319,286,230.1506089938908,10267.232562587018,1
4320,286,231.1334490892364,10501.293965417197,1
4321,286,233.13672571459253,14124.63630072111,1
4322,286,236.13858093612487,8101.448238696175,1
4323,286,238.11775534493583,12609.943920799664,1
4324,286,242.1499063873291,7883.583632434606,1
4325,286,244.129605740917,10195.867542772878,1
4326,286,244.1523069109236,11908.354631923494,1
4327,286,252.1341659293687,21369.588497619,1
4328,286,253.12918289848,13223.558223483871,1
4329,286,254.1492882544437,102151.05876680205,1
4330,286,255.14511453670303,189138.73258232896,1
4331,286,256.1482315597001,32459.797379740467,1
4332,286,257.1246193214699,25083.04306554441,1
4333,286,257.14927737362734,53731.31683117527,1
4334,286,258.1524714209167,18916.20362259297,1
4335,286,259.1531310596054,60975.15070445932,1
4336,286,264.1336467754954,55070.84723465375,1
4337,286,265.1363517645047,8326.058633990699,1
4338,286,266.11383797007903,7600.246260547074,1
4339,286,268.13175337049694,8463.162150351207,1
4340,286,270.155359958958,157277.90996165405,1
4341,286,271.1577396080142,24937.029048794604,1
4342,286,272.17173276875354,227642.248433851,1
4343,286,273.1747572054676,41828.028308926034,1
4344,286,274.17520509543994,75516.73608007836,1
4345,286,275.17704389439547,9862.332307259669,1
4346,286,276.1782069614956,68253.08686464037,1
4347,286,281.16252556400025,10912.916369848206,1
4348,286,282.1445127932612,142191.97547641344,1
4349,286,282.17370461291216,12814.629734354696,1
4350,286,283.1467684907273,22227.118722099083,1
4351,286,286.1504280872834,95597.2959918548,1
4352,286,287.15311641319124,10625.980977918589,1
4353,286,288.15477260292,48849.12302644878,1
4354,286,290.1584919844523,21701.294823495467,1
4355,286,292.46070535599017,235867.0482289843,1
4356,286,298.1419564994277,11703.413673801786,1
4357,286,299.2088116162444,18761.850705669352,1
4358,286,305.6687596638997,9646.83707110087,1
4359,286,310.1421452866799,18706.1678785042,1
4360,286,313.1744917763604,36346.30045270258,1
4361,286,315.1757915450866,8346.014063886849,1
4362,286,317.1863268071955,10782.594563663006,1
4363,286,323.17243120146964,8853.26722103212,1
4364,286,324.16617568658324,19814.75004853424,1
4365,286,325.1627228406011,12723.088887326572,1
4366,286,325.22307756511566,55397.05673319544,1
4367,286,326.182315264376,89661.99576110003,1
4368,286,327.1770418792845,33273.747187301575,1
4369,286,328.19001030815974,18298.18556382921,1
4370,286,328.5215836755119,249310.0813414078,1
4371,286,329.1919937133789,70822.12516065923,1
4372,286,330.1926031213767,25203.00885699242,1
4373,286,331.19622089488297,17481.78809765929,1
4374,286,332.26348763959663,38312.456638547446,1
4375,286,339.16803839655205,14788.643250267103,1
4376,286,340.1626676456657,14946.140559247868,1
4377,286,341.1892712046799,80743.80255981248,1
4378,286,341.6909478635204,16086.907661905094,1
4379,286,342.1932195884905,27411.537101545586,1
4380,286,343.16980743408203,18324.268711362565,1
4381,286,345.16404118150047,9020.26990857649,1
4382,286,353.2178029107504,29793.072507430392,1
4383,286,363.2181155182594,85248.22397583109,1
4384,286,364.22279759457234,30726.897094191165,1
4385,286,367.17107418933546,21296.10222687779,1
4386,286,368.2295691501572,14341.528065320505,1
4387,286,370.1955543031084,15982.310304893332,1
4388,286,379.1615108913845,23885.216195771187,1
4389,286,381.22436137583065,49017.11581955833,1
4390,286,382.2123077519207,19139.0435259174,1
4391,286,383.2329189724392,32484.634248920724,1
4392,286,385.2553853988648,98225.57582889903,1
4393,286,386.25769267179527,23968.250649347112,1
4394,286,387.2587542685733,28724.504215094694,1
4395,286,389.2640513061029,26011.13573064302,1
4396,286,397.1710641450971,8391.531792230695,1
4397,286,398.1912622836673,14916.445585037029,1
4398,286,399.2376975712814,101479.55885932953,1
4399,286,400.205736694336,69373.71212643433,1
4400,286,401.249785845288,69881.935590857,1
4401,286,402.209634310032,20149.55115681014,1
4402,286,404.2145586584368,23358.42628700713,1
4403,286,407.2430424373355,336600.1596046505,1
4404,286,413.2133171959261,15554.42086337942,1
4405,286,424.1934745730335,18075.03439612789,1
4406,286,426.28248249400747,11966.46662099795,1
4407,286,428.2253079829731,86794.77363078686,1
4408,286,429.22872673483454,24322.68690535601,1
4409,286,430.2074724982767,24690.60613637251,1
4410,286,432.234318617748,26773.008320692945,1
4411,286,439.2660748756538,16489.175143775294,1
4412,286,440.2620458468585,41973.00551557317,1
4413,286,441.2554376111059,15782.202911205635,1
4414,286,442.2684900297536,16408.517629719467,1
4415,286,443.2739120483399,10010.855029879676,1
4416,286,444.2723955426897,16215.110022264367,1
4417,286,454.2738959874089,13278.151891640524,1
4418,286,455.2646265992331,12379.52734839588,1
4419,286,456.2670035013338,8573.805913994953,1
4420,286,464.2510423536425,6770.638795233392,1
4421,286,470.2717504444237,9920.560742475316,1
4422,286,472.2879321925448,410505.9392805054,1
4423,286,473.2909001681574,119686.09285511984,1
4424,286,474.2922522013619,152057.80304952277,1
4425,286,475.2955954833049,36108.168107979145,1
4426,286,476.2961011455007,176187.3012048798,1
4427,286,477.2977215391217,22558.80035264564,1
4428,286,480.2561359659831,69466.08785802842,1
4429,286,481.25822065129626,20618.85887246692,1
4430,286,482.2630465347155,25884.906627781624,1
4431,286,484.2650189859613,16621.640640297515,1
4432,286,507.7896250804092,235378.2591280588,1
4433,286,507.9881398411336,82705.03269339146,1
4434,286,516.9298520461293,165293.7677782985,1
4435,286,527.2938141999422,63828.536045482266,1
4436,286,528.2974260520031,33155.528007525405,1
4437,286,529.3093939678486,122550.68762058552,1
4438,286,530.3121570405506,40915.43049954146,1
4439,286,531.3109724965839,47466.91132715537,1
4440,286,535.4792809702375,85892.70358291834,1
4441,286,554.3306848326725,11446.877107022414,1
4442,286,571.3556770928794,106684.72966022436,1
4443,286,572.357160295759,33070.28539794922,1
4444,286,573.3631844704981,41952.38873901683,1
4445,286,575.3655402443626,48290.576108023975,1
4446,286,581.9141495607494,69014.49122311785,1
4447,286,584.3146223998422,13244.320726350024,1
4448,286,596.314673251793,11007.343824105184,1
4449,286,610.3309408334585,11946.359124976854,1
4450,286,611.3349466959636,19172.19943178268,1
4451,286,612.3336882560484,21366.883903737224,1
4452,286,613.333242526846,28524.598496959938,1
4453,286,614.3335263388498,16287.540365150997,1
4454,286,618.5734864234842,128861.39380245878,1
4455,286,628.3442449105366,161288.94561170012,1
4456,286,629.3476868891621,62431.00676757311,1
4457,286,630.3347398221135,74996.7308205202,1
4458,286,631.3483860825047,27104.99196785436,1
4459,286,632.3499102093684,60547.242557892736,1
4460,286,638.3256228216763,24196.708350383004,1
4461,286,640.3255826362274,14176.795228248871,1
4462,286,654.3916461510572,8736.043910577626,1
4463,286,672.4033536396329,205172.5072047158,1
4464,286,673.4062161395069,84687.78029204762,1
4465,286,674.4070563683143,75252.90859686045,1
4466,286,675.4087521507627,14867.283383587428,1
4467,286,681.3672516837953,35273.65366760133,1
4468,286,682.3852165194015,56337.043691314895,1
4469,286,683.3843508800828,43315.803017423816,1
4470,286,684.3870578688018,25059.48701496392,1
4471,286,685.373240260074,16248.611227025483,1
4472,286,697.3929694680606,18163.256661644595,1
4473,286,699.3838932431977,86108.5033005435,1
4474,286,700.3865356445312,39405.27831586202,1
4475,286,701.3739469158115,58029.1401802936,1
4476,286,702.3887635858565,22336.30566959677,1
4477,286,703.3876843151745,32293.53621042312,1
4478,286,732.177335398156,68025.25959929805,1
4479,314,101.07076747997388,14879.71182931436,1
4480,314,110.07091495446991,26937.93434009217,1
4481,314,116.01635206991168,5995.288555885429,1
4482,314,119.08175678742238,12134.409093416654,1
4483,314,120.08165759727603,52652.26086125609,1
4484,314,129.10266617484714,21168.02703273608,1
4485,314,130.06562742122935,53630.71022374177,1
4486,314,130.0870907940442,7153.931416958193,1
4487,314,131.0815028914486,9486.184487216444,1
4488,314,133.0434960864839,39257.32689448765,1
4489,314,136.07506271273073,23069.73662705449,1
4490,314,137.52796962343507,97996.18176583694,1
4491,314,141.06569650438098,4810.299402130975,1
4492,314,141.10211459073153,4972.5151941704025,1
4493,314,143.11762358012953,7548.845801504035,1
4494,314,147.11251255423724,11926.788638543228,1
4495,314,153.06604542451743,5212.818262885598,1
4496,314,153.1024459964973,10865.938820831048,1
4497,314,155.0835299801517,6849.629545038397,1
4498,314,157.1333536970506,6625.302537410631,1
4499,314,158.09221780711206,7844.034768466292,1
4500,314,159.0769205464945,9858.30133165632,1
4501,314,159.09153105522114,32979.98711341066,1
4502,314,160.09468482522402,5243.211908677045,1
4503,314,160.17277578957274,84832.84300609445,1
4504,314,169.0969558291965,4686.757446527481,1
4505,314,169.13309211730956,7130.568282254537,1
4506,314,171.07592522343504,6398.565859444534,1
4507,314,173.12840259167575,13803.03649630288,1
4508,314,175.11798588679386,36520.49284808819,1
4509,314,183.112763810866,9053.91712429972,1
4510,314,183.1486887151545,12609.903656422008,1
4511,314,185.0920059848839,8488.613638992041,1
4512,314,185.1284416562035,7310.731457119897,1
4513,314,185.1647132667336,12229.478962537403,1
4514,314,187.0869142508801,5867.874061537377,1
4515,314,187.1445163679712,12583.637520401566,1
4516,314,197.128168741862,9627.18910353746,1
4517,314,199.181396484375,8565.95308778127,1
4518,314,200.13835306370515,16763.95631532466,1
4519,314,201.10556552834703,12719.787162885274,1
4520,314,201.12415957879165,13106.626703673492,1
4521,314,206.58230372885936,136150.47796441588,1
4522,314,211.14386254614527,9748.341766210702,1
4523,314,213.0867314058192,9485.75374917423,1
4524,314,213.15881774902343,9262.84420917511,1
4525,314,215.13781518554688,14730.819214874267,1
4526,314,217.13536051960733,7702.769340106419,1
4527,314,219.14898326785067,4927.831776064496,1
4528,314,225.0977395547403,8047.607047493393,1
4529,314,226.1181161403656,6811.531603813171,1
4530,314,227.17463454155072,6525.598243040581,1
4531,314,228.1338543758214,11692.432901186365,1
4532,314,229.0980684463292,8590.337512395154,1
4533,314,229.1120731748384,7064.267889246447,1
4534,314,233.1644642353058,6391.543413877487,1
4535,314,235.10814230782643,8030.9144614083425,1
4536,314,237.1324222210756,4646.6828543672855,1
4537,314,242.14959758601776,7761.485656633769,1
4538,314,243.1332151412964,10257.134452724456,1
4539,314,244.16507929021665,7495.860560313138,1
4540,314,258.8603829365479,142488.68814840133,1
4541,314,261.0895987955729,4896.944607950846,1
4542,314,262.08622150031886,5567.215927902533,1
4543,314,271.17552989612926,8054.679476772655,1
4544,314,288.1338521186879,11103.116313808012,1
4545,314,288.2028827908673,10750.922398144688,1
4546,314,301.79396805710905,92456.27094501106,1
4547,314,306.14524381706514,5531.67285818077,1
4548,314,332.85906824040137,6403.034813662382,1
4549,314,345.43359053016474,140665.44719578465,1
4550,314,346.49748315200304,109232.69164188192,1
4551,314,358.1427219935826,15781.997932555185,1
4552,314,360.15582372271825,3615.84957546658,1
4553,314,372.7067813729881,35081.721958705355,1
4554,314,373.20834259939664,17108.212916005956,1
4555,314,384.2036683950851,4585.294974483661,1
4556,314,387.27114831616063,16793.261830449817,1
4557,314,429.214850531684,5408.772975255572,1
4558,314,457.2107033469461,10344.499691980536,1
4559,314,461.6350262141968,185823.5419220641,1
4560,314,514.2754278009588,7564.277641296387,1
4561,314,516.3136120056838,31946.86759280087,1
4562,314,517.3160329718339,10816.370532869038,1
4563,314,542.2716032539317,13902.190447788613,1
4564,314,543.2737841796875,7408.092000528972,1
4565,314,568.4097134141762,36895.880934174056,1
4566,314,611.292344491693,7319.978029661541,1
4567,314,629.3049994574653,11700.028595939517,1
4568,314,647.3532581818409,36072.180197300055,1
4569,314,648.3553521659937,13457.03590890263,1
4570,314,663.3581171775022,34788.56293442935,1
4571,314,694.3297445123845,8505.363204565916,1
4572,314,702.895694780477,185173.94348025304,1
4573,314,709.4158673824268,158748.15912830908,1
4574,314,712.3366320060961,12640.974501985493,1
4575,314,712.3442514592952,19323.476095372986,1
4576,314,730.3511357383122,15737.644448658775,1
4577,314,744.4065425081073,192435.94263815728,1
4578,314,745.409285736084,69210.94675759078,1
4579,314,746.4090031642539,27738.7217800664,1
4580,314,801.9582605727484,86539.55488006557,1
4581,314,870.4102271968483,19170.93326849,1
4582,314,871.4120617378048,10254.696640014648,1
4583,314,888.4282810377038,12681.392879579378,1
4584,314,904.4347737630208,30375.66541838469,1
4585,314,916.4298468695748,17836.83532562256,1
4586,314,935.832505275912,78033.92652941089,1
4587,314,999.4679462804204,23860.815231593308,1
4588,314,1005.4870774118524,15229.152872989052,1
4589,316,101.07125871150254,38673.302227170185,1
4590,316,102.05515527287754,28475.52822190031,1
4591,316,110.0708739060622,47308.30365852943,1
4592,316,113.07110606013116,28322.15787743233,1
4593,316,115.08678186276538,11637.29164689274,1
4594,316,120.08326976314471,95270.4625922525,1
4595,316,121.08435682348303,14515.6406418955,1
4596,316,127.0867202758789,11601.919574127198,1
4597,316,129.0660103207543,23982.05858768281,1
4598,316,129.10333185610563,65319.12875103392,1
4599,316,130.08738416080274,34740.513613445,1
4600,316,131.08327291469382,51090.01491533145,1
4601,316,136.07439499413408,76000.50185148508,1
4602,316,137.0789601094014,9121.096054450883,1
4603,316,141.06596549705222,25100.72798337584,1
4604,316,141.10214115591612,10480.107302469363,1
4605,316,143.08162841796874,11007.387731148856,1
4606,316,143.11749456625068,20083.12255298986,1
4607,316,147.1119741157249,54596.02291487764,1
4608,316,155.08210330268446,16406.74128487316,1
4609,316,155.11740634865956,29892.65851071763,1
4610,316,157.09660747133452,10955.51161733167,1
4611,316,157.13339739965525,13486.892803362023,1
4612,316,158.09192496371935,8347.491635394761,1
4613,316,159.0760739513279,36343.67256338572,1
4614,316,159.09088402572942,19194.77858770721,1
4615,316,159.11235425544507,10679.907593952526,1
4616,316,167.0846594315541,9145.474742020231,1
4617,316,169.09693310077373,10836.690363839956,1
4618,316,169.13345399310597,17911.630663031538,1
4619,316,171.0760637570734,12189.62163017874,1
4620,316,171.11266612043283,12752.470723598492,1
4621,316,173.09201488494872,12203.563920529685,1
4622,316,173.1284576795116,19599.05586551287,1
4623,316,175.1178610499901,34789.17939341098,1
4624,316,181.06147775474503,12258.148398095112,1
4625,316,181.09682480832365,7948.20816247514,1
4626,316,183.11257140539283,21906.038480621148,1
4627,316,183.1491156888296,13749.37311543997,1
4628,316,185.0920124583774,14336.343620683583,1
4629,316,185.1282685718609,26985.079634125243,1
4630,316,185.16524911855723,19444.73457014096,1
4631,316,186.0876594312263,13021.71460449262,1
4632,316,186.12420292904503,9168.396869177568,1
4633,316,187.07119490074987,23866.370891333863,1
4634,316,187.10775372160583,16166.033151630594,1
4635,316,187.14427436448605,17003.9540912767,1
4636,316,189.0871909005301,9040.540974302356,1
4637,316,197.128577742737,14064.053113521786,1
4638,316,198.08737342674416,23766.50145297284,1
4639,316,199.0713857974646,12204.931943146688,1
4640,316,199.10797823918776,7043.031080900287,1
4641,316,199.1810710332165,18765.70797191254,1
4642,316,200.10386999029865,13446.475318508712,1
4643,316,200.1379093769168,33274.9264671507,1
4644,316,201.0870853858658,11649.816524910022,1
4645,316,201.1238397466557,23814.461019095863,1
4646,316,204.13377833775112,8343.518669373649,1
4647,316,207.1126223308284,15539.967858675049,1
4648,316,211.1444817452409,10977.2809618609,1
4649,316,212.1031324169304,34653.08125048247,1
4650,316,213.08697349848185,11926.971581996268,1
4651,316,213.1587363395901,12684.037472669592,1
4652,316,215.13832712173465,22710.352887648343,1
4653,316,216.09731327579712,38139.32947704635,1
4654,316,217.0852107473984,10791.55962640212,1
4655,316,226.1176789601644,24463.974165526302,1
4656,316,227.1053849464936,12543.884594532832,1
4657,316,227.1748861159193,15429.262356676762,1
4658,316,228.13381160021672,17831.31929976022,1
4659,316,229.1164959100065,24145.188729032823,1
4660,316,230.113500494706,24019.604764121927,1
4661,316,233.1648180017519,17403.490204930906,1
4662,316,235.10977727026489,15744.882034306502,1
4663,316,240.0970223342316,25784.88654171666,1
4664,316,240.13401982813707,10742.490639792548,1
4665,316,242.14982698401627,16726.469828274785,1
4666,316,242.18672632677803,8924.034301218493,1
4667,316,243.13358020317264,11575.360708887983,1
4668,316,244.0926990303942,11094.63664586057,1
4669,316,244.1658748100544,12552.90014243537,1
4670,316,245.1281148873124,20674.507666668866,1
4671,316,254.1498873841529,8378.461028186324,1
4672,316,255.10951879289416,12971.82625108295,1
4673,316,258.1453166689192,10638.213157730444,1
4674,316,260.19650408063615,23091.771494015284,1
4675,316,261.1568466340653,14614.745383869518,1
4676,316,272.1683359850173,7728.43994627703,1
4677,316,273.1185028076172,22195.55295432596,1
4678,316,407.265817245251,19064.874821077145,1
4679,316,431.92825265954303,29070.28928548185,1
4680,324,101.07105189732142,47788.53454647973,1
4681,324,102.05517332624682,51456.5395722342,1
4682,324,104.0531598424619,57205.62332944344,1
4683,324,110.07091214161998,92930.0647778493,1
4684,324,112.0871717721824,13608.908744351176,1
4685,324,113.071128059836,19846.548207114723,1
4686,324,114.85937344225523,206847.66931299365,1
4687,324,115.08681445651584,19054.77034741508,1
4688,324,116.07083873005656,11763.898757439156,1
4689,324,116.21054993201932,85835.13220411295,1
4690,324,119.71416487593098,272092.00127261644,1
4691,324,120.08293481520664,156023.4475800314,1
4692,324,121.0844076907996,23460.259033203125,1
4693,324,127.08707270376,40789.35724214545,1
4694,324,129.06647608830377,21357.907399071588,1
4695,324,129.10408122040505,294617.81253497547,1
4696,324,130.049931260406,11227.10534005087,1
4697,324,130.06640512803023,16085.492968292798,1
4698,324,130.08811486673633,62471.83637384783,1
4699,324,130.10587321536642,20945.260019275505,1
4700,324,131.08577793900685,11395.322708068355,1
4701,324,133.04419436154666,31988.38774154903,1
4702,324,134.03537915197978,291799.4166492264,1
4703,324,136.0749287445273,110079.17082869766,1
4704,324,137.07855618384576,14423.944718391664,1
4705,324,141.06597966733187,10928.750406477186,1
4706,324,141.10238736842965,17689.700724222672,1
4707,324,143.08175159636,13514.008899143764,1
4708,324,143.11758469443285,39090.271261773945,1
4709,324,147.11199220288702,99719.03018986678,1
4710,324,148.1163103536594,10587.246408989093,1
4711,324,152.1234976763003,211829.60731484508,1
4712,324,152.89451694366568,291908.1482762303,1
4713,324,155.0831006547095,14893.811625826527,1
4714,324,155.1173813369248,14302.137429082786,1
4715,324,156.07628232515776,25816.066422722888,1
4716,324,157.0629254640454,11681.880586947838,1
4717,324,157.09614261361057,114653.97508878625,1
4718,324,157.10850584506989,5662.206755597144,1
4719,324,157.13287380403358,17421.58488013566,1
4720,324,158.09166892100188,16365.544449814295,1
4721,324,159.07619588783538,13143.598483651758,1
4722,324,159.09146778235274,24238.25050343289,1
4723,324,159.1122707978138,13385.251230945903,1
4724,324,166.06213018462415,10540.297587680066,1
4725,324,167.05386426202182,43167.07609523905,1
4726,324,167.0845472429182,13434.393520541958,1
4727,324,169.0620497426679,13438.09454451838,1
4728,324,169.09677137770095,14445.30484022106,1
4729,324,169.13318277994793,20802.144649703303,1
4730,324,171.07595675459532,14041.4663742725,1
4731,324,171.10656545697788,241523.38599218152,1
4732,324,171.1124823306785,20472.52976332193,1
4733,324,173.09201134185088,10627.54151762246,1
4734,324,173.1286064253913,49926.9492031816,1
4735,324,175.11724488428035,69834.35715973012,1
4736,324,181.06198416815863,18048.90951168868,1
4737,324,181.09621416797955,12143.115072534889,1
4738,324,183.1126713344029,22858.48720307058,1
4739,324,183.1492256566098,19174.189240023963,1
4740,324,185.0918718024866,18697.4179839394,1
4741,324,185.12823874490303,29839.54464920885,1
4742,324,185.1652051631491,39252.3667599882,1
4743,324,186.0885591103997,23911.385732449275,1
4744,324,186.12433749928195,10223.28589465478,1
4745,324,187.07148543648097,30452.4187020956,1
4746,324,187.08895595489983,30051.21586122777,1
4747,324,187.1078676359424,15791.501426912251,1
4748,324,187.14445912365343,28273.5648765564,1
4749,324,189.08731755123864,13036.992631193958,1
4750,324,195.07581394740512,11440.614771194118,1
4751,324,195.11259068383112,8614.34301202827,1
4752,324,197.1284691821569,27081.359807536977,1
4753,324,197.7049968541395,208318.2974598379,1
4754,324,198.08759854444816,15322.220054523268,1
4755,324,199.07148601099388,14305.78125028512,1
4756,324,199.10788186826665,16161.890175353446,1
4757,324,199.18123024388365,32450.64572324251,1
4758,324,200.1377326117621,34086.82651462673,1
4759,324,201.08744901769305,10911.505463305642,1
4760,324,201.1237949013324,81634.34039270994,1
4761,324,204.1341761538857,13654.839200178782,1
4762,324,206.58421378870264,262912.6288425698,1
4763,324,207.112457978098,27881.40239447356,1
4764,324,211.10839179254347,11373.037322355854,1
4765,324,211.14434368289704,13486.72875257124,1
4766,324,212.10381028024773,10770.74717298056,1
4767,324,213.087362253441,16961.12265104955,1
4768,324,213.1244378116544,23641.476802945803,1
4769,324,215.13797627847023,26203.17500111437,1
4770,324,216.09730434417725,26386.59417984485,1
4771,324,217.08608937634088,14910.93399769284,1
4772,324,217.13480776832216,19119.17167534147,1
4773,324,218.1502158425071,15345.931944854332,1
4774,324,218.99735329865047,82864.26656899045,1
4775,324,223.1078598499298,15834.811407744884,1
4776,324,225.1234381539481,9974.133508103234,1
4777,324,226.0830106657695,23446.866599075194,1
4778,324,226.1177146749293,14813.680906904505,1
4779,324,226.15474846526865,7380.828450967338,1
4780,324,227.103344476711,13355.271376637687,1
4781,324,227.1748995673388,28848.011599002923,1
4782,324,228.13412247968645,18728.45423183652,1
4783,324,229.1171154975891,34590.94137239456,1
4784,324,230.1500190601014,29149.641680572466,1
4785,324,231.7365826781813,179032.79039052094,1
4786,324,233.0940359650756,46829.89667086978,1
4787,324,233.1651150247325,35011.52444356421,1
4788,324,234.14525838052072,9084.425323463256,1
4789,324,235.11086222999973,40892.23702133329,1
4790,324,240.09728759012103,15320.002173523844,1
4791,324,240.13404314998067,30939.685472214995,1
4792,324,241.1949699280768,249227.3817912116,1
4793,324,242.1497648441592,15691.753426780911,1
4794,324,243.1334353539252,13524.64545113348,1
4795,324,244.0927821858724,18059.35492444992,1
4796,324,244.13027584552765,10200.526721462607,1
4797,324,244.1656242597221,17709.296995653964,1
4798,324,248.16130763020007,79379.56429555331,1
4799,324,249.09572173327933,31866.66970667025,1
4800,324,249.1240198044549,31803.649860865404,1
4801,324,251.15003989240248,13532.767415636736,1
4802,324,258.1452171466102,56290.10574578946,1
4803,324,259.1478228959881,20706.06382852304,1
4804,324,260.1964209662543,20726.17747621536,1
4805,324,261.1570911268248,17837.517193926513,1
4806,324,272.17115580240886,16376.39502705892,1
4807,324,276.15503290131335,26587.15220071387,1
4808,324,283.2186646696384,117268.90028771436,1
4809,324,286.2283788979897,210141.00738949663,1
4810,324,288.2034931958206,21324.68849377516,1
4811,324,299.0621396578275,134256.8981053279,1
4812,324,337.4237788018029,245106.93126518265,1
4813,324,350.45261249811347,135444.90071325994,1
4814,324,367.7397883942133,235108.90259314244,1
4815,324,379.8222147635126,25549.02813853997,1
4816,326,110.07171700967324,543001.0572118914,1
4817,326,111.07334300449916,31486.96865723625,1
4818,326,120.0813428188892,31739.994212914866,1
4819,326,129.10293019928548,79932.67666076281,1
4820,326,130.08693451135338,37301.08809848708,1
4821,326,136.07516069860267,32500.3681820607,1
4822,326,138.0663115234375,42397.74498706055,1
4823,326,141.1022244966947,10431.793987064571,1
4824,326,143.11769633390466,12505.086829127098,1
4825,326,147.11245579002178,46993.402994746655,1
4826,326,155.08328552246093,8060.135634578358,1
4827,326,169.09668990940725,10159.118390796251,1
4828,326,171.11266995459488,18856.98820283241,1
4829,326,173.1285041634363,11521.43803187363,1
4830,326,175.11871785130995,18449.89194795455,1
4831,326,176.08204759870256,24331.023804878703,1
4832,326,183.11276968729865,9045.127626635363,1
4833,326,185.09177471342545,6720.268779890878,1
4834,326,185.16489652745864,17481.10152284959,1
4835,326,186.1240843587847,15908.157573571843,1
4836,326,187.1077960621227,7474.502448038621,1
4837,326,194.09235328013503,30382.66030943863,1
4838,326,197.1285039610782,11073.908982487048,1
4839,326,201.1237365160983,16550.067130434,1
4840,326,204.13425720214843,53906.52381476508,1
4841,326,212.10345950656463,7120.341800223457,1
4842,326,215.1381451344629,24794.41431221767,1
4843,326,216.0979030214507,13870.090764802078,1
4844,326,221.10358691745336,38772.39167823792,1
4845,326,222.0871609462781,20248.172393155903,1
4846,326,223.15494404141864,18278.08750098092,1
4847,326,226.11790756952195,8073.084383828299,1
4848,326,228.13408892342213,9145.954242920609,1
4849,326,239.1135040787626,131831.95767639886,1
4850,326,242.1497802734375,14255.62146278664,1
4851,326,243.13364894215653,30121.6536047982,1
4852,326,244.1655780368381,9376.967290724648,1
4853,326,249.097833019192,89255.45398026805,1
4854,326,251.1499957409534,32150.513976883103,1
4855,326,258.1447384482936,10163.2576734844,1
4856,326,267.10871035411174,416387.8240466443,1
4857,326,268.11155482700894,45934.71971760964,1
4858,326,305.99122908908066,232315.69925220928,1
4859,326,317.2178906817769,64068.56691784526,1
4860,326,344.1712681969931,18389.675391529883,1
4861,326,362.1822442841112,175184.70757715325,1
4862,326,363.1852930491556,33811.186781009514,1
4863,326,380.19251475987096,159213.68544902248,1
4864,326,381.1951405089579,33276.07386393606,1
4865,326,426.1719743595567,17693.851306105767,1
4866,326,454.27679567288624,57692.36268480175,1
4867,326,465.2824011666434,40761.71470287868,1
4868,326,493.2762775252351,97314.74838972514,1
4869,326,497.2103077607997,22856.124208607394,1
4870,326,507.1955546821365,129246.91855955646,1
4871,326,539.2555363687237,26754.781375756425,1
4872,326,562.297105801816,48275.48974467903,1
4873,326,572.7921576442488,25392.32294914521,1
4874,326,580.308590713425,45322.11049813418,1
4875,326,581.3057318418724,63754.28722073887,1
4876,326,581.8052145747815,42767.3261087062,1
4877,326,586.7920943859011,22208.149896621704,1
4878,326,595.3028411865234,125737.5764624106,1
4879,326,595.8034823713632,76209.64709504227,1
4880,326,610.2925234935323,35857.40647600518,1
4881,326,651.8441862357679,54773.59855847026,1
4882,326,652.3457943755801,50887.35465323571,1
4883,326,655.3506223890516,38842.35945892334,1
4884,326,669.331606321697,23153.915298558488,1
4885,326,675.3842304774693,47299.165289878845,1
4886,326,680.3533303397043,41741.07158255577,1
4887,326,680.8533045991938,32759.63340150549,1
4888,326,693.3925976121282,38759.15266643662,1
4889,326,697.3260906814435,32506.81299435327,1
4890,326,735.3921707508176,39325.72517811975,1
4891,326,735.8920482534223,35333.5334523969,1
4892,326,742.3843709538492,80696.02278017194,1
4893,326,743.387903763076,32352.91678396322,1
4894,326,744.3941375732422,19168.04472084045,1
4895,326,744.4034252166748,102615.39434504508,1
4896,326,744.89591015625,55007.55283477783,1
4897,326,745.3942062790329,42983.97514896565,1
4898,326,753.407553213614,498245.2765457719,1
4899,326,753.9084386825562,312907.9755946994,1
4900,326,754.4092338230299,167425.2150054268,1
4901,326,764.4299677706313,46695.802815799056,1
4902,326,765.4297920227051,29714.987214279176,1
4903,326,782.4133968577665,27543.980375402112,1
4904,326,796.3943010161195,24394.130757850937,1
4905,326,810.4098098342483,48286.02469299935,1
4906,326,813.4228076001148,116719.9373803839,1
4907,326,814.425552759415,49918.209891555656,1
4908,326,923.4924008900882,51327.28120632026,1
4909,326,924.4928670743616,30058.104641611983,1
4910,326,926.5066156631862,72833.73783902633,1
4911,326,927.508594440964,38096.36131020312,1
4912,326,995.528005340953,32933.98814194291,1
4913,326,996.5115409984924,37502.97204656768,1
4914,326,1013.5358663159748,190250.4119858853,1
4915,326,1014.5336367479013,65923.08730623615,1
4916,326,1034.5269847196691,49508.48352574367,1
4917,326,1052.5344048394095,74389.67607919198,1
4918,326,1053.5324149753735,28465.953414937725,1
4919,326,1126.6237645004735,144543.79119191025,1
4920,326,1127.6257648468018,75763.68509680033,1
4921,326,1189.5914940170094,37589.4201288344,1
4922,326,1239.7069527762276,193705.73326228216,1
4923,326,1240.7085560324665,122947.61570246347,1
4924,326,1368.7487352715164,82508.78862587351,1
4925,326,1369.7497159090908,59682.351727294925,1
4926,348,101.0714114832794,17465.757640986896,1
4927,348,102.05545498717063,14820.972825383204,1
4928,348,110.0713731460371,50655.102869189,1
4929,348,115.0871067830961,5850.330863482332,1
4930,348,120.0813026191285,45655.63179110888,1
4931,348,126.05505601983322,7606.431439048366,1
4932,348,129.10301265895927,44941.16040297362,1
4933,348,130.08680299399555,23537.38309311521,1
4934,348,134.96108055808585,140268.9736739128,1
4935,348,136.07525058226153,40325.80859172344,1
4936,348,138.0550546499399,22688.695599834737,1
4937,348,140.21758620192054,233680.2711183984,1
4938,348,143.11785928134262,13433.171991446923,1
4939,348,147.1125289916992,34713.338281707765,1
4940,348,157.09708680652437,7482.719926379976,1
4941,348,159.09148948611195,12942.459677528788,1
4942,348,167.0834593255836,7107.984872764373,1
4943,348,168.06579712689933,11214.494855702933,1
4944,348,171.11289796220495,8028.199886898285,1
4945,348,173.1286025538589,19295.72122525302,1
4946,348,175.1186915279515,24295.462047069814,1
4947,348,183.1130281824644,8137.417914922546,1
4948,348,185.09222532298463,15754.215604991128,1
4949,348,185.1651987215368,5201.628556470173,1
4950,348,187.1080258627073,8097.066460198136,1
4951,348,197.1287254395524,8375.372112367211,1
4952,348,201.1238320350647,60999.256806270285,1
4953,348,204.08706324874976,14021.640128749192,1
4954,348,212.1033665077359,9755.231724458585,1
4955,348,213.08721784134983,11593.86540109339,1
4956,348,215.13874091301764,22689.916409952657,1
4957,348,217.08596000118533,6634.104432368624,1
4958,348,226.11839352840445,5505.315080797844,1
4959,348,226.1552137040414,13023.346102601545,1
4960,348,227.10284869505628,4934.787488276415,1
4961,348,227.1751142328436,8780.769125817038,1
4962,348,228.13445152049505,4585.4162818875375,1
4963,348,229.11798839569093,66061.44308587312,1
4964,348,231.0978129351581,8506.514910591974,1
4965,348,239.11408672722013,7520.677238324224,1
4966,348,242.150015235404,7028.463868122904,1
4967,348,243.13396658548496,15352.395411694924,1
4968,348,244.09304075974688,6479.72108830672,1
4969,348,244.16636721073127,56665.9464856316,1
4970,348,258.10899896904976,7179.923189144323,1
4971,348,258.14529379139776,6912.2524238420565,1
4972,348,262.15131641994014,9897.759949152343,1
4973,348,270.1453804948211,10054.508628482732,1
4974,348,272.1718201763862,12439.12967489462,1
4975,348,298.1368479374862,16553.16647446703,1
4976,348,298.14204301505254,15003.343533746129,1
4977,348,314.20763765401506,7737.274714896928,1
4978,348,316.1505050048828,27898.531582901,1
4979,348,317.15211412641736,8060.792313900259,1
4980,348,337.9347916913501,102141.8210576635,1
4981,348,357.17687691754173,15676.99523869024,1
4982,348,383.2296186678672,9620.86432977081,1
4983,348,411.2246748761433,16356.829653052691,1
4984,348,412.2257084437779,8082.52020877032,1
4985,348,429.2348546279973,21252.89593960403,1
4986,348,430.2357733272812,9993.999688164702,1
4987,348,440.2541719222904,335381.1209462442,1
4988,348,472.9129348620912,81901.87620358294,1
4989,348,546.276646858677,50755.31999755799,1
4990,348,547.2836628179441,17232.065677664745,1
4991,348,661.3065121719261,10936.951463256786,1
4992,348,744.9854436140059,139362.27618894543,1
4993,348,753.873664202009,7634.13627642677,1
4994,348,758.3482937282986,15253.49114142011,1
4995,348,758.8487789187811,12370.18024383815,1
4996,348,761.8855053955895,24737.325466500475,1
4997,348,762.3875428196798,18321.738058642808,1
4998,348,762.8882821459289,7939.7131016582525,1
4999,348,766.8757572975479,12150.879647102676,1
5000,348,767.37504952414,11506.310259233442,1
5001,348,775.8832724966654,40063.54096788147,1
5002,348,776.3849064753606,29090.463858300296,1
5003,348,776.8861116771856,12490.949029619043,1
5004,348,789.3659886774027,15505.79839109025,1
5005,348,790.3688623837614,7119.748121817585,1
5006,348,827.4072569368032,11169.480893132832,1
5007,348,841.4039700415826,40064.10044494752,1
5008,348,841.9052867971265,32438.096218191,1
5009,348,842.4063750410502,15929.428027634072,1
5010,348,897.1008001580308,208897.0796937229,1
5011,348,897.9457599094936,20259.69256431716,1
5012,348,898.4476861752538,17729.27819476349,1
5013,348,901.0932631326918,40712.03836896153,1
5014,348,901.428230465462,34024.00840973774,1
5015,348,918.829807651458,63685.56308874731,1
5016,348,920.4066597465036,30518.914736507657,1
5017,348,921.4090601411978,14309.260925866609,1
5018,348,955.4559064194492,30587.868936965453,1
5019,348,970.793927706205,19740.03821505033,1
5020,348,971.1274443359376,46229.55733605957,1
5021,348,971.7906713765036,32878.93509802958,1
5022,348,972.4306870098364,61436.70258797088,1
5023,348,977.1315546450408,352545.6721474267,1
5024,348,977.4657178302144,348750.21102915035,1
5025,348,1004.992894718303,14942.254094821305,1
5026,348,1005.4932620164824,15226.452978217892,1
5027,348,1019.4732287962046,33226.22614227124,1
5028,348,1038.3346497079797,208126.27193234905,1
5029,348,1123.2804425245456,262283.9703332241,1
5030,348,1129.5120791756146,16745.746508051434,1
5031,348,1130.013486399234,15625.695669748253,1
5032,348,1134.5041074847231,41957.975801430126,1
5033,348,1135.5066937934027,23828.211496039497,1
5034,348,1192.0534290132068,18113.02890058245,1
5035,348,1192.552939431709,25201.72470302331,1
5036,348,1194.034038183108,18824.549026963723,1
5037,348,1215.0349278871956,277764.74861422443,1
5038,348,1247.5870111741983,43656.09950505934,1
5039,348,1248.5880702569232,28005.80382157535,1
5040,348,1281.2825564155316,78525.28902521661,1
5041,348,1312.6496646899532,9614.8514187025,1
5042,348,1317.5486175338028,10666.18018339843,1
5043,348,1377.6911738258204,262994.0375682655,1
5044,348,1378.6278555181962,29930.35714784856,1
5045,348,1379.6291532832863,20619.49606344033,1
5046,348,1417.5590494672858,220788.54077389344,1
5047,349,101.07146437434068,219484.9633061209,1
5048,349,102.05552798679896,117521.9858983721,1
5049,349,110.0717393777116,58919.31282516901,1
5050,349,119.0819034863956,179159.7488714247,1
5051,349,120.08128874463638,168530.0337813229,1
5052,349,129.06617539389092,171864.43002540187,1
5053,349,129.10274769551046,102151.7957866978,1
5054,349,130.06526086563454,10043.077028661744,1
5055,349,130.08740651983965,17455.32850351434,1
5056,349,136.07540305808735,39648.609038809314,1
5057,349,141.06590498739214,16321.887367362408,1
5058,349,143.11778585918088,14034.038482036063,1
5059,349,147.11261406294796,31156.92705925057,1
5060,349,155.08194277767845,197207.86637373373,1
5061,349,155.11776424793717,33279.56355937143,1
5062,349,157.09699793042853,87166.28794015197,1
5063,349,157.13341121808858,26709.581888185327,1
5064,349,158.09234567513144,34695.91520148829,1
5065,349,159.07674460575498,23233.14905074547,1
5066,349,159.0913954601241,21502.5041576826,1
5067,349,167.08257293701172,15141.682163726118,1
5068,349,169.1334899254287,28955.806754403133,1
5069,349,170.09244651355962,29560.715543549635,1
5070,349,170.11723610581151,47639.71181237092,1
5071,349,171.07633019949645,45713.53784133096,1
5072,349,171.11269663536498,12161.902874205756,1
5073,349,173.12850310470884,358638.1734026473,1
5074,349,175.11823762575096,386357.05246552575,1
5075,349,183.11283213147044,63668.02069654973,1
5076,349,185.09207293141887,80096.44751682763,1
5077,349,185.16497782183816,233614.4636870448,1
5078,349,187.07125450583067,10772.930005129643,1
5079,349,187.14419530996275,185337.4116263797,1
5080,349,188.1032335058748,73860.20719096187,1
5081,349,195.0763097933637,62552.63336661967,1
5082,349,197.1285453229051,398969.3367602553,1
5083,349,198.08745275264164,96581.49004680169,1
5084,349,198.1312182732348,33776.167468952684,1
5085,349,199.071298307531,44560.100539487954,1
5086,349,201.12349791532085,302467.8994196427,1
5087,349,210.1237126498237,42295.48632348707,1
5088,349,212.10307257838505,85442.11232236151,1
5089,349,213.0869251418792,24680.6466986289,1
5090,349,213.159126652898,193456.41853593703,1
5091,349,213.16075600395973,350170.1016777819,1
5092,349,215.1381702006644,1746459.2315355325,1
5093,349,216.0979107104861,151658.87123044493,1
5094,349,216.1423994046969,174528.9419599683,1
5095,349,224.1031251555508,37117.18946675421,1
5096,349,225.12338841786,225083.8397175117,1
5097,349,226.11861330821333,12979.979718924526,1
5098,349,228.1343443358473,157082.27233519344,1
5099,349,229.1176922530809,20835.82668607704,1
5100,349,229.62166163433028,439836.63891622704,1
5101,349,230.11335272175464,407594.0849892297,1
5102,349,231.11535569488024,54844.863166884126,1
5103,349,233.1650155598685,57690.15012149043,1
5104,349,238.1184912870449,288274.4422790975,1
5105,349,242.11352820450816,67551.02769464413,1
5106,349,243.1336513685144,1374514.1194186667,1
5107,349,244.1366000658845,133625.15364022713,1
5108,349,254.1501833967153,22578.48922160849,1
5109,349,256.12899328809266,332108.48744946223,1
5110,349,264.1327278026636,61092.860280797104,1
5111,349,273.1371149553572,199444.05805321105,1
5112,349,282.1086979618779,37765.302430371885,1
5113,349,284.1244999104409,57078.9334581078,1
5114,349,284.16164235172107,89239.7420724722,1
5115,349,288.1555012799089,88904.40129459392,1
5116,349,296.196835084395,301830.76750913967,1
5117,349,297.1962854149807,35821.464334609496,1
5118,349,299.1351948675708,96305.2646779576,1
5119,349,300.118404265373,50601.94055766444,1
5120,349,301.1507432902762,28334.04121916848,1
5121,349,314.2074884511359,134747.36892445883,1
5122,349,315.1666787703407,61446.74390170664,1
5123,349,317.14559605436506,326299.15405840246,1
5124,349,323.2079317937633,66690.02546236271,1
5125,349,324.19161914643786,598492.5226424254,1
5126,349,325.1506421572764,131141.74532091178,1
5127,349,325.1891637430802,174846.69833046637,1
5128,349,341.2182011922201,95925.46341033209,1
5129,349,342.2024685927332,846851.4870368555,1
5130,349,343.1617324582992,137470.75381869654,1
5131,349,343.20258854032454,187386.2411159075,1
5132,349,344.1561448838976,28101.48255881285,1
5133,349,351.2031232623443,111288.19593697002,1
5134,349,361.1831583587718,171167.07464337294,1
5135,349,369.2134536036496,138115.89126162912,1
5136,349,398.20381719131,71781.84253390272,1
5137,349,409.2818531340376,166852.08131549903,1
5138,349,412.2183004752335,123590.66362220196,1
5139,349,412.22150268554685,121441.54226823534,1
5140,349,420.2250921488314,83838.60449296502,1
5141,349,424.2555667652803,75068.35554488555,1
5142,349,425.2378005981445,67445.27760042834,1
5143,349,427.2917680354774,104504.026062423,1
5144,349,430.23001735671113,202276.7178136613,1
5145,349,437.2759036649389,237714.1688318125,1
5146,349,438.2341404667607,253930.78148774244,1
5147,349,441.2090154175365,339984.1684392723,1
5148,349,442.2116871768249,57732.64116673776,1
5149,349,442.2672676368996,78798.62420077853,1
5150,349,443.250536860252,77323.94603566873,1
5151,349,453.2094647734808,79134.03210899663,1
5152,349,455.28664951110153,272406.3086090945,1
5153,349,456.2446245738013,232464.45697984385,1
5154,349,457.250763586012,38989.4607254287,1
5155,349,458.23559721355633,2024709.2463745184,0
5156,349,459.238016224318,352287.5875591459,1
5157,349,471.2562527974447,141883.92178887263,1
5158,349,507.2558930594966,70113.8360004545,1
5159,349,510.2312842704154,41856.72621319745,1
5160,349,511.2888530311784,101280.56355313606,1
5161,349,515.2565090985365,70881.46654873701,1
5162,349,520.3129289154314,152490.9533550556,1
5163,349,525.2678025333757,146383.33503968266,1
5164,349,526.2712794336779,58655.48516429498,1
5165,349,527.255548376444,119669.46131063848,1
5166,349,528.244124632372,123583.55140465884,1
5167,349,529.2974855767844,141385.00656285585,1
5168,349,529.302189773756,187223.3730570912,1
5169,349,538.3241989862352,371881.9106575064,1
5170,349,539.3273232388659,131284.8300317323,1
5171,349,545.2678259647254,2857574.037885296,0
5172,349,546.2707595737802,615190.6978346222,1
5173,349,547.2729472230501,106841.21695353744,1
5174,349,548.2925993963308,507260.0188546116,1
5175,349,548.7947354513102,268369.9384078854,1
5176,349,554.2561637476871,118109.82255724855,1
5177,349,556.3342373054776,210138.95900205348,1
5178,349,557.2968487517204,505589.54079894494,1
5179,349,557.7979618126238,232701.5345981221,1
5180,349,557.8019168100387,347783.369537784,1
5181,349,566.2934494592193,73491.34658561075,1
5182,349,572.2681430115991,98960.09675447633,1
5183,349,582.8048451513453,154898.32345449337,1
5184,349,583.3066018950503,90124.15378943156,1
5185,349,586.3306439427677,56191.49714814724,1
5186,349,587.5084463102002,2563109.247356416,0
5187,349,591.8097494138893,264583.8891821787,1
5188,349,592.3112151677707,161625.76242659608,1
5189,349,600.8145616646273,212970.3613281434,1
5190,349,601.3152930271103,143536.6899093385,1
5191,349,638.3493911399719,76607.1074676023,1
5192,349,640.3351102388822,122289.76152269971,1
5193,349,646.8334172396052,123892.8673620032,1
5194,349,647.3328289393961,104698.91730983762,1
5195,349,649.3317424789248,74791.04240055612,1
5196,349,656.3524314860241,120748.3204854598,1
5197,349,658.3513807274829,1564992.3440168358,0
5198,349,659.3542408889059,443186.4179901758,1
5199,349,666.3837943393147,238739.4449428152,1
5200,349,667.3451783898759,156386.79386868412,1
5201,349,684.391359117296,170420.91226765467,1
5202,349,685.3519820138772,163099.8591149014,1
5203,349,727.3726942566619,171261.82100286154,1
5204,349,728.3710209704697,74642.82425758652,1
5205,349,735.4059385511611,120734.91198963588,1
5206,349,745.3842509442065,3474815.6579786185,0
5207,349,746.3867132660945,1032650.707464078,1
5208,349,747.389277380866,205994.5748364732,1
5209,349,753.41353731582,359731.24094867567,1
5210,349,754.408449074074,169772.44691077335,1
5211,349,766.409694558323,111078.48120885163,1
5212,349,771.4255210876465,526373.8941994191,1
5213,349,772.4283328914906,202521.76811858625,1
5214,349,840.4544385712722,81637.97966121805,1
5215,349,858.4682346162342,804045.954539181,1
5216,349,859.470587043352,322792.8967929553,1
5217,349,959.5132041485448,235436.5903103753,1
5218,349,960.5141818847655,115333.83392114258,1
5219,349,998.528857735546,144104.82970877734,1
5220,349,1008.5329884311608,205964.1403871963,1
5221,349,1009.5328218376494,123955.48223560836,1
5222,349,1016.5343950086632,371594.3272847962,1
5223,349,1017.5340624798786,171456.46409351224,1
5224,349,1017.5440376956446,222546.5481089897,1
5225,349,1026.5477418147427,223281.13460747752,1
5226,349,1095.5747664826597,408438.7144716914,1
5227,349,1095.5836459073153,637450.4488368034,1
5228,349,1096.5743724681713,211929.2115755,1
5229,349,1096.584903529756,351037.2157618008,1
5230,349,1113.5897959055917,807023.4714609223,1
5231,349,1114.5911232780943,412264.4477955053,1
5232,349,1115.5924424065483,141510.15356021456,1
5233,349,1125.913692645147,2900371.906036748,0
5234,349,1182.6102308166394,245043.69799429423,1
5235,349,1183.6116735941853,144448.63321243753,1
5236,349,1200.614123460723,199125.23300629127,1
5237,349,1200.6255414456928,374908.0784290434,1
5238,349,1201.6268502371652,217515.2919063895,1
5239,352,101.07148535274764,44114.85037557361,1
5240,352,102.0551902026665,35514.14539278232,1
5241,352,104.05317505369796,25794.20417534037,1
5242,352,110.070184312826,84146.92433108672,1
5243,352,112.08737134933472,14065.584048461917,1
5244,352,115.08694723028886,20639.326008365028,1
5245,352,116.0708644942732,15688.875799924332,1
5246,352,119.04940241916924,25056.42698484773,1
5247,352,120.08276433944702,137458.06891174318,1
5248,352,121.08440472607944,17535.706652473,1
5249,352,127.08692529140374,19706.35341217824,1
5250,352,129.06604826994456,34975.301323221924,1
5251,352,129.10414705248522,94356.05290597206,1
5252,352,130.0658695823268,12176.06076782628,1
5253,352,130.08806252093763,46522.88630577507,1
5254,352,130.10592933217433,9047.322125987645,1
5255,352,131.0835341389974,29130.906262156168,1
5256,352,136.07446957542783,189129.8013543992,1
5257,352,137.07881935693885,25435.40951294028,1
5258,352,141.0662812363678,12164.70969709406,1
5259,352,141.10281295054344,28266.52769492778,1
5260,352,143.082495647928,16912.499191296025,1
5261,352,143.11659816667145,89392.69585527158,1
5262,352,144.12181878858996,11397.451288598584,1
5263,352,145.09654168662786,29069.00795161049,1
5264,352,147.11184563648612,61994.14990647082,1
5265,352,155.084116809773,25837.76926385617,1
5266,352,155.11704090663366,9716.379734428156,1
5267,352,157.09670008445272,15793.478520330118,1
5268,352,157.1332913582785,33682.01695741352,1
5269,352,158.09184972958872,15623.302614542015,1
5270,352,159.07619396747987,21979.37317154305,1
5271,352,159.09134637424518,16378.648088817514,1
5272,352,159.11227700018114,30011.60131026084,1
5273,352,166.06148523932336,13323.924751985793,1
5274,352,167.084706550635,10721.80931652341,1
5275,352,169.0965651372784,48460.51683728674,1
5276,352,169.1329091389974,14392.901302700417,1
5277,352,171.07510454044785,11576.764208203693,1
5278,352,171.1126496906522,142915.55237730968,1
5279,352,172.11472672172215,17033.055774748842,1
5280,352,173.09209744067903,21521.582427471243,1
5281,352,173.1284217225096,36286.61506294519,1
5282,352,175.1175476744935,46031.5457208864,1
5283,352,181.06161643485345,10905.872740198169,1
5284,352,181.09616204195245,34870.34888271398,1
5285,352,183.1128791229069,27354.62621776124,1
5286,352,183.14930323550576,92215.04222343637,1
5287,352,184.1524412412901,14331.037573427768,1
5288,352,185.09201221000856,15584.913945863304,1
5289,352,185.12841294687004,30760.187166044983,1
5290,352,185.165387235369,32638.31861860752,1
5291,352,186.12481720914545,11562.218060608991,1
5292,352,187.0716413370768,9895.283886413574,1
5293,352,187.1078038708917,33030.43326635271,1
5294,352,187.14440273573675,22819.65065902543,1
5295,352,195.07593359463456,12430.743367817093,1
5296,352,195.11280970419608,11059.794001522883,1
5297,352,197.12859536875848,32041.604953887498,1
5298,352,198.0874911608449,21454.3310335034,1
5299,352,199.07120907852072,8191.726350160985,1
5300,352,199.1077263800653,13447.126776517092,1
5301,352,199.18151726261263,38000.35408772192,1
5302,352,200.1035997632524,14997.268612498969,1
5303,352,200.13843007189163,14864.06031529041,1
5304,352,201.1242839534108,30273.046002821226,1
5305,352,204.1338964674208,16229.241778335308,1
5306,352,207.1123579966871,26749.77952162224,1
5307,352,209.1043701171875,14036.09080100442,1
5308,352,211.1443733891945,46819.14379349688,1
5309,352,212.1034374792599,13782.478140636556,1
5310,352,213.08721923828125,19979.14073277001,1
5311,352,213.1240658450436,10580.063088825773,1
5312,352,215.137147221252,24177.99595424903,1
5313,352,216.0975379606264,17169.69509161046,1
5314,352,217.085096152432,12840.78043519158,1
5315,352,217.135042614407,27316.03878786829,1
5316,352,224.10379722635585,17705.22572940241,1
5317,352,226.11808905137323,23505.188701663395,1
5318,352,226.15452060699465,12055.925251853469,1
5319,352,227.10413400155525,13947.105781668204,1
5320,352,227.1749180638513,19626.58021115148,1
5321,352,228.1342751442849,44562.824760872325,1
5322,352,229.1167910149757,15147.87153912098,1
5323,352,230.1138794372132,138510.1091141334,1
5324,352,233.16522783790128,29737.735903296965,1
5325,352,239.11349361889984,9542.449223701267,1
5326,352,240.13417190277647,48887.30887350208,1
5327,352,241.1331215127867,12875.480204799718,1
5328,352,242.14995382165395,64267.28805393301,1
5329,352,244.1658525653914,17131.832499672386,1
5330,352,249.0971812105727,11755.17713528118,1
5331,352,251.1502051326816,18857.42118510454,1
5332,352,254.14991099700268,23077.66253351959,1
5333,352,256.12937746209616,13522.973569686805,1
5334,352,257.28172501436194,194593.6456340231,1
5335,352,258.1449233200691,49322.58088974641,1
5336,352,259.1450246766556,13946.924346801849,1
5337,352,260.196470152657,17645.723618507385,1
5338,352,266.15212361653647,11939.879823888145,1
5339,352,267.1091053097747,32247.6813409273,1
5340,352,269.1245701381138,75040.41741722955,1
5341,352,272.16994917022515,21342.59121507444,1
5342,352,276.1552738998876,25302.54711983421,1
5343,352,277.1554513850682,11923.74194464885,1
5344,352,278.11486399259496,11280.017423670926,1
5345,352,287.13473198630595,33266.89843023184,1
5346,352,288.2035715012323,13178.302201816014,1
5347,352,293.70411882996984,76688.46397507384,1
5348,352,297.15567437161826,31825.76877565687,1
5349,352,311.171274014177,43577.85125575888,1
5350,352,313.2235791436557,21704.359703458587,1
5351,352,315.16668349529,28680.128913220065,1
5352,352,323.17313250373394,20637.2215034167,1
5353,352,329.18538870462555,14195.966698204598,1
5354,352,338.14583237106734,16269.88636072262,1
5355,352,340.19684207211634,14393.040704672503,1
5356,352,341.1828786143056,14697.746666968284,1
5357,352,358.20972884740587,17027.40286032359,1
5358,352,368.19290330049296,34201.36285710071,1
5359,352,382.2086167555589,38506.29991249671,1
5360,352,386.2044290954813,28450.61683885344,1
5361,352,387.8921953697811,205398.02971738973,1
5362,352,413.2141158905536,62398.1633027289,1
5363,352,414.2158831167912,18241.23720456552,1
5364,352,458.2141632287681,19862.6166952743,1
5365,352,471.2922217525653,15030.305179766754,1
5366,352,478.6352912306694,151119.00891973,1
5367,352,481.27372371515577,24129.92231885921,1
5368,352,484.2515163218,48148.42982857592,1
5369,352,485.1162778394371,120339.97624231508,1
5370,352,485.254218183245,27619.0794979964,1
5371,352,486.2529055670775,160646.04411916307,1
5372,352,486.751929303725,89022.18564778609,1
5373,352,487.2549205531735,31007.70423123399,1
5374,352,490.26832085971176,124044.41718677653,1
5375,352,499.288063020085,30844.826025074926,1
5376,352,501.93514358260205,183867.770739219,1
5377,352,521.7700808778101,32100.790017381005,1
5378,352,522.2705864057149,29214.121833174195,1
5379,352,559.2886159094305,21569.64405478806,1
5380,352,581.2699661788407,17503.542602112244,1
5381,352,598.2942498412655,57244.37176632291,1
5382,352,599.2948103162978,28554.54514626397,1
5383,352,615.2499357859293,27710.93794862429,1
5384,352,668.3497708898012,21901.105138298604,1
5385,352,696.3467334565662,30490.843371836345,1
5386,352,720.3142940980748,27402.574292938232,1
5387,352,720.4891946923826,38492.88822720628,1
5388,352,761.3559158483591,154378.5315462,1
5389,352,762.3561305215914,63526.50387824072,1
5390,352,762.3631311572573,72312.4048321802,1
5391,352,767.1660725074057,119627.27468098572,1
5392,352,825.3894199172468,32883.35809185154,1
5393,352,826.3923287898937,21983.633795258,1
5394,352,874.4441607381395,62748.2507488567,1
5395,352,875.4462078170271,36964.527369821306,1
5396,352,903.2708695455192,186079.5558048084,1
5397,352,913.8340528673594,26648.330361915152,1
5398,352,971.4934795095696,209520.1592903013,1
5399,352,972.4950260024472,115615.14186842278,1
5400,352,1042.5302214075307,44629.54140901826,1
5401,352,1043.5321947554469,29660.084688589606,1
5402,352,1056.211834703783,72333.06355984253,1
5403,352,1058.5364459749358,155790.75828969813,1
5404,352,1074.3979693812787,203036.6958117848,1
5405,352,1129.565970844126,74380.1624177892,1
5406,352,1130.566870273688,50748.806688210905,1
5407,352,1156.33591859549,184172.315501501,1
5408,352,1180.3790517654377,49272.55149997927,1
5409,355,120.08241921543596,166509.09936891118,1
5410,355,129.10246354706433,19455.761095319474,1
5411,355,136.07344680691358,533763.6308940627,1
5412,355,137.07884777832032,41499.84368261719,1
5413,355,147.11253792149915,11181.816151622235,1
5414,355,153.06582376628575,10017.44187104916,1
5415,355,155.08147240787574,9870.897663579512,1
5416,355,159.09155254040735,22685.220907178977,1
5417,355,169.0971517327971,7392.98182309907,1
5418,355,171.07587629408056,36035.3107249083,1
5419,355,171.11280396530748,6601.084575759632,1
5420,355,173.12857200985863,7229.371130428617,1
5421,355,175.11862416821856,11472.049718679384,1
5422,355,179.28901703384363,278288.1191026219,1
5423,355,183.1128793334961,8216.041705627442,1
5424,355,183.1492674003527,5763.108866811956,1
5425,355,185.0920610150087,6275.873112447053,1
5426,355,185.12816421761696,9133.610025058137,1
5427,355,185.16492213759312,6284.832152211389,1
5428,355,187.0713006668732,9407.101184300014,1
5429,355,189.08697694872245,20089.20447562796,1
5430,355,197.1284664722199,6380.714361312542,1
5431,355,199.07133394479752,12172.05987673998,1
5432,355,199.1078355002538,5365.128318096959,1
5433,355,199.18154239908853,120308.94609423829,1
5434,355,200.1838154668393,15197.154860256029,1
5435,355,201.12349992049369,12579.34135153419,1
5436,355,207.11281682156968,13896.37584993209,1
5437,355,213.0868756198144,9783.383592649949,1
5438,355,215.13866445607152,11271.374180445178,1
5439,355,217.0856116321296,25295.684980660862,1
5440,355,226.11852502310148,8359.378316079417,1
5441,355,227.1024606609872,7206.44475028528,1
5442,355,227.1753208291248,79762.46680933567,1
5443,355,228.13420725977696,7201.74833741299,1
5444,355,229.1178499178122,9511.025211654547,1
5445,355,231.0614311581566,11759.570304870604,1
5446,355,233.0923934038948,10739.80666287366,1
5447,355,235.1076455485026,45126.017555908205,1
5448,355,235.14381619540129,16342.247914914218,1
5449,355,241.0818389182867,17597.239586915686,1
5450,355,243.13370308592368,23867.686629168373,1
5451,355,244.0926088389784,9091.77308987627,1
5452,355,245.076113567672,7093.157232231268,1
5453,355,251.10290731842983,98600.04895303176,1
5454,355,252.1059665270629,14907.322979276272,1
5455,355,259.09218541587273,20412.21931034181,1
5456,355,261.1577922712054,11521.510523251123,1
5457,355,263.1028059619968,28028.816647392207,1
5458,355,268.092663675382,14336.063807171353,1
5459,355,279.0971562612392,68450.69977380309,1
5460,355,281.1496929033154,149783.1675950416,1
5461,355,282.15164952630164,22348.989499125702,1
5462,355,286.1035615586743,52418.91452896964,1
5463,355,302.0978713497039,26393.32856844625,1
5464,355,304.1135339034231,65759.55918275431,1
5465,355,318.1451970727404,13246.164364642202,1
5466,355,332.1240856076075,20586.247261748827,1
5467,355,350.1345866435283,37583.447694531,1
5468,355,356.1085652124922,19877.10396193182,1
5469,355,356.2174571384893,30459.93120910372,1
5470,355,372.1761977326326,19865.88756338986,1
5471,355,380.1459502683192,23964.06680899188,1
5472,355,413.13012671927385,20745.314850226216,1
5473,355,415.16979890180056,18947.081620026624,1
5474,355,426.1658209676796,17699.529910620997,1
5475,355,431.1449725143309,22206.190197215816,1
5476,355,433.1694009522379,23424.42710890438,1
5477,355,439.1830174746025,25521.45569123986,1
5478,355,451.1827765451351,31457.18191997434,1
5479,355,465.1627801096337,28924.589863427176,1
5480,355,467.1765774150757,29227.46445271098,1
5481,355,471.1354384028334,33696.02847816869,1
5482,355,485.2630600491584,24133.525569174024,1
5483,355,487.2040010109926,19684.185728708904,1
5484,355,489.1463197783873,26665.499645412183,1
5485,355,542.1727310527455,36516.06913487884,1
5486,355,548.1956193806739,28454.16740589435,1
5487,355,560.1834021487953,31344.0094171042,1
5488,355,566.2100934392756,23678.0241725991,1
5489,355,594.2060670178346,20743.42847717531,1
5490,355,600.287636496804,23676.27986823596,1
5491,355,602.230878795277,20735.48342445547,1
5492,355,655.2548339236434,22140.32671777052,1
5493,355,673.2678794311172,42175.49238193276,1
5494,355,674.2702459752912,18442.19166443052,1
5495,355,697.3056590544871,23804.335678931995,1
5496,355,709.232219462492,25376.728642054968,1
5497,355,715.3135664302147,33590.5044425075,1
5498,355,723.2460430099303,29149.585765614567,1
5499,355,729.2712047182281,30494.90251847177,1
5500,355,758.3538016595784,20292.28866256624,1
5501,355,786.3511338121309,61169.37130824412,1
5502,355,787.3532986111111,27537.89353129977,1
5503,355,836.3304901666064,33204.74517942239,1
5504,355,838.2724704003149,34932.77224853057,1
5505,355,949.4137074253016,39825.47603510806,1
5506,355,1064.4443404754295,126767.69308748563,1
5507,355,1065.4463076901127,56534.57087327133,1
5508,378,147.11165974934897,25068.393494669595,1
5509,378,242.14887435347944,166791.16549908672,1
5510,378,305.8521996252904,144357.70912830383,1
5511,392,101.07149609854056,545841.6534588836,1
5512,392,103.05487718835342,333451.9622667701,1
5513,392,110.07142486108472,481307.0919473295,1
5514,392,120.08406490376342,3091931.970736281,0
5515,392,121.08457985493676,278510.77754771675,1
5516,392,129.0666583765333,163830.40899912515,1
5517,392,129.1044996729437,834399.1052056284,1
5518,392,130.06761807342835,27084.397293505463,1
5519,392,130.08777618408203,227590.4464276264,1
5520,392,130.10589293828087,46657.512816641065,1
5521,392,131.0858375083212,17560.932576381892,1
5522,392,132.08133958025675,15777.257461885129,1
5523,392,136.07578984742523,25101.725383672405,1
5524,392,143.1175483109115,142054.4988563835,1
5525,392,145.0615767524356,25380.328566761244,1
5526,392,147.11172706430608,291467.5305770202,1
5527,392,148.11637747159568,12504.16118969114,1
5528,392,157.0612532103426,82549.23413122585,1
5529,392,157.1334945501968,10535.284954934506,1
5530,392,159.09189528257107,19750.120739912625,1
5531,392,162.09142792616163,48491.66920585549,1
5532,392,166.0615640150762,31628.08348708026,1
5533,392,171.11283731695465,262238.9122852269,1
5534,392,172.11659426380928,12054.356091285386,1
5535,392,173.0561399547332,27562.55767703275,1
5536,392,173.1286106418919,18544.62834670608,1
5537,392,175.0718226600532,49256.1250915144,1
5538,392,175.0870885900549,99914.62905397156,1
5539,392,175.11854139892026,18648.736039981886,1
5540,392,181.1089294125336,54966.16045487529,1
5541,392,183.1132522456902,12448.735152283976,1
5542,392,185.05600715991315,12147.828857615024,1
5543,392,185.12941480848525,16530.427512986924,1
5544,392,185.16594608720527,996492.8236467292,1
5545,392,186.16852909556607,81784.5185179861,1
5546,392,189.1028154410568,13137.204080338572,1
5547,392,191.11794980696445,178132.9175986387,1
5548,392,192.0770034338596,83509.07824196901,1
5549,392,192.12185839434576,30274.26441499508,1
5550,392,197.1287951402261,39293.94182462328,1
5551,392,199.1809926449673,20945.107090440768,1
5552,392,200.1393153366533,20604.348298563546,1
5553,392,201.12385191740813,30066.8110031022,1
5554,392,203.06661571942567,92609.39814684748,1
5555,392,207.1131007869701,158848.63898751693,1
5556,392,208.116441257337,31521.701902928777,1
5557,392,209.10382549579327,136588.62413082193,1
5558,392,213.1585771311884,135292.0964012379,1
5559,392,213.16224908525007,472654.1483191836,1
5560,392,214.1635092995384,21018.93879200329,1
5561,392,217.09696792420883,30855.268095833915,1
5562,392,219.11310139640432,44416.04248257934,1
5563,392,219.14952897052376,8742.050427183813,1
5564,392,223.1549230223177,39113.438667185495,1
5565,392,228.1346708297729,28663.21304109573,1
5566,392,229.11797856102305,19609.18274495621,1
5567,392,230.07747820685893,34559.4518483779,1
5568,392,231.1131609136408,46581.46500641058,1
5569,392,235.10811983121857,77673.85104119361,1
5570,392,239.17568448100224,16027.79561139829,1
5571,392,240.1346859179045,14550.346553137428,1
5572,392,242.1502709201897,134169.99125096257,1
5573,392,242.1866482372941,41915.3504018948,1
5574,392,243.15393850421376,10341.534220584848,1
5575,392,251.15055222189244,70496.16337178215,1
5576,392,257.1975433879691,62511.84545171468,1
5577,392,258.1454976707067,15911.878910733134,1
5578,392,260.0881409029239,177347.93019058256,1
5579,392,270.18179837660944,296792.0836465904,1
5580,392,271.18455084015795,30056.230440006817,1
5581,392,275.2080907604532,208817.78626615988,1
5582,392,276.134534570999,103362.12663132275,1
5583,392,276.2114536451257,18259.93001642089,1
5584,392,285.1342693906842,19123.551728763003,1
5585,392,286.13904200453703,81033.06080015903,1
5586,392,286.14099524156103,55051.5219285875,1
5587,392,287.21222723098026,13005.492698941913,1
5588,392,290.7856873816463,3009321.9163974086,0
5589,392,296.19717493713625,14686.043585966474,1
5590,392,313.22386866030484,94281.06804153883,1
5591,392,322.1878192394375,75371.82537870981,1
5592,392,327.167078022494,58517.979408298605,1
5593,392,332.1249968430092,41694.51669235887,1
5594,392,339.20380993238007,40650.167837755485,1
5595,392,341.2183372602896,128898.94891387518,1
5596,392,342.2229351775016,13513.65505965633,1
5597,392,343.162116055115,101338.55336883652,1
5598,392,345.1769157250722,71077.57803237438,1
5599,392,348.1666724936476,64040.8459339327,1
5600,392,350.13558112250433,17514.866829130384,1
5601,392,351.2140591374888,48147.91125643658,1
5602,392,355.16233213182903,36791.891102266985,1
5603,392,357.176725467522,14759.166454657823,1
5604,392,361.22431959929287,60626.00828522223,1
5605,392,363.1674625329804,15758.026407944528,1
5606,392,364.1181444929748,1488807.9725731,1
5607,392,366.1776586679312,59150.96193912003,1
5608,392,373.1723984204806,54796.96256732941,1
5609,392,375.2038457758911,37975.06013881928,1
5610,392,379.20924718520223,56638.07681486242,1
5611,392,385.8864866612154,1379492.7755192674,1
5612,392,388.2925427311547,32950.35572455971,1
5613,392,389.2177901067653,32686.05633352584,1
5614,392,394.8651642845698,379044.2757487307,1
5615,392,396.9280876263773,1035851.936439174,1
5616,392,407.1566650706869,19496.331150193288,1
5617,392,410.2421655812975,38981.89041308408,1
5618,392,416.2145431082589,15772.859799717497,1
5619,392,426.1977472305298,37076.836993436016,1
5620,392,428.25154531892935,37557.84660032551,1
5621,392,433.30354212021473,192382.81836416668,1
5622,392,434.2564709562085,222610.65896136945,1
5623,392,434.7575791021099,117511.9603502761,1
5624,392,435.263594287937,16998.124809566863,1
5625,392,437.2149794346707,48214.19287363688,1
5626,392,443.2662943089262,17400.116339371052,1
5627,392,444.0691084278076,240268.64992762063,1
5628,392,444.21095231558775,35462.774290725894,1
5629,392,451.2301148693971,15734.732549493963,1
5630,392,451.2682188069162,64895.18620216042,1
5631,392,456.24656638121,40099.52759744833,1
5632,392,460.2928349838644,48360.55525553166,1
5633,392,466.243000238592,22994.05049695101,1
5634,392,469.7751113298504,189340.21746243857,1
5635,392,470.27644383480674,97184.4426000334,1
5636,392,477.4036345165453,1872232.2990651508,0
5637,392,480.2222295374304,63267.11159382,1
5638,392,480.5943031311035,22151.869714021683,1
5639,392,480.928765444832,15886.171576188848,1
5640,392,486.5972263927766,34146.293836950616,1
5641,392,486.9323015162554,24571.085806548912,1
5642,392,488.28844084192497,43321.44046190606,1
5643,392,492.2464723638035,51134.85457052139,1
5644,392,492.2949061075846,48916.73425994449,1
5645,392,494.23624355235,52712.08355180253,1
5646,392,495.8878695887173,2808034.6128846407,0
5647,392,496.11904099935794,1385159.1366075487,1
5648,392,502.335449514463,149469.43865869212,1
5649,392,503.33687786723294,26944.301481876817,1
5650,392,516.6019880266338,2422686.4355393946,0
5651,392,518.1629286839141,578030.476067347,1
5652,392,526.3169238068336,44172.51657388377,1
5653,392,548.2917755790379,16899.948203542957,1
5654,392,549.6832401886377,2823659.501949615,0
5655,392,551.2568740844727,61023.574110746384,1
5656,392,553.2734446584443,59357.60696969209,1
5657,392,554.8284777977601,347916.78318299225,1
5658,392,555.3301256793478,194762.27917910367,1
5659,392,555.8312637402815,49519.696797615085,1
5660,392,565.3118125708081,40004.20034642522,1
5661,392,581.2688941092513,82608.96350442877,1
5662,392,582.2709933194247,15751.443262186918,1
5663,392,591.8111745350396,17712.072997363644,1
5664,392,593.3059127004523,121986.319335809,1
5665,392,594.3091804594861,27066.0720517004,1
5666,392,597.8711849887204,1699076.4900350366,0
5667,392,603.3365346234108,52129.893706231065,1
5668,392,603.8342775617327,28170.442181678045,1
5669,392,604.0284594402381,75100.8046802113,1
5670,392,604.3342936446027,14254.041433473913,1
5671,392,607.3239509561844,64593.43550676382,1
5672,392,612.3433796888121,295029.4936419174,1
5673,392,612.8438645565149,174615.74089714975,1
5674,392,613.3455853800135,41823.786075902426,1
5675,392,617.3643182550819,207375.0158479784,1
5676,392,618.3667284890157,56376.77589744963,1
5677,392,638.3445212380927,59943.49288123951,1
5678,392,646.8525859657638,136739.56855338396,1
5679,392,647.3515794064517,115497.42498893916,1
5680,392,647.8527067485609,26902.884738748115,1
5681,392,655.8570575978496,513434.3772648273,1
5682,392,656.357660817984,268032.12496822013,1
5683,392,656.3631066118362,535704.6183069482,1
5684,392,656.8574285427061,67516.18858991351,1
5685,392,656.8630616125399,148432.55324181326,1
5686,392,657.3645848891314,26710.409911391314,1
5687,392,660.8505990164621,60033.72126078161,1
5688,392,661.3518124766558,24257.59209591079,1
5689,392,664.3440971178886,119857.67017431014,1
5690,392,665.3463877085093,44060.710912137416,1
5691,392,694.3528159776301,63270.25281090445,1
5692,392,720.3872578702781,106470.61028464156,1
5693,392,720.887963442067,69725.53295086154,1
5694,392,721.3889253468143,72929.46918311634,1
5695,392,722.3517027980063,39106.39951341724,1
5696,392,722.6136879850753,2638747.510957805,0
5697,392,728.3357251117684,27795.498959138906,1
5698,392,729.3925840355191,221448.0970615794,1
5699,392,729.8933196897931,184114.68515477973,1
5700,392,730.4498322192719,307281.8220467858,1
5701,392,731.450617395099,111359.8288366355,1
5702,392,739.4092417399089,25876.875998942058,1
5703,392,764.911783264455,30735.382387465324,1
5704,392,765.4128167984334,44954.66376487245,1
5705,392,791.8502582888092,2662063.062491445,0
5706,392,792.4341265207314,27133.59519462126,1
5707,392,793.425706255465,113534.69381535664,1
5708,392,793.9252751095885,66786.9310934674,1
5709,392,794.42779849274,44748.90538298482,1
5710,392,809.3847195691678,26861.68206918458,1
5711,392,820.6562120143647,1012119.4346780597,1
5712,392,823.1006871851305,823266.9588464733,1
5713,392,834.4487923863422,115222.94807287007,1
5714,392,835.4512243026342,28137.874616900062,1
5715,392,836.3915830617586,67687.84890535263,1
5716,392,867.5067219132533,352833.2852696421,1
5717,392,868.509467709449,157295.61074047704,1
5718,392,869.5118008837288,39416.69926333329,1
5719,392,882.261110052572,108382.97401280885,1
5720,392,923.426202608458,136554.82184426655,1
5721,392,924.4273871344488,30054.671422700623,1
5722,392,933.7871525922308,2782362.83073254,0
5723,392,938.5459464195932,285682.1569064603,1
5724,392,939.548191691169,140741.80021198918,1
5725,392,940.550391070919,25160.064916392985,1
5726,392,944.954653484538,2785080.525895628,0
5727,392,949.4740779787996,89484.20524088173,1
5728,392,950.4741788785132,41367.91767115847,1
5729,392,952.274825384549,1745970.5479191537,0
5730,392,957.3888185995484,2841754.2837670576,0
5731,392,962.5472821403952,28550.17427027085,1
5732,392,1008.5122392338478,28341.477778364544,1
5733,392,1018.4935306433476,76877.4743387858,1
5734,392,1036.508307454798,159969.86345690856,1
5735,392,1037.5106606896902,66457.6266550494,1
5736,392,1055.3204698139075,2457139.0089785014,0
5737,392,1070.491881701411,51551.36617574887,1
5738,392,1072.4075295887778,2334023.036747029,0
5739,392,1091.4360035269874,2957355.620026584,0
5740,392,1105.2919992053694,1970228.7647399453,0
5741,392,1108.6498267330342,66252.8096277607,1
5742,392,1125.9788741972325,1114111.0719879004,0
5743,392,1164.6077021846063,62557.54554385231,1
5744,392,1165.589614868164,58023.68569596609,1
5745,392,1182.5526344542038,957286.9298199652,0
5746,392,1183.5736684219614,94464.34906461094,1
5747,392,1183.5865760216343,70106.93476334972,1
5748,392,1235.227930718301,1148628.2479473706,0
5749,392,1257.3327738407704,2086689.1113876384,0
5750,397,101.0711481896906,97096.65471915992,1
5751,397,101.1075933424093,5044.293361426747,1
5752,397,102.05510808244536,27112.38424436352,1
5753,397,104.05301666259766,19419.13308979071,1
5754,397,105.06609340814444,13390.912538455084,1
5755,397,110.07054991104278,52802.88957567944,1
5756,397,111.07409258481474,5279.96764535419,1
5757,397,112.08722670534824,6192.754740288917,1
5758,397,113.0716358434374,8177.407873813237,1
5759,397,115.0867658309706,10159.969382202516,1
5760,397,116.07065935760852,8704.991782464576,1
5761,397,119.0492926917782,10418.522129609695,1
5762,397,120.08304653228662,73230.7816782211,1
5763,397,121.08433168454278,14216.317184620331,1
5764,397,125.01069884082764,57177.12029209596,1
5765,397,126.05500645313448,13596.65129129632,1
5766,397,127.05049560882232,6844.2143631819845,1
5767,397,127.08668887689248,10980.794805917682,1
5768,397,129.0661733733738,14876.790841761576,1
5769,397,129.1032825125341,90116.60950790832,1
5770,397,130.04980959633525,10602.650249828665,1
5771,397,130.066143272663,9302.962058389598,1
5772,397,130.0874326634832,24725.13813230245,1
5773,397,130.10576777458192,8476.138749861717,1
5774,397,131.08378528700516,11178.037100290592,1
5775,397,131.11747174744212,10321.142777819152,1
5776,397,133.04403003056845,14962.102737903597,1
5777,397,136.07437195715966,180414.71678669425,1
5778,397,137.0787371811535,21108.36295543643,1
5779,397,137.11023272583816,37376.324629267845,1
5780,397,141.06600618362427,10081.178860783575,1
5781,397,141.10260358846412,14797.623540410455,1
5782,397,143.0815942709338,12871.12972425924,1
5783,397,143.11710362346625,22105.8988310301,1
5784,397,145.06084622618974,6392.194515228272,1
5785,397,145.09602194892037,12508.919408983656,1
5786,397,147.07541099113504,12305.294553094578,1
5787,397,147.11185507149116,40885.2313281356,1
5788,397,155.08303290245516,13742.77015525596,1
5789,397,155.11722138999164,9827.474580737127,1
5790,397,155.12763861161244,32266.15946001141,1
5791,397,156.07635078430175,13979.27679496765,1
5792,397,157.06142630228183,7649.561489272699,1
5793,397,157.09658085321584,18420.637664470265,1
5794,397,157.13321668752667,14073.455956281565,1
5795,397,158.09054753367852,12023.054965089144,1
5796,397,159.07625942944205,20802.41136456046,1
5797,397,159.0912500085965,23703.11771216594,1
5798,397,159.11238335233287,9468.13302533275,1
5799,397,161.67928529751023,136045.86996001322,1
5800,397,166.06139811073862,13707.162773760354,1
5801,397,167.08359030587332,10486.876137183051,1
5802,397,169.0967165260013,15705.933485871568,1
5803,397,169.13334458132823,17042.447593930257,1
5804,397,171.075840850052,17562.57376394731,1
5805,397,171.11260195770953,16275.434527608604,1
5806,397,173.09202296665737,61034.9559552002,1
5807,397,173.12836878670123,113922.6472115882,1
5808,397,175.0872276633795,8540.861560236457,1
5809,397,175.11751456638288,32356.94104172775,1
5810,397,181.0608332316081,9548.440167268118,1
5811,397,181.0965102439703,8633.325820671496,1
5812,397,183.07607284394825,9233.229343263229,1
5813,397,183.1127098798752,19596.91092574969,1
5814,397,183.14899328534275,15269.144469548197,1
5815,397,185.055587679322,7531.826890733507,1
5816,397,185.0918638180464,20506.55613906812,1
5817,397,185.1279304924361,32126.36127064206,1
5818,397,185.164709524256,25101.63201067644,1
5819,397,186.08812974215536,21207.37028745173,1
5820,397,186.1235574811897,16492.499533224425,1
5821,397,187.07138187129323,13668.705845367618,1
5822,397,187.1076513368484,17532.049993303088,1
5823,397,187.14398072668388,27337.23737561501,1
5824,397,189.0870507531585,9337.020851646008,1
5825,397,190.1111691640841,161553.25364574598,1
5826,397,190.3736185289545,118780.86785995791,1
5827,397,193.0964889080204,14370.543143018644,1
5828,397,195.07579527662395,9360.050082864896,1
5829,397,195.11262740211924,13044.756855676917,1
5830,397,196.9112099783564,150740.2149368725,1
5831,397,197.12846485619409,18102.01024506856,1
5832,397,198.08723995420667,9963.40101599031,1
5833,397,199.07129565632573,11423.33042553191,1
5834,397,199.1076355891441,11794.125996763314,1
5835,397,199.1807714300117,17264.670436195032,1
5836,397,200.1035829952785,16300.115104215483,1
5837,397,200.1389983241997,30964.242553869262,1
5838,397,201.0871393855768,11478.161286774535,1
5839,397,201.1238867680829,74059.3739012166,1
5840,397,202.08339086647243,8191.846743724385,1
5841,397,202.39344413668303,86243.88421554727,1
5842,397,203.1052953546697,14138.77085948424,1
5843,397,204.1342608133952,12400.911856086166,1
5844,397,205.0967624758886,27276.20967648049,1
5845,397,207.1124748816857,25940.51237626128,1
5846,397,209.0915056195176,6419.01039284154,1
5847,397,211.10785522460927,9005.769841377953,1
5848,397,211.14405918495328,11865.335402694403,1
5849,397,212.1030244126832,20605.424854817364,1
5850,397,213.08722255706783,12497.793311691285,1
5851,397,213.1237565017328,9323.407294854886,1
5852,397,213.15894543213705,21114.7638982475,1
5853,397,214.11811000044628,21086.963088168894,1
5854,397,215.13770560963383,25478.37476966535,1
5855,397,216.09756568720945,38569.56393603297,1
5856,397,217.08599234600456,11813.910350741173,1
5857,397,218.14989073663696,14910.056525681432,1
5858,397,223.1076721646893,30225.18057504768,1
5859,397,225.12309141416807,13691.34646229486,1
5860,397,226.08234434861404,8776.914679908752,1
5861,397,226.1181534769364,15041.350501930076,1
5862,397,226.1546137383644,8815.203899018308,1
5863,397,227.1026575820251,13101.269038713202,1
5864,397,227.1750421356737,12591.898964131087,1
5865,397,228.1340410675112,31027.935592949023,1
5866,397,229.11727768955728,20471.244850357947,1
5867,397,230.0774492930217,8915.670055343444,1
5868,397,230.11349725919496,17707.84895751898,1
5869,397,231.096780583722,13835.814146987144,1
5870,397,233.0924074282205,15615.75571419384,1
5871,397,233.1649424803324,22026.749422702043,1
5872,397,235.10905360843248,18390.30823245032,1
5873,397,235.14410535027,11348.024529027003,1
5874,397,237.1258415099113,20120.193592748336,1
5875,397,240.0972926598469,12977.18476806524,1
5876,397,240.1339634031291,14813.584304038912,1
5877,397,241.08342902773904,9584.939107676915,1
5878,397,242.1497848040584,22472.63689138108,1
5879,397,243.13310958243704,18155.07269068022,1
5880,397,244.0925729847487,14431.64557958848,1
5881,397,244.12956707652023,11593.74980494162,1
5882,397,244.165367757863,16379.365503704135,1
5883,397,245.0761116823536,11595.38691098266,1
5884,397,247.1080717406521,17354.007564665953,1
5885,397,249.12366497967693,13020.290814448692,1
5886,397,249.158552186679,16464.297523346624,1
5887,397,251.1023812789644,23966.93529113988,1
5888,397,251.14962966625507,11748.67549909078,1
5889,397,252.89269674092048,19589.646544143176,1
5890,397,254.14982427978515,11772.85765524292,1
5891,397,258.1082715826519,14354.879005973622,1
5892,397,258.1447436523438,14119.891890075683,1
5893,397,260.1965476664322,10583.587380513196,1
5894,397,261.1562549162056,44030.23054660925,1
5895,397,265.11776804784586,27879.79596005267,1
5896,397,268.1293188693255,7398.113980671358,1
5897,397,270.14557802504385,59433.00824090709,1
5898,397,272.1688633471464,14826.430089412535,1
5899,397,277.15430809671034,10954.12383841613,1
5900,397,283.1424570286528,15990.01027005784,1
5901,397,286.1380498438706,15081.246523598094,1
5902,397,288.2029771216121,10805.757231671134,1
5903,397,297.15525560418274,11563.51696840137,1
5904,397,299.1714503750479,11226.324406442469,1
5905,397,306.26115928398326,160793.10423322153,1
5906,397,311.17157063802085,10286.115554116566,1
5907,397,312.15463610907284,19024.035945154686,1
5908,397,315.1663016777534,29685.52460447844,1
5909,397,325.1878540372588,9756.384062255016,1
5910,397,329.18244418084333,14305.111840031574,1
5911,397,341.1459634183633,9553.3792935959,1
5912,397,357.1763191403936,40647.04592870197,1
5913,397,358.1166464068925,98639.04238359942,1
5914,397,361.1500920121388,62192.45825654717,1
5915,397,365.96519154284255,149061.60380866608,1
5916,397,376.18388798884575,33033.35447807532,1
5917,397,442.2664373145913,15843.027756385083,1
5918,397,463.9307333044528,98971.7243604134,1
5919,397,478.2304387438897,30251.70263855151,1
5920,397,546.2882098954977,63585.76994481529,1
5921,397,548.9462441549388,49946.74232509156,1
5922,397,590.1562776798474,73853.31798265701,1
5923,397,635.078328579687,142215.9490972207,1
5924,397,661.3125083963707,95506.78873617182,1
5925,397,666.674630587028,77941.22804001905,1
5926,397,670.8908938255031,113404.11161372214,1
5927,397,732.3508504231771,103511.80898850964,1
5928,397,761.5942905263174,89102.7518904239,1
5929,397,818.2231794529763,55442.7959400596,1
5930,397,821.9632288819909,61203.670672268265,1
5931,397,823.2919850824533,78972.86722428266,1
5932,397,845.4319646860987,81804.30711104731,1
5933,397,872.4936889795746,139674.3753121118,1
5934,397,887.1040940785471,168654.33180027283,1
5935,397,902.3397195544616,32096.65337888028,1
5936,397,905.2918289435814,19587.74002841324,1
5937,397,910.1726096618088,138204.0877633066,1
5938,399,101.07121120252108,23928.860637865568,1
5939,399,102.0552612559709,18427.69980740348,1
5940,399,110.07110049174382,27421.24466656721,1
5941,399,111.69439542511758,14839.94360635316,1
5942,399,115.08690406615476,8757.131194134792,1
5943,399,116.07096120289394,4825.794484240668,1
5944,399,120.08242158556072,52699.54457878408,1
5945,399,121.08433580900494,9196.695357312654,1
5946,399,126.0550934490673,4730.710457562125,1
5947,399,127.0869262323147,8777.306949671303,1
5948,399,129.06612552595726,8452.615879350828,1
5949,399,129.10323542764743,49889.96769917828,1
5950,399,130.0662899511466,8033.534468655759,1
5951,399,130.0870193539908,20730.813295203607,1
5952,399,130.10593682209043,4168.516541961495,1
5953,399,131.08518092564174,4537.931303405761,1
5954,399,133.0437562284414,12245.800167976067,1
5955,399,136.07465814307253,43856.704746724026,1
5956,399,137.07891506618924,4986.556558548458,1
5957,399,138.0550144218399,5776.115745087584,1
5958,399,141.06603644875918,11076.596281691818,1
5959,399,141.10250251342413,10047.82657276705,1
5960,399,143.0814903833533,7237.722495622533,1
5961,399,143.1170637827071,14900.091953156489,1
5962,399,147.0763454713683,8309.284507382896,1
5963,399,147.1121135117085,26953.493503764297,1
5964,399,155.08274422261252,11350.49938341397,1
5965,399,155.1174070901711,10847.145275819235,1
5966,399,157.0617360853611,16129.804141281242,1
5967,399,157.09670917849292,8918.713069379148,1
5968,399,157.13321511404854,45575.20807771228,1
5969,399,158.09028998628975,8995.573493291196,1
5970,399,159.0765153571741,13557.573262866576,1
5971,399,159.09158530495384,17971.581792879973,1
5972,399,166.0614190313029,6075.412986379539,1
5973,399,167.08325793696386,5991.742068452772,1
5974,399,169.09693664213572,11082.064435326593,1
5975,399,169.13291379327643,45858.94063106694,1
5976,399,171.07550523686706,12314.392641249537,1
5977,399,171.1128460676996,12043.81040072505,1
5978,399,173.09218468888258,13065.627283533842,1
5979,399,173.12925424246953,19776.858661935246,1
5980,399,175.0717101654449,9851.882171531775,1
5981,399,175.11798832546057,18511.733876341543,1
5982,399,181.0969917660668,6761.479221634638,1
5983,399,183.1129098063364,14132.719688785011,1
5984,399,183.1491758900304,15073.66523259686,1
5985,399,185.05583181260508,6083.876373773889,1
5986,399,185.09214064895465,17440.433724659746,1
5987,399,185.12804964026623,76041.52942514225,1
5988,399,185.1648399662708,69213.17031139642,1
5989,399,186.0883401140052,14528.87694488829,1
5990,399,186.1242768991048,17267.42824485399,1
5991,399,187.07123100687065,36140.291497112026,1
5992,399,187.1078540061017,11629.060912756611,1
5993,399,187.1442655046409,26836.81087615111,1
5994,399,195.07639235679548,5227.839136297052,1
5995,399,196.5121674381183,16183.40099794215,1
5996,399,197.1291660808965,37642.18073976806,1
5997,399,198.087478506154,15815.651800287182,1
5998,399,198.1287452461793,6046.077672132512,1
5999,399,199.0712725684756,11628.281034360612,1
6000,399,199.10790659872333,9153.584573145665,1
6001,399,199.1809650692132,28227.815690994263,1
6002,399,199.30056287672693,119192.79510334982,1
6003,399,200.13894800308648,38846.88300073256,1
6004,399,201.08712724749552,26564.967312096407,1
6005,399,201.1238700929752,26242.05348574425,1
6006,399,203.06639805018344,6099.792736802146,1
6007,399,203.10468271455875,12160.475360439908,1
6008,399,204.1345117995728,27344.7083769672,1
6009,399,207.11272070012944,9619.06035363601,1
6010,399,211.1087168599223,11728.94351192097,1
6011,399,211.14405609530647,12251.512908519097,1
6012,399,212.10328969955444,9509.360341620446,1
6013,399,213.0870036170596,12831.50329117548,1
6014,399,213.1588943836301,58445.3598779634,1
6015,399,214.1552640987876,9000.229471686107,1
6016,399,215.1380997130325,17351.296811599306,1
6017,399,216.09770233990395,48199.40904165947,1
6018,399,216.13469063275232,7277.429908390859,1
6019,399,217.0851707458496,9804.93031434218,1
6020,399,218.1501156868191,10883.03024935941,1
6021,399,221.0920879109701,4760.193843968709,1
6022,399,223.10792225539083,105441.59971684158,1
6023,399,226.0825905915044,8172.150993162883,1
6024,399,226.11857590585385,12663.056776706528,1
6025,399,227.10302394179047,10033.12271480873,1
6026,399,227.1752326759132,15243.059128055056,1
6027,399,228.13428464444047,29804.15084837569,1
6028,399,229.0870513916016,9356.793947997368,1
6029,399,229.11768769171545,13313.28014861678,1
6030,399,230.11382620675224,9076.140555552947,1
6031,399,231.0968874637212,13742.671353919484,1
6032,399,234.14507563664364,19994.419030873225,1
6033,399,235.10979518605703,8643.947252852407,1
6034,399,237.1294842696772,9840.598292734565,1
6035,399,239.11383928571428,5803.107504755814,1
6036,399,240.0976914299859,7112.583989902779,1
6037,399,240.13409096212948,10163.085402453647,1
6038,399,241.08217821121207,13349.539340889454,1
6039,399,242.15003204345703,12546.49861018798,1
6040,399,243.13348410062704,10419.79411005751,1
6041,399,244.09279791156897,12911.15580001105,1
6042,399,244.1300536382766,5190.420202807018,1
6043,399,244.16576223170503,9731.326125391832,1
6044,399,249.123520711263,39051.51058609009,1
6045,399,251.10319462875648,120262.11526874236,1
6046,399,254.1500163890697,8380.630508451108,1
6047,399,255.71721890403583,65566.54056129241,1
6048,399,256.0927992297757,48263.210511041456,1
6049,399,258.1088051406326,7737.007527971082,1
6050,399,258.14519747758663,10189.68559329626,1
6051,399,266.1512198814979,14419.257423047837,1
6052,399,268.16581288213314,8370.550622873721,1
6053,399,269.31095491432325,95051.66831535468,1
6054,399,270.145534402073,8891.008020868396,1
6055,399,272.1248273910231,6338.531981474275,1
6056,399,272.1692774477561,7413.322454580812,1
6057,399,274.10731506347656,30654.04273505211,1
6058,399,280.1658150566949,22235.57913442188,1
6059,399,284.1249801974826,11459.117828015222,1
6060,399,284.1643029415246,19972.08394323455,1
6061,399,286.1351585625121,9581.569460590434,1
6062,399,297.15572868273097,17655.391390254197,1
6063,399,298.17544748406664,34375.39705651183,1
6064,399,299.17397109522966,8315.751652128047,1
6065,399,301.18946813634926,5373.947214920457,1
6066,399,305.0625585576214,86713.10595196518,1
6067,399,311.1716126618562,12796.00928312231,1
6068,399,312.15484233478924,10616.937059800704,1
6069,399,313.1880922059755,18231.05894354743,1
6070,399,315.13059199251086,28396.78309050301,1
6071,399,315.16699103589326,14904.1974102836,1
6072,399,325.18734341417337,8034.337159069344,1
6073,399,329.1824867541973,10629.68589924849,1
6074,399,341.14635987077025,7583.126861864804,1
6075,399,342.7549949408016,41355.7239295719,1
6076,399,353.1829057173296,6771.662958120371,1
6077,399,357.17662595665973,11253.855240614515,1
6078,399,371.1930524040671,11427.782977185218,1
6079,399,376.28880572181765,50057.35130574949,1
6080,399,393.3590622409168,60246.48357826733,1
6081,399,397.2173712136285,106160.9386640659,1
6082,399,412.9743492411768,38448.55569254628,1
6083,399,426.23476227891024,14762.071720723574,1
6084,399,433.0538039333597,109695.63137376876,1
6085,399,440.2132021835427,9443.130899616315,1
6086,399,443.396547107076,115041.0501352243,1
6087,399,513.2683022581501,23262.04738305233,1
6088,399,556.3206595896029,54371.87525097461,1
6089,399,563.9186661317268,16027.538006363016,1
6090,399,576.1851509551002,38576.03058270147,1
6091,399,613.880557582023,62587.98964770394,1
6092,399,633.2095515281526,116626.10170377904,1
6093,399,642.311313542845,14718.585193616773,1
6094,399,676.0030473285406,51077.22810026694,1
6095,399,703.5753412972477,50473.58778229672,1
6096,399,736.7862400568996,84169.43838146703,1
6097,415,101.07114745564544,19183.781629970308,1
6098,415,102.05513516339389,25330.02988659252,1
6099,415,104.05313842773438,18855.786408203126,1
6100,415,110.07052770996094,42686.31485094452,1
6101,415,112.08717553347152,8854.773030969482,1
6102,415,115.0867227589862,8534.609452549716,1
6103,415,116.07081943706876,9927.696273274663,1
6104,415,120.0834236002147,65701.81555941579,1
6105,415,125.6660666871488,22313.269043505745,1
6106,415,127.08685501098633,8842.76704879125,1
6107,415,129.06646882817986,7432.14689625515,1
6108,415,129.1040845528627,83106.59492610663,1
6109,415,130.08814072694403,23253.19597643507,1
6110,415,130.10581554944002,7405.341068050529,1
6111,415,136.0747083528774,67756.6751633892,1
6112,415,141.10242636806993,10423.910791209662,1
6113,415,143.11713986897337,21033.461722063097,1
6114,415,147.11227981443326,38037.23346418676,1
6115,415,155.08301953057557,7944.470392058567,1
6116,415,157.09641856878577,9388.559927335928,1
6117,415,157.13275990341648,14689.646340276257,1
6118,415,158.09173889160155,10793.532813302065,1
6119,415,159.07471938360305,29197.235328543124,1
6120,415,159.09133239362225,77686.80060562698,1
6121,415,167.08444294176604,6221.863588570154,1
6122,415,169.09674997404804,9337.441018494095,1
6123,415,169.13278392004588,10623.779382489976,1
6124,415,170.14549528307097,6826.720973908682,1
6125,415,171.07374543220766,9863.900944790916,1
6126,415,171.1126481506722,10229.70478032118,1
6127,415,173.09184748331705,6530.368992646535,1
6128,415,173.1287259031824,17625.950853924292,1
6129,415,175.11759473894026,35563.087631265604,1
6130,415,181.0959725728849,8484.065044476734,1
6131,415,183.1128759384156,9820.02779282795,1
6132,415,185.092018964814,6585.218351125717,1
6133,415,185.1280044208873,28600.549899849026,1
6134,415,185.1652397386956,11909.35533289837,1
6135,415,187.10800351743345,7665.741298161613,1
6136,415,187.1448507935461,24346.901630605225,1
6137,415,197.1287977430556,8853.1101264856,1
6138,415,199.07134912884425,5047.830967789605,1
6139,415,199.10813533558564,7223.260691165924,1
6140,415,201.12423649801087,16016.04708635752,1
6141,415,213.08718839604805,6767.15926526117,1
6142,415,215.1352998484736,13680.640661101626,1
6143,415,226.1164993286133,7122.520118242503,1
6144,415,240.1337442797284,17904.661419065607,1
6145,415,244.1663043682392,10708.044727791274,1
6146,415,258.1456446610098,10973.450098878757,1
6147,415,317.8283542644175,36294.74664692504,1
6148,422,101.07132984029836,16124.82354525862,1
6149,422,110.0716427394322,27882.4839070638,1
6150,422,120.08259920214044,76397.8101326364,1
6151,422,129.10287257603235,28693.236456008184,1
6152,422,130.08780694776965,4977.565457867038,1
6153,422,136.07518129932637,32455.347095100245,1
6154,422,147.11280961470172,11495.51824951172,1
6155,422,155.08153164771295,17110.50729468561,1
6156,422,159.0922393798828,15754.000905190744,1
6157,422,171.11292622884113,8520.251548258464,1
6158,422,173.1287088394165,10339.184154510498,1
6159,422,175.1179217957614,25985.36322597035,1
6160,422,183.113061615915,9173.27254601681,1
6161,422,183.14935150146485,10760.873794364928,1
6162,422,185.09205922772807,16104.578483335434,1
6163,422,200.13926696777344,15736.793806404905,1
6164,422,201.1239091589096,18210.18210001195,1
6165,422,211.14423501902613,8510.27452560951,1
6166,422,227.1035581646544,19260.693333481297,1
6167,422,228.1342604787726,20402.94194101033,1
6168,422,229.1171376546224,10221.9502726237,1
6169,422,250.30146973141163,62860.36623689524,1
6170,422,258.1448761911103,6930.106771758108,1
6171,422,319.8989816230724,69871.14639045509,1
6172,424,213.2346940216561,7477.407867917148,1
6173,424,288.206381780451,7477.407867917148,1
6174,429,101.07119572511192,49658.43668450249,1
6175,429,101.10762475087093,8372.835697210752,1
6176,429,102.05524427462846,16440.423573249427,1
6177,429,104.05316940246826,18845.70001883336,1
6178,429,110.07109112438854,40793.68241491919,1
6179,429,112.08718699388544,4329.603739742389,1
6180,429,113.07139785055053,5565.5744494502405,1
6181,429,115.08690607769888,11526.556175326708,1
6182,429,116.07083347865512,6521.272243102085,1
6183,429,120.08218329598972,69181.46500941481,1
6184,429,120.32329096913207,83105.68681755592,1
6185,429,121.08434567538174,8155.039749977805,1
6186,429,126.05505902426584,7622.290963854109,1
6187,429,127.0867124929936,14590.510396788106,1
6188,429,129.06610242419205,9368.115007865845,1
6189,429,129.10380989473708,115537.32583746329,1
6190,429,130.05006574397711,4711.138426353489,1
6191,429,130.06572089396732,12433.970825195312,1
6192,429,130.0880385239919,29120.78672862053,1
6193,429,130.10582195030858,13821.662937128433,1
6194,429,131.0853268632265,6436.112358592381,1
6195,429,132.75916495955877,69237.5856836901,1
6196,429,133.0437458374491,12242.86496044758,1
6197,429,136.07516938447952,50433.05590122938,1
6198,429,137.07724337528998,5881.11002456613,1
6199,429,138.05508121443384,4653.445014388473,1
6200,429,139.08672589886913,7803.015748039794,1
6201,429,141.065848946141,5207.31028395009,1
6202,429,141.10249243636974,20402.1523598955,1
6203,429,143.0815803321632,6386.250959324192,1
6204,429,143.11767069498697,18179.80291562417,1
6205,429,145.06119458428745,4158.888825624838,1
6206,429,147.0761665385929,5573.814577884362,1
6207,429,147.11212721048474,36494.52326467678,1
6208,429,152.76877809063626,51835.077052026296,1
6209,429,155.08371798326917,11182.676903594536,1
6210,429,155.11746318627758,8992.120062158463,1
6211,429,157.06175283533364,4850.392259081781,1
6212,429,157.09678245993223,150881.21019124423,1
6213,429,157.13321826131047,9773.937314470477,1
6214,429,158.09157659357246,6518.5373357322,1
6215,429,159.0768601382018,7046.043572477762,1
6216,429,159.09152394344932,24335.28162796623,1
6217,429,159.1106050585137,10617.71523981407,1
6218,429,167.08564094421803,14921.696623348158,1
6219,429,169.09686203900506,18808.68312514361,1
6220,429,169.13346180928826,63396.59696449051,1
6221,429,171.0761219288136,9451.132592897158,1
6222,429,171.11275513280782,15537.040266215372,1
6223,429,173.09202007319303,6876.9240218969,1
6224,429,173.12849838072995,22573.936908988493,1
6225,429,175.11803269586645,29707.539066330726,1
6226,429,181.0611227254952,7199.534497758984,1
6227,429,181.09680070548225,11870.292893613618,1
6228,429,183.11300513294623,13055.852602335215,1
6229,429,183.14916978995464,48081.779844036704,1
6230,429,185.05620377152056,4447.143273671468,1
6231,429,185.09193541192127,99256.0277821936,1
6232,429,185.12812404391133,13820.536404676075,1
6233,429,185.16500733230288,16120.49643626434,1
6234,429,186.0896704537528,22984.87417945083,1
6235,429,186.123639366483,19059.891531629022,1
6236,429,186.96400593099736,88635.69068345262,1
6237,429,187.0713423039363,7819.113504028321,1
6238,429,187.1079992727072,11890.466642459902,1
6239,429,187.144099607306,13691.709791202868,1
6240,429,195.11288124676707,4885.451901448916,1
6241,429,197.12853495279947,40534.74322717926,1
6242,429,198.08732907952816,11447.28970403017,1
6243,429,198.12730571467705,10392.766444359757,1
6244,429,199.0713625682945,12760.334454102374,1
6245,429,199.1077718238308,15040.432374562302,1
6246,429,199.1806506160576,12205.02254812014,1
6247,429,200.10453042639307,6480.970273351095,1
6248,429,200.1390159681488,23657.49601226521,1
6249,429,201.08721707135263,6368.268531393017,1
6250,429,201.12386849721275,25010.888453006744,1
6251,429,202.08311614042483,8193.339272208836,1
6252,429,204.13435897499707,31477.779865232147,1
6253,429,207.1127593005717,14903.006755998742,1
6254,429,209.0914620039705,10130.090476898376,1
6255,429,211.10858343343816,12901.64128087474,1
6256,429,211.14408159731235,58240.56809654109,1
6257,429,212.1036440969884,10904.932847921877,1
6258,429,213.08692397419205,13136.69770639914,1
6259,429,213.15669189756784,11527.33420583858,1
6260,429,214.11845776593245,20366.445168445727,1
6261,429,215.10441338954828,6949.511679162734,1
6262,429,215.13754934831096,17248.32601699829,1
6263,429,216.09797549728705,17145.846712095936,1
6264,429,216.1343128668568,25626.69830043732,1
6265,429,217.0868199179617,9604.23824397913,1
6266,429,217.1357948720752,10669.532993373588,1
6267,429,219.1494193563656,19167.79680306571,1
6268,429,224.10351413633765,13278.94346466297,1
6269,429,225.1235608701353,6446.207225720088,1
6270,429,226.0824600678145,11385.919239074889,1
6271,429,226.11851271592167,15918.798324646888,1
6272,429,226.1549249905259,10415.547557983826,1
6273,429,227.0660860962663,10110.007408048476,1
6274,429,227.10261448888875,9213.679658344356,1
6275,429,227.17548602023103,9607.640044895745,1
6276,429,228.13416578075555,32916.8832319815,1
6277,429,229.1175973336618,12631.499159374753,1
6278,429,230.11400949387323,8505.018178894406,1
6279,429,232.61425115140693,60114.191291275645,1
6280,429,233.1650820193084,10174.655796849209,1
6281,429,234.14501095726376,60126.68715058736,1
6282,429,235.10920030357192,14231.07692874435,1
6283,429,235.14553620853525,18581.1905503477,1
6284,429,240.0975209208368,9961.535672530386,1
6285,429,240.1347421192936,12326.667260954337,1
6286,429,240.7126429900875,6193.333325569409,1
6287,429,242.1134770217451,12321.494563861956,1
6288,429,242.15061261858256,8627.054848523821,1
6289,429,243.11077865209336,7963.570452186389,1
6290,429,243.1334412616232,11516.759697630783,1
6291,429,243.3439846356872,145693.83033016682,1
6292,429,244.09277338936505,13170.605885860672,1
6293,429,244.12992189847503,14502.40482853376,1
6294,429,244.165518787929,17332.646392913375,1
6295,429,245.0763062945867,16360.9524037151,1
6296,429,245.1310600537932,8342.80633742086,1
6297,429,247.1451393975152,11091.934444257948,1
6298,429,249.12355615525016,14012.24044950576,1
6299,429,251.1502779198702,7003.116162739103,1
6300,429,252.1340433143708,5730.285409002419,1
6301,429,254.1497454854816,41074.33958724253,1
6302,429,255.149157003391,17219.993888176294,1
6303,429,256.1292192682874,16941.79344997992,1
6304,429,256.16608060343884,28702.524220530908,1
6305,429,257.16351187100975,11096.28962755716,1
6306,429,258.10892159598217,11071.181721924471,1
6307,429,258.14487703181493,12170.547809989655,1
6308,429,260.1968745371741,7609.653368909212,1
6309,429,261.1261693318685,7235.542276885774,1
6310,429,261.1567239625759,7801.204559791709,1
6311,429,264.0126749334862,138750.74302880728,1
6312,429,266.1506371392144,125672.27131652036,1
6313,429,267.1097893487839,7226.991341704414,1
6314,429,268.1657431831573,10185.573776559457,1
6315,429,270.1451635628103,10744.400171529467,1
6316,429,272.16899468646784,14856.917265930795,1
6317,429,273.2670330051112,66603.65566111442,1
6318,429,275.1712368904276,15594.38077522846,1
6319,429,283.14266055098204,8352.047881233359,1
6320,429,284.1277589455629,6052.046369638199,1
6321,429,284.1624469866072,90288.22856397356,1
6322,429,285.1570397579309,49320.10660711924,1
6323,429,288.2030585260674,7101.540752108735,1
6324,429,288.273941395364,106226.5998062661,1
6325,429,288.5820338946492,38832.0995775138,1
6326,429,291.1663959890172,82093.60399332369,1
6327,429,294.1813276875226,20651.011895108084,1
6328,429,296.19507436801734,5792.732785140912,1
6329,429,297.15588541666665,14077.91406334771,1
6330,429,299.1725372138051,4737.856951233968,1
6331,429,300.1548895486971,6964.619838191242,1
6332,429,311.17160340581074,12213.572346338786,1
6333,429,312.1546968500665,9482.20297880883,1
6334,429,313.1871894182478,19818.34659677778,1
6335,429,315.16647158847763,15905.799659978138,1
6336,429,318.8332338372734,82351.35890455345,1
6337,429,325.1864563526036,9036.784191478191,1
6338,429,326.7721394983644,24055.725695175875,1
6339,429,339.2034135298296,20967.12442522508,1
6340,429,341.1826897872121,130071.301372769,1
6341,429,359.8030357326385,114435.49678662544,1
6342,429,388.21731641096767,25320.44931708441,1
6343,429,404.0602011846089,93461.56902711034,1
6344,429,410.52297961712543,95360.0890178985,1
6345,429,411.83191504546255,97614.55367611384,1
6346,429,423.8585975157271,8723.19003684056,1
6347,429,428.25095130657326,17771.96732770046,1
6348,429,436.4477590133449,6927.253981845632,1
6349,429,452.1003162369233,17275.072977526503,1
6350,429,479.85343210380006,71213.88407516475,1
6351,429,494.6237175607964,29099.131766482256,1
6352,429,497.3559156051531,80469.79612618123,1
6353,429,515.5898679679242,13438.305932748066,1
6354,431,101.07100260032796,276887.2113255915,1
6355,431,102.05509834422467,108256.2201776272,1
6356,431,105.06609174538562,78083.87074250859,1
6357,431,106.86316857995016,588127.084287658,1
6358,431,110.07061971028646,46069.89061265168,1
6359,431,120.08197867021262,329580.9801945265,1
6360,431,121.08428971055916,34509.32766931344,1
6361,431,129.06604215977555,120284.03861963304,1
6362,431,129.10343878004286,422756.34557851154,1
6363,431,130.08688001530874,97777.0634076536,1
6364,431,133.06096526398056,51619.1474217382,1
6365,431,136.07403404910826,627016.911750814,1
6366,431,137.07891307558333,69745.98403232438,1
6367,431,143.1177535902524,40476.509648153966,1
6368,431,147.11224258467337,143676.94568645154,1
6369,431,149.21575937763032,118557.51709547192,1
6370,431,153.06571554150102,46880.01616727389,1
6371,431,155.08172173808805,68342.94182155801,1
6372,431,157.1331639971052,21709.47250220889,1
6373,431,159.07644445541058,15013.02206719581,1
6374,431,159.0914154569981,29271.32294285661,1
6375,431,168.13589167772852,531930.520418446,1
6376,431,169.09676316205193,20950.32408617937,1
6377,431,169.13323756626673,11260.064573296751,1
6378,431,171.07568998001634,24259.964196323966,1
6379,431,171.11256843009585,33131.26171437799,1
6380,431,172.10811529768273,54781.73848014182,1
6381,431,173.0919148320737,11142.022043505958,1
6382,431,173.12851532792624,23899.904135749053,1
6383,431,175.1184348448075,27861.889479601447,1
6384,431,181.06084479952,44850.75741078903,1
6385,431,181.09661242082944,77373.79105483723,1
6386,431,182.0919169890575,33508.52476171347,1
6387,431,183.0761505896304,19612.206326007843,1
6388,431,183.11264676180755,14219.50435445092,1
6389,431,183.1491976487601,22151.361671740327,1
6390,431,185.0918226511465,13409.064048637778,1
6391,431,185.1283967957016,15041.269024693687,1
6392,431,185.1649504960702,23858.335096364368,1
6393,431,186.12379175042707,37132.098125390025,1
6394,431,187.1077773150276,18060.444091420213,1
6395,431,187.14427266284088,26694.80779283763,1
6396,431,188.45292662013253,58373.63514947189,1
6397,431,191.11740714625307,30232.51309683449,1
6398,431,195.07579581682072,17467.326524521028,1
6399,431,197.12831950832057,15973.099622352704,1
6400,431,198.0873232282281,46597.53260801367,1
6401,431,198.12415256500245,28485.464661065736,1
6402,431,199.0712750193837,29679.015486392345,1
6403,431,199.10773638916007,23118.622177345274,1
6404,431,199.181186069952,33381.65311267888,1
6405,431,200.1030569343924,51525.84615689126,1
6406,431,200.1384455825344,13618.228016749295,1
6407,431,201.08704415115656,16310.128235394346,1
6408,431,201.12375660073567,43938.77386513018,1
6409,431,207.1126933214141,115359.21724111664,1
6410,431,208.11551145227943,15517.373226177402,1
6411,431,212.1030860931768,18531.9074199885,1
6412,431,213.0869766574436,22542.554003105164,1
6413,431,213.1588560140358,12814.119164763755,1
6414,431,215.10362571067657,22719.529044444746,1
6415,431,215.1385494043111,22243.155152056726,1
6416,431,216.0978327570735,71441.9055252551,1
6417,431,216.13394106971788,136146.4011424994,1
6418,431,217.08895111083984,18293.344272761344,1
6419,431,217.1361312191044,22335.196324686032,1
6420,431,219.1128232138497,31669.45661768913,1
6421,431,219.14917689732144,41579.6160431544,1
6422,431,226.0821530651488,23350.009845593304,1
6423,431,226.11772804929493,12406.247360530651,1
6424,431,227.0659227371216,12965.364279007912,1
6425,431,227.17494407860008,35737.46471312239,1
6426,431,228.13423056680648,13582.955547249385,1
6427,431,229.117330172432,31424.302769753907,1
6428,431,230.1135532725941,17308.882290731777,1
6429,431,235.10774152619496,51905.15274544699,1
6430,431,239.1135839597144,19061.79681544834,1
6431,431,240.09744037725983,83148.9692839109,1
6432,431,240.1334225943919,11792.582974720535,1
6433,431,241.08167356078388,37715.13925164066,1
6434,431,242.1497599551552,10964.607861779865,1
6435,431,243.1333617397289,11935.041245819935,1
6436,431,244.09251825860207,61786.631646485024,1
6437,431,249.12319394766567,23982.14530022939,1
6438,431,257.1244404700495,20475.325786990503,1
6439,431,257.1962100200772,25169.29878244341,1
6440,431,258.10822583917985,64894.79516914853,1
6441,431,265.65279464914903,570916.0199058923,1
6442,431,270.18183865389983,13689.300054351052,1
6443,431,271.2124906665217,45787.40257247173,1
6444,431,275.1028054555257,21393.24695435365,1
6445,431,275.2076124387367,75037.61306359389,1
6446,431,277.1180430961826,77701.45044918208,1
6447,431,281.1968371169011,35657.02181049756,1
6448,431,285.19182935811705,16113.974868720534,1
6449,431,289.15939045609,601751.5496366664,1
6450,431,292.12902077089063,98651.48658738448,1
6451,431,296.08763956140587,24939.43430681582,1
6452,431,299.20753795344655,114350.10521142853,1
6453,431,300.21058698381694,24116.3298059954,1
6454,431,309.1180725097656,26082.08135417677,1
6455,431,311.13504952650806,69266.5277158916,1
6456,431,313.11423133226685,26333.5981028516,1
6457,431,321.1845349427546,24529.80804888673,1
6458,431,327.12990402593846,32137.456248143822,1
6459,431,329.1456734793527,36804.47798836118,1
6460,431,333.185554342067,18611.7765054094,1
6461,431,342.19053542446085,19357.17608277227,1
6462,431,343.1620557161304,16550.63452090584,1
6463,431,344.15565214961407,24923.39423227119,1
6464,431,346.1383642350665,36401.02993945009,1
6465,431,346.4457351748288,224413.66990606737,1
6466,431,347.18302764892576,21960.45481236776,1
6467,431,348.1547617971161,60943.780033182215,1
6468,431,355.69505017282734,68588.52937385783,1
6469,431,356.1948081351615,33116.32858008307,1
6470,431,356.39948562275805,472496.6226147238,1
6471,431,362.23903519766674,189366.3460168044,1
6472,431,362.2409418106079,148862.49221441746,1
6473,431,363.16624873025074,63141.18017276696,1
6474,431,363.24238090055536,38352.67177795502,1
6475,431,364.2082670124528,32700.21720362645,1
6476,431,364.70310938908506,29664.050348487268,1
6477,431,370.2818182391599,48810.40303924236,1
6478,431,376.22189828173606,25393.185904869668,1
6479,431,398.276076165664,209128.89513530096,1
6480,431,399.2780077566508,52791.16388926787,1
6481,431,411.21016097854783,24913.73811881097,1
6482,431,414.2348260646913,28377.143055985613,1
6483,431,419.7244333666424,36474.73483372685,1
6484,431,420.2249586704799,20624.18489432199,1
6485,431,421.171516469661,36086.46933574804,1
6486,431,459.1863751411438,39951.141893684864,1
6487,431,474.19758093109766,39015.77597726529,1
6488,431,475.2480878829956,18433.31241961888,1
6489,431,475.3237345334591,128106.28978617952,1
6490,431,476.3269170223516,34462.90897068922,1
6491,431,492.2093399768224,23710.306664053463,1
6492,431,495.29234520768944,34977.72301047189,1
6493,431,506.3809602415884,358844.34831744904,1
6494,431,513.3039729099647,212340.7963828891,1
6495,431,514.3062797995175,67065.64279866686,1
6496,431,528.2758968577665,23401.174439733168,1
6497,431,530.3300173291973,154195.85745854097,1
6498,431,531.2849692067792,38467.69360664473,1
6499,431,531.7780934836647,104586.31988564233,1
6500,431,531.7816675359553,97624.93209440056,1
6501,431,532.276684670782,51836.98309853636,1
6502,431,540.2900105446492,36731.23977030784,1
6503,431,540.7912466459185,22906.71050547662,1
6504,431,585.1985475915242,616760.8952226692,1
6505,431,586.3550041354432,40399.03234512952,1
6506,431,603.2435365759808,33039.95139047374,1
6507,431,604.3698277174179,110475.71400387018,1
6508,431,604.8045192018768,26272.361777401537,1
6509,431,605.369446264927,40899.77957467344,1
6510,431,605.7916306950204,86611.04020191156,1
6511,431,614.8461782756691,82451.78826003053,1
6512,431,618.1783970639036,137441.10930292634,1
6513,431,621.8226103171324,81292.33377270821,1
6514,431,622.3242172613377,51554.27375291033,1
6515,431,623.3481923271628,35520.46788212832,1
6516,431,624.3351738647063,60989.321120768494,1
6517,431,641.3629933870756,149037.38618403213,1
6518,431,642.3656545155084,49872.167712766735,1
6519,431,656.1896699147388,571918.8225527669,1
6520,431,657.3376653966769,87285.306102099,1
6521,431,657.3426529804516,100714.476003504,1
6522,431,657.8427254347614,55170.712508557954,1
6523,431,658.3457547933748,20073.96630617652,1
6524,431,693.3536328947946,29751.097301311707,1
6525,431,699.8192460910666,118950.22993408676,1
6526,431,704.348255228552,20745.943768613823,1
6527,431,710.3855402766047,59903.64865866996,1
6528,431,711.3742018821023,57801.74026819402,1
6529,431,712.3656401051035,93346.7335438534,1
6530,431,712.8575042843355,147731.6851925386,1
6531,431,712.8622850994731,112595.42888382312,1
6532,431,713.3571491856729,83836.61282561928,1
6533,431,713.3639747399852,70271.8548928092,1
6534,431,721.3688004700064,65047.60782107972,1
6535,431,721.8700717659884,45416.32438958761,1
6536,431,722.3705000115569,20922.463462242715,1
6537,431,725.5689950986388,542051.212407175,1
6538,431,727.4092982500449,26625.81507777072,1
6539,431,728.3936959362904,98181.0201449613,1
6540,431,729.3935124676926,34090.06537180736,1
6541,431,730.4358217667423,504382.75061394775,1
6542,431,745.4152647902846,47057.61309874125,1
6543,431,751.4338056703493,175469.48140133705,1
6544,431,752.4347434089882,67909.90878663876,1
6545,431,768.3728155982868,25943.91682215122,1
6546,431,776.3924857211778,28390.100096379618,1
6547,431,776.8885743201935,56141.05540183112,1
6548,431,777.3883236269407,37405.64813688737,1
6549,431,777.5729605053567,458161.2044260242,1
6550,431,822.4722522106799,167107.6020717076,1
6551,431,823.4728438832993,88790.21858745089,1
6552,431,829.2945193629694,273368.18208468,1
6553,431,856.45082940881,62706.59452877592,1
6554,431,857.4520901516751,25157.67991480097,1
6555,431,951.5140116885816,195009.99788308743,1
6556,431,952.5149051550663,108187.696366235,1
6557,431,1039.4030626653423,173777.77122312726,1
6558,431,1062.5477794868548,85723.22681466711,1
6559,431,1063.4904349496287,211513.50751745072,1
6560,431,1063.5476245880127,34578.63080356518,1
6561,431,1079.5718397428204,100697.35566747654,1
6562,431,1080.5721136402235,56742.24348871887,1
6563,431,1098.8355410327936,577194.4631075544,1
6564,431,1148.2612686108523,562591.4490460337,1
6565,431,1223.861016068475,626601.4741227214,0
6566,431,1233.7303600436337,523875.6988692152,1
6567,431,1242.632386552527,80158.22540419828,1
6568,431,1243.6322315475704,66412.99068199277,1
6569,431,1251.3202549587547,180449.19007920005,1
6570,431,1264.5984034766946,162066.90612947263,1
6571,431,1313.66981532808,30572.29917113905,1
6572,431,1338.0450918809431,25744.860121944927,1
6573,431,1381.7907040680136,151776.87432644505,1
6574,455,101.07110045386142,14855.716253874733,1
6575,455,120.082457337704,137269.91819144043,1
6576,455,121.08434807499752,15420.428249278651,1
6577,455,124.06687665561547,9986.880397778204,1
6578,455,129.10267963945626,20525.399283259747,1
6579,455,130.0868444527145,16015.856666362391,1
6580,455,136.07521767086453,23649.21119976044,1
6581,455,143.11762619018555,11240.3637729298,1
6582,455,147.11241625500963,23377.156939835982,1
6583,455,157.09700333444695,9342.312205337452,1
6584,455,157.13313988844553,29067.38684854905,1
6585,455,159.0914618635977,9866.741372454766,1
6586,455,167.08216543154867,10944.191501497688,1
6587,455,169.09698800223214,10229.09667109898,1
6588,455,169.13342174953883,10332.91293917762,1
6589,455,171.11287057810816,11583.661134706694,1
6590,455,173.12847053917656,10861.020261952475,1
6591,455,175.11828081269832,17821.08874809879,1
6592,455,177.10235675518328,13608.673211669922,1
6593,455,181.0969712999132,5783.845362345378,1
6594,455,183.11279641428305,8163.185719151651,1
6595,455,183.1491845492659,11719.899977509727,1
6596,455,185.092212014355,27090.36780369002,1
6597,455,185.12851819992065,58711.356696955365,1
6598,455,185.16483269668208,8958.607747799013,1
6599,455,186.0873983931372,21993.274503168755,1
6600,455,186.12887052026124,8288.955909313541,1
6601,455,187.07138804900345,7154.199477288662,1
6602,455,187.10780110566512,7025.900724328082,1
6603,455,197.1285012039484,10788.38498397528,1
6604,455,199.1077493123962,8527.869392210734,1
6605,455,199.1810508169779,10653.925545911092,1
6606,455,200.139216524012,13714.645314145557,1
6607,455,201.12378088172508,19209.20873693568,1
6608,455,211.1441279125821,11802.506668722554,1
6609,455,212.103123043745,9746.754577323718,1
6610,455,213.0870763547251,69566.20296238855,1
6611,455,214.08940563370697,17288.19540452535,1
6612,455,214.11844499017536,14130.677846418766,1
6613,455,215.1376707115952,10932.073610017738,1
6614,455,226.08250896747296,9647.58309171858,1
6615,455,226.11853833879744,11050.166626957483,1
6616,455,227.10270807694417,9247.75575194067,1
6617,455,227.17542460318387,8434.761347355454,1
6618,455,228.1343204715709,18610.563082383705,1
6619,455,229.1174087524414,13245.057282418917,1
6620,455,233.1648914112764,10365.77552653294,1
6621,455,242.1499839477539,9791.42470425415,1
6622,455,243.10902965228613,16857.873908450074,1
6623,455,243.1332272366361,8492.638192329321,1
6624,455,244.09252347651216,11951.540196487584,1
6625,455,244.16563871795057,9997.474643370684,1
6626,455,246.18143502940305,12390.768734193884,1
6627,455,249.1234001017505,11447.143177577427,1
6628,455,254.15002351648667,6278.747372913361,1
6629,455,256.1657513297178,17792.676456140325,1
6630,455,258.10845724438866,13157.075309841215,1
6631,455,266.15004780418,15600.178590366717,1
6632,455,268.16578991885115,8453.413863904585,1
6633,455,278.1503419106051,8872.38068251284,1
6634,455,284.1257223117571,7147.100071599878,1
6635,455,284.1615459021507,17004.520886526363,1
6636,455,285.15669226521595,11898.11487562619,1
6637,455,298.17575426500326,13589.059680619806,1
6638,455,299.1720235516948,11144.538309281104,1
6639,455,313.18705287835536,8994.427474711492,1
6640,455,326.17123680024565,23428.23554772632,1
6641,455,327.20402980495146,9397.571653793952,1
6642,455,345.15410174201514,10124.849314083773,1
6643,455,352.702959425906,13658.589821513662,1
6644,455,355.2343729360092,8545.201262561595,1
6645,455,371.1927482392599,39240.29237702878,1
6646,455,372.1944031818605,11411.010539451205,1
6647,455,383.2301216125488,14319.80345560731,1
6648,455,395.1923417716191,14982.158027898857,1
6649,455,409.244911634005,11579.340286447452,1
6650,455,413.20497230861497,26288.83476904164,1
6651,455,414.206652417595,8669.96774047098,1
6652,455,459.22448149769895,15368.905082146648,1
6653,455,470.2322138323103,15618.597655410767,1
6654,455,497.2710725117505,11702.408973100224,1
6655,455,555.2736493453239,14933.05014415852,1
6656,455,556.743772594338,18194.788216430778,1
6657,455,558.2924221995374,21642.83641140987,1
6658,455,558.7981200466267,56649.84390403218,1
6659,455,558.8017289256321,66558.81875377393,1
6660,455,559.3027339540679,48640.592860215285,1
6661,455,559.8041988888302,19048.74513723013,1
6662,455,567.9337225070603,41559.086686344286,1
6663,455,576.3048777860754,20085.48735331554,1
6664,455,589.3098644578313,12748.26060963826,1
6665,455,607.3465989765368,20693.0584347452,1
6666,455,608.3471600700827,11471.087425321692,1
6667,455,610.3548920556841,19083.208325735337,1
6668,455,611.8251243231123,23064.442939463603,1
6669,455,612.3268212738985,20442.8303486131,1
6670,455,636.3335455140071,17358.062767484294,1
6671,455,645.3256795454998,16914.97358283948,1
6672,455,654.3463140662742,44831.2122010125,1
6673,455,655.3485493229384,19264.13157720151,1
6674,455,686.3877447622793,18574.791116255303,1
6675,455,704.3973349141334,160402.0501994395,1
6676,455,705.4037350529195,56543.95516743791,1
6677,455,706.4073601973685,19588.455938078227,1
6678,455,753.4133379255022,30403.98418587821,1
6679,455,754.4122844657512,16505.119057664968,1
6680,455,791.4301466478385,76700.55712719251,1
6681,455,792.4324557021139,37884.18238701677,1
6682,455,852.4540254035883,27370.91693633425,1
6683,455,867.4546746588372,32811.78304252996,1
6684,455,868.4536539713541,17506.999240866553,1
6685,455,904.5130120639144,44755.93073700214,1
6686,455,905.5135636506258,26179.896902419903,1
6687,455,970.4887420494518,21521.67281405464,1
6688,455,980.533102268126,20362.70395839505,1
6689,455,980.5451241825403,21361.318400522297,1
6690,455,981.5314535701976,17489.018221148322,1
6691,455,1019.54498701336,37542.669854108026,1
6692,455,1020.5461146036783,26850.930678985736,1
6693,455,1038.5313215086446,19403.195927366,1
6694,455,1041.555816482502,30480.269824213323,1
6695,455,1081.9943520617148,47933.16560873102,1
6696,455,1116.5935230211876,202317.95924844543,1
6697,455,1117.5950384472394,128747.93172919143,1
6698,455,1118.5938804889547,44112.1261678893,1
6699,455,1212.198593704241,170696.74270146727,1
6700,455,1222.645708356585,37226.6132378458,1
6701,455,1223.6473343220164,27713.36841485856,1
6702,455,1270.3721725440537,123922.69432143448,1
6703,455,1294.3356862015785,194622.20555997413,1
6704,462,101.07113841130185,28345.62524126493,1
6705,462,102.05527213767722,30240.900729935256,1
6706,462,110.07154851050892,42290.455129344,1
6707,462,120.08330364550574,87875.13077163696,1
6708,462,121.0846104891795,13559.284528480386,1
6709,462,129.06610804590684,11493.47889328003,1
6710,462,129.10311480266293,54766.99418305188,1
6711,462,130.06574003575213,11414.698799327269,1
6712,462,130.08699996948243,20352.762495651245,1
6713,462,136.0749276968149,71591.10765931832,1
6714,462,137.1103456458267,78558.20597590233,1
6715,462,141.10235377720423,15258.476095353595,1
6716,462,143.11625942817102,20379.86478159978,1
6717,462,147.1119693956877,30331.664107975208,1
6718,462,155.08262196709128,13832.82426222633,1
6719,462,155.12774328283362,61718.68412746395,1
6720,462,157.0967105833952,10001.803149262736,1
6721,462,157.1332326925026,18752.46737584528,1
6722,462,158.09162557850712,8940.03476124639,1
6723,462,159.0767894145871,13132.530651061004,1
6724,462,159.0914920499955,16086.35223493905,1
6725,462,159.11164024897985,19074.314369474137,1
6726,462,167.08326513671875,9905.7294499588,1
6727,462,169.0969968734249,16246.435217974264,1
6728,462,169.13332929109274,24278.156080296165,1
6729,462,171.1127058175894,15383.8897075164,1
6730,462,173.09175573610793,14428.078736641828,1
6731,462,173.12851741396148,63045.277409219976,1
6732,462,175.1176856386978,25164.32083372943,1
6733,462,183.1127610718463,28771.830229360505,1
6734,462,183.14899910270395,17216.560887537995,1
6735,462,185.09192576090496,22256.445792414343,1
6736,462,185.12817024817832,29195.41815834412,1
6737,462,185.16507068122783,18771.68474115785,1
6738,462,186.12427673339843,20683.139993339115,1
6739,462,187.1078552587072,17281.253046198264,1
6740,462,187.14431603933343,16741.29266749228,1
6741,462,197.1283375439723,18201.1640207425,1
6742,462,198.15040766092,59130.36100521437,1
6743,462,199.0715237785788,8510.10562442097,1
6744,462,199.10782787846583,11599.904560659446,1
6745,462,199.1810395567568,22311.04368750032,1
6746,462,200.1380843495935,15058.79484594159,1
6747,462,201.1236617218904,67528.6923213658,1
6748,462,204.134037991448,66864.74666670476,1
6749,462,207.112558075876,11759.167001474989,1
6750,462,211.14433138298267,15907.3879941738,1
6751,462,212.1031639099121,13151.522171417872,1
6752,462,213.08690744287827,57667.03049429725,1
6753,462,215.138109028633,20616.28712180565,1
6754,462,216.09761468796503,11529.644208853586,1
6755,462,217.08501312698144,13377.845134009483,1
6756,462,217.1357313302847,28630.22720412719,1
6757,462,226.1180640067763,14705.45878285852,1
6758,462,227.1750041574672,14637.760976722277,1
6759,462,228.13409249179333,23774.7373775689,1
6760,462,229.11697405646828,20080.751629226343,1
6761,462,233.16491949898847,14269.928350465638,1
6762,462,235.1083727258397,27342.34971926907,1
6763,462,240.13424173990884,21738.26171573457,1
6764,462,242.15085717403528,19516.23645059268,1
6765,462,243.1332174358945,16243.96723391793,1
6766,462,244.09286048525857,19392.71921308608,1
6767,462,244.165789604187,12070.8660642675,1
6768,462,245.13031193829968,19413.26512654968,1
6769,462,258.1450281624842,8665.49073944188,1
6770,462,261.1577328768644,14494.972744894028,1
6771,462,316.1681766884,11495.982009064915,1
6772,462,317.217738515323,36195.18995709763,1
6773,462,379.36349449363735,45068.01921733471,1
6774,462,473.25487134997707,29684.803411995228,1
6775,462,740.1203548459241,19344.044013535306,1
6776,462,852.4461319422958,32979.612357904414,1
6777,469,101.07110088974682,72354.59400774828,1
6778,469,102.0551675025453,32586.24398323221,1
6779,469,110.0712500478707,56369.29579910578,1
6780,469,115.08680221269717,17330.902094858997,1
6781,469,120.08384392569752,65122.86898334674,1
6782,469,121.08437398962072,9717.085884120012,1
6783,469,127.0867042541504,32193.364529442788,1
6784,469,129.0659973556931,25769.093640851544,1
6785,469,129.1031141123756,89094.14049045324,1
6786,469,130.06553902531303,16527.945569928906,1
6787,469,130.0870863899352,44142.16906216031,1
6788,469,136.0749330396776,75849.2078505677,1
6789,469,137.11062018478972,67453.75090331066,1
6790,469,141.0659250418345,15809.994808793068,1
6791,469,141.10251253145236,17112.686380403535,1
6792,469,143.11759610224908,44937.07434428349,1
6793,469,147.1120155966206,69257.2354951482,1
6794,469,155.08204007739863,28331.609722972906,1
6795,469,155.12776527823982,40817.84660272284,1
6796,469,157.09669720350638,15855.621590789253,1
6797,469,157.13268362360893,76836.21188180224,1
6798,469,159.076245198723,20618.224195786104,1
6799,469,159.09129933477607,28747.94987387796,1
6800,469,167.08416682917897,10303.723263356744,1
6801,469,169.0966604974072,30824.7487194611,1
6802,469,169.1334044683547,13275.674235271272,1
6803,469,171.07574415940505,22857.335510327262,1
6804,469,171.11263390256647,45444.49008815832,1
6805,469,173.09207820892334,12805.395965099337,1
6806,469,173.12863431455477,38008.42826416501,1
6807,469,175.11720697666573,36479.14046068889,1
6808,469,181.0965373404074,13484.561819748593,1
6809,469,183.1126938680737,37146.823231042064,1
6810,469,183.1491252086201,19487.01483981629,1
6811,469,185.0919201825116,25525.11995355396,1
6812,469,185.1281537261025,135370.13276265506,1
6813,469,185.16545166462768,23444.624377128406,1
6814,469,186.0879425226256,43874.944259510485,1
6815,469,186.1272519814848,13098.874156243874,1
6816,469,187.0713636204154,23175.33294810792,1
6817,469,187.10789590952348,14333.007508555238,1
6818,469,187.14437180858548,20686.531605013348,1
6819,469,189.087497631153,17422.563001247552,1
6820,469,197.1285703483295,20312.811084044264,1
6821,469,198.0874004753269,20413.184192420675,1
6822,469,199.0711147474206,28520.5585592726,1
6823,469,199.1076615948544,29138.25874289397,1
6824,469,199.1813070189278,23513.090503962536,1
6825,469,200.1387541724033,22494.1832473682,1
6826,469,201.08744184276725,10139.247170846673,1
6827,469,201.1244796752929,80617.9282605648,1
6828,469,211.10783891488384,10097.491601246082,1
6829,469,211.14430351594908,16766.261952256733,1
6830,469,212.10364013671875,39652.00900609493,1
6831,469,213.0871079518245,20018.09270651065,1
6832,469,213.1583547592163,27653.506847050456,1
6833,469,215.13818671486595,27462.62380352268,1
6834,469,216.0973228624132,51690.28373836094,1
6835,469,217.0851117124652,32966.01218090907,1
6836,469,225.1235818022891,12062.485935211182,1
6837,469,226.11796938139813,16280.114816778008,1
6838,469,227.10370270411173,50084.22464225689,1
6839,469,227.1746515274048,14935.903577180705,1
6840,469,228.13402329091952,20918.57651713326,1
6841,469,229.1173892672971,105570.57955492144,1
6842,469,230.11362365722653,94851.264732884,1
6843,469,240.09729722617328,14603.259477000303,1
6844,469,240.13364873868284,51915.9949117353,1
6845,469,242.15026231526363,41811.40236424434,1
6846,469,243.13317364659804,25456.47286633993,1
6847,469,244.092656886324,43734.38524660658,1
6848,469,244.166317446012,52254.99448210466,1
6849,469,254.1500798785497,21847.569148361366,1
6850,469,258.14516380989903,40102.31003406024,1
6851,469,268.12934779453946,19668.06850165254,1
6852,469,270.1465431870214,13442.247002948989,1
6853,469,272.16429324266386,20837.00580245693,1
6854,469,284.19583796358654,24721.21632451025,1
6855,469,299.1708762240248,25986.52396785321,1
6856,469,311.1713055419922,23777.725477528573,1
6857,469,312.1540074841729,41146.02620134847,1
6858,469,329.1825963621999,40452.25472159243,1
6859,469,514.9976930623974,206405.559451904,1
6860,469,543.312957165288,266392.7603780148,1
6861,475,120.08178938432174,42327.79971696334,1
6862,475,136.07529638719188,27355.45691701608,1
6863,475,147.11096315302402,11136.63941373173,1
6864,475,157.1332760633926,20833.58055794401,1
6865,475,158.0921544255437,8163.873382954984,1
6866,475,175.1175546690475,35239.380892194706,1
6867,475,183.11233196312577,18592.67672053815,1
6868,475,185.1653535917208,24748.50935433376,1
6869,475,199.18222698762048,36400.659437435774,1
6870,475,201.12395237182,34678.2371657996,1
6871,475,213.15814451187376,15291.93144195042,1
6872,475,219.14928827053163,8471.970096876563,1
6873,475,227.1748495325796,18090.510933511134,1
6874,475,229.1168306762985,53037.05078080601,1
6875,475,247.1447316101332,10089.636110346026,1
6876,475,271.1760112970526,13361.971971338446,1
6877,475,277.15404205322267,6974.13332549731,1
6878,475,283.1439971141326,10428.510774123362,1
6879,475,288.2032868758492,14754.224258072,1
6880,475,296.1964281035633,12854.713570926247,1
6881,475,311.1378507573554,15075.060550202714,1
6882,475,314.20742457190227,10658.064856826428,1
6883,475,328.18705154920406,10654.103684582062,1
6884,475,339.2634351725219,68239.4463294926,1
6885,475,342.2029944333163,40774.11366438866,1
6886,475,401.2869277581936,18761.86092055052,1
6887,475,410.2071108410706,12252.98073463344,1
6888,475,424.2234492251748,12678.514290036654,1
6889,475,564.3499919073163,49925.4050153557,1
6890,475,565.3532351345486,16313.365042911106,1
6891,475,574.1771685523257,103249.2687257186,1
6892,475,711.4173767089844,183535.59303510265,1
6893,475,712.4236584563754,56548.253528965055,1
6894,475,759.4017179867038,122148.6931665636,1
6895,475,810.4867947379425,115214.94212523256,1
6896,475,811.4894418686721,45050.605486944085,1
6897,475,827.5111251963058,79915.66680273245,1
6898,475,923.5698369037674,53854.18044775078,1
6899,475,924.5727519762846,27071.10450934987,1
6900,475,1038.5953901987227,49769.90982942733,1
6901,477,101.0711573410034,27046.863034210204,1
6902,477,102.05534136541958,19803.407623711948,1
6903,477,105.38942835190716,13323.150551829618,1
6904,477,110.0712856438642,29412.57617387616,1
6905,477,115.08695656105324,6631.527230382849,1
6906,477,119.04938102873746,8864.143923475252,1
6907,477,120.08262551006666,75063.55471378652,1
6908,477,121.0844409839527,9210.51681089659,1
6909,477,129.06617755424685,7967.3995205948995,1
6910,477,129.1031939785403,34514.66276577836,1
6911,477,130.06560561830634,5605.622159086316,1
6912,477,130.08781439233496,10784.776324750908,1
6913,477,136.0733752917218,148277.7395563228,1
6914,477,137.07872319518285,15362.080489352533,1
6915,477,141.10237224555453,7788.95453929316,1
6916,477,143.11735033549067,34307.73824144201,1
6917,477,147.11252042249,16790.358082596405,1
6918,477,155.08258341260526,9415.26314501194,1
6919,477,157.09681662026938,8821.278155834643,1
6920,477,157.1333216577027,10780.663869184047,1
6921,477,158.09200138373663,7142.05051150738,1
6922,477,159.0771143713663,8282.205790763677,1
6923,477,159.09170465884,15631.03335149109,1
6924,477,161.21847651420993,312045.5586168033,1
6925,477,165.1024808843085,19093.259765819792,1
6926,477,167.0841443230124,8568.559492941464,1
6927,477,169.09705431707974,9937.65266795542,1
6928,477,169.1335480763362,11252.276358531071,1
6929,477,171.11278205082334,16203.480716836864,1
6930,477,173.09200066180267,7939.145007172892,1
6931,477,173.1285680375009,15726.15940504254,1
6932,477,175.1178954070037,37527.401671149,1
6933,477,181.0971106090685,8331.275893274014,1
6934,477,183.1128817646444,12204.803311259806,1
6935,477,183.1492492540748,16800.60364674256,1
6936,477,185.0921445034518,10990.343050664014,1
6937,477,185.12840228610568,14379.545793780577,1
6938,477,185.16505037035265,14395.420344965798,1
6939,477,187.0714233607462,9042.63261282934,1
6940,477,187.1077504687839,8635.323210027484,1
6941,477,187.14424168178013,15842.883413696289,1
6942,477,197.1285463596488,14084.51735316959,1
6943,477,199.0714044009938,7818.81467998729,1
6944,477,199.1078297576012,9845.25460715043,1
6945,477,199.18086628633387,13164.431250987333,1
6946,477,200.13916328009657,9908.419648718644,1
6947,477,201.0871982123908,7703.458408565972,1
6948,477,201.1237334706425,25243.09924500908,1
6949,477,207.1127973157306,9207.223024856212,1
6950,477,211.14419497535343,13786.980039614722,1
6951,477,212.10312800253595,9843.19854925012,1
6952,477,213.0869990092952,10360.65677093878,1
6953,477,213.1588823912573,13885.956418897284,1
6954,477,214.15526793433017,6731.466626714488,1
6955,477,215.13863588177983,18085.019138171912,1
6956,477,216.09777951071447,10934.181727849,1
6957,477,217.0855836810488,9721.332693735758,1
6958,477,225.12341049656723,6667.472255175041,1
6959,477,226.1185541788737,8687.278318913777,1
6960,477,227.10290206909173,10554.518557572364,1
6961,477,227.17541287213388,8705.864448839391,1
6962,477,228.1343417283965,10077.61480504478,1
6963,477,229.1178796055217,42867.262465719214,1
6964,477,233.1649873063371,7798.140352010727,1
6965,477,235.1082613776712,8327.453672347348,1
6966,477,240.13434281989709,7375.385489691549,1
6967,477,242.1497622742945,12185.464426069844,1
6968,477,243.1335326446884,13904.328439322013,1
6969,477,244.09268838387948,9645.41279173486,1
6970,477,244.1655509353529,8622.868067406593,1
6971,477,251.10261125801023,14327.427737921722,1
6972,477,254.14996780887728,8290.78107197823,1
6973,477,258.1453175544739,14171.346239432693,1
6974,477,259.1084168899891,6792.654001250748,1
6975,477,267.96831705571765,19477.231838051663,1
6976,477,276.13419518916254,32728.903874395623,1
6977,477,279.0972821712494,17735.692515328526,1
6978,477,283.1439844598833,41805.376147781775,1
6979,477,284.1479718017578,9090.853620605469,1
6980,477,288.2031958061352,13251.010359847754,1
6981,477,311.13850414846826,23757.80741850785,1
6982,477,312.14924065641657,8437.53293580787,1
6983,477,328.165148658474,8179.508833246509,1
6984,477,331.1663777509074,6604.852464826088,1
6985,477,339.1666169749747,6503.639405765121,1
6986,477,340.15133327907984,6691.312847235264,1
6987,477,346.1766560274012,8533.838382812108,1
6988,477,357.1765598800947,11628.569504431958,1
6989,477,364.1882888793945,8845.087499932448,1
6990,477,392.1819755917504,73583.40426456685,1
6991,477,393.1844279444495,17203.354507889857,1
6992,477,401.28794214280987,6462.388705172782,1
6993,477,426.165292326937,13770.008691925364,1
6994,477,439.1967128374,15568.600555067378,1
6995,477,443.1930659367488,7560.116113959215,1
6996,477,461.2038295269013,7967.406827971339,1
6997,477,474.76244178185095,11328.208891061637,1
6998,477,488.3176857277199,24140.55020019491,1
6999,477,493.2449120575527,15335.320363679022,1
7000,477,511.2548084259033,22712.298994602526,1
7001,477,522.880178409912,259433.5510501176,1
7002,477,529.7854715526906,20369.514478743346,1
7003,477,530.289981515067,14250.248221980504,1
7004,477,539.2496738757118,15122.000118659716,1
7005,477,554.2259345843638,10801.40058772684,1
7006,477,570.8221381718196,156427.4180900423,1
7007,477,606.507927100929,70222.82515214969,1
7008,477,617.364302480687,17881.801987354982,1
7009,477,667.3088077407285,12876.998701440283,1
7010,477,764.4310659088703,10779.271948299052,1
7011,477,821.1020837214608,210886.80231579044,1
7012,477,851.4640383039202,25959.81418205443,1
7013,477,892.2851399363494,94521.91402739564,1
7014,477,903.249500709568,270438.5902612972,1
7015,477,930.5059868164062,18380.47991096878,1
7016,477,931.4918709688408,13670.044691810312,1
7017,477,948.5146884471676,324674.7421252911,1
7018,477,949.5167427709548,168449.93250855754,1
7019,477,1036.038536688759,275418.5267851585,1
7020,477,1059.5497769710523,34255.1051382719,1
7021,477,1060.5508684430804,21567.260496521,1
7022,477,1076.572525827508,51667.14563794781,1
7023,477,1077.5738559299043,33886.98657921685,1
7024,477,1181.383700396039,78040.66650848318,1
7025,477,1223.6452227140728,41143.56653848448,1
7026,477,1224.6473307830609,26218.802241855898,1
7027,477,1240.6395642317843,204372.8714495141,1
7028,477,1278.1264611256584,66240.43269288306,1
7029,479,101.0711186726888,32024.545405482382,1
7030,479,102.05502420705515,57701.6414133352,1
7031,479,110.07069864078444,46569.69914318266,1
7032,479,120.08308585586062,122635.3303072984,1
7033,479,120.15822955331792,91854.40992103124,1
7034,479,129.0660231543369,25925.655498567176,1
7035,479,129.1032546238346,87282.41757691104,1
7036,479,130.08705637813392,25665.745898701785,1
7037,479,133.04458960171402,81966.50717014006,1
7038,479,136.074990234375,64673.416571757,1
7039,479,141.10243673062106,15334.733861695737,1
7040,479,143.11723250701647,29761.39073347845,1
7041,479,147.1122895910385,44391.13376935999,1
7042,479,155.08222762398097,13535.541584048064,1
7043,479,155.11702852833028,14158.024248707052,1
7044,479,157.13301482024016,42003.650736128846,1
7045,479,158.09195650540866,12890.68480370595,1
7046,479,159.07618456815197,23964.816357245487,1
7047,479,169.0958792368571,10673.956713755926,1
7048,479,169.13340713038588,23810.15440491956,1
7049,479,171.11241932075563,16067.691792628344,1
7050,479,173.09195646233516,15487.76840340763,1
7051,479,173.12862356680412,27796.34301091653,1
7052,479,175.11761632172957,38817.177510074944,1
7053,479,177.48230230436826,62703.897891105866,1
7054,479,183.11247942182752,21352.128965497017,1
7055,479,183.149533996582,15866.764305753708,1
7056,479,185.128477712778,47034.98630487736,1
7057,479,185.16578786881243,17705.941791847104,1
7058,479,187.14477411905924,42941.21188329928,1
7059,479,197.12841145585224,31551.085709432275,1
7060,479,199.07127832483363,16445.940889464484,1
7061,479,199.1816750433212,62687.57013827517,1
7062,479,200.13789860889165,23440.268341213767,1
7063,479,201.12371896907985,26729.428516236363,1
7064,479,215.13758022380324,175619.54390610388,1
7065,479,216.1434410682092,23683.08010261976,1
7066,479,225.1245577943092,11843.203076474809,1
7067,479,226.1179533613489,27777.79694582892,1
7068,479,227.17468541269085,24898.46316679016,1
7069,479,228.13421578958733,21968.717640221523,1
7070,479,229.09408903470003,22444.296837646594,1
7071,479,242.1498436041637,12294.538484421451,1
7072,479,243.1334110675472,95837.47009186696,1
7073,479,244.13128946940105,19778.1981278642,1
7074,479,244.1666833174856,16810.913935390272,1
7075,479,246.12699906812992,81235.6779150155,1
7076,479,260.1952764892578,10435.611861915588,1
7077,479,261.1555801223923,45026.39945765904,1
7078,479,272.0698941358879,25702.960742039468,1
7079,479,274.12235901253354,44558.71660178425,1
7080,479,290.08203741844665,20262.22597765416,1
7081,479,312.1546918651726,32601.45312574845,1
7082,479,340.1454793465488,45776.053033489545,1
7083,479,341.1461990776412,13031.682007763364,1
7084,479,358.1723945554623,18404.70176734609,1
7085,479,375.1968677662037,16489.366948445637,1
7086,479,385.1532987051637,27129.73919265636,1
7087,479,387.2063347167969,25357.578486877443,1
7088,479,403.1646433237437,58844.93316992682,1
7089,479,419.8116015843141,111307.98755346712,1
7090,479,438.2252697753906,19338.695082855225,1
7091,479,455.1889414787293,20061.4994263649,1
7092,479,472.2145407399824,30564.06668243408,1
7093,479,489.2428018075448,90796.01833491855,1
7094,479,490.24559381658383,25188.79511358088,1
7095,479,509.26890650067503,53894.11091613903,1
7096,479,516.2490468651357,15358.108670475507,1
7097,479,550.1948370379547,76765.07782832198,1
7098,479,564.3080178281425,116211.15130709935,1
7099,479,602.3263028462728,103400.8094599247,1
7100,479,603.3293519402943,33612.45891665716,1
7101,479,715.4099031437588,59859.58498076531,1
7102,479,716.4126160260543,37307.63231494126,1
7103,479,779.5405865629713,97240.37535748498,1
7104,479,858.4127075195313,30763.403610658646,1
7105,479,875.4429868062338,125209.11881987254,1
7106,479,876.445640846535,49838.31167715568,1
7107,479,896.3366514801536,95808.55044721122,1
7108,479,1004.4859880719866,42838.668934958325,1
7109,479,1005.9232452535164,138876.82065080933,1
7110,479,1066.4765296233793,93954.179278241,1
7111,491,101.07116939731962,24472.89335766381,1
7112,491,102.0552167361354,28812.44510687581,1
7113,491,104.052661243117,198987.5540545728,1
7114,491,110.07114282981637,48996.761533583805,1
7115,491,113.07126946082482,11712.047020920974,1
7116,491,115.0868370468552,8837.77488904386,1
7117,491,120.08235479445683,100559.8971145194,1
7118,491,121.08433311216292,10902.204252673731,1
7119,491,127.0867709150218,10272.94284783951,1
7120,491,129.06614073624849,11225.036102781904,1
7121,491,129.1030306835251,70343.93108266807,1
7122,491,130.06561551962525,11492.51773558941,1
7123,491,130.0869934019238,32965.89587300304,1
7124,491,130.10589684380426,5981.557260609637,1
7125,491,133.04350471496582,8297.14799589581,1
7126,491,136.0750600158191,72891.22170302906,1
7127,491,137.07881653614533,10704.278761309435,1
7128,491,141.06591528588598,9185.858088999878,1
7129,491,141.10232563260234,8820.315352922753,1
7130,491,143.08187416924372,13164.827930365667,1
7131,491,143.1177186481023,41714.38162389853,1
7132,491,147.11203223398883,55924.34856593835,1
7133,491,155.0825096579159,18722.125974443225,1
7134,491,155.1176196930071,8224.442810319875,1
7135,491,157.0965985822248,6986.285965137654,1
7136,491,157.13347606294474,16782.134925108807,1
7137,491,158.09219261509205,7408.100546083952,1
7138,491,159.0767020063791,12993.284370600828,1
7139,491,159.09164551836614,23018.012456805973,1
7140,491,159.11259855073075,11893.704271689228,1
7141,491,161.07418705299855,13017.86260536673,1
7142,491,167.0834408643769,7625.178255927854,1
7143,491,169.09711103728324,9052.837059241352,1
7144,491,169.13353303312525,9452.956371228389,1
7145,491,171.07595275878907,8512.646771259308,1
7146,491,171.11266317637825,53952.82768227118,1
7147,491,172.11518818342768,18578.871338883226,1
7148,491,173.0921275615692,13413.003790736198,1
7149,491,173.12856470872907,70487.96534811785,1
7150,491,175.11827620719242,29248.87495450372,1
7151,491,177.10364933785675,13351.317617802262,1
7152,491,183.1128233735785,13943.27705389408,1
7153,491,183.1491693503848,18687.231899832965,1
7154,491,185.0921220887382,9747.34289536386,1
7155,491,185.1283340205587,21915.13645220036,1
7156,491,185.16498354648024,16411.174933094386,1
7157,491,186.1245141908443,6788.2760039841,1
7158,491,187.07139282226564,14578.88113849743,1
7159,491,187.1079347319321,16172.151703739464,1
7160,491,187.1442494030057,29920.605602574567,1
7161,491,189.06956329978848,17328.738947187718,1
7162,491,189.0872272889307,10442.0930495935,1
7163,491,191.11759426719263,8230.36358402068,1
7164,491,197.12858964989223,13558.242905446285,1
7165,491,199.07135103333675,6433.288888332979,1
7166,491,199.10790867959287,10890.101601473198,1
7167,491,199.1813915097228,20708.46051107156,1
7168,491,200.13905007498605,18952.520727373303,1
7169,491,201.08714347277885,10963.430594440146,1
7170,491,201.1239526677738,51942.77552327345,1
7171,491,207.1127888214893,10448.276622468997,1
7172,491,211.14439183361125,14679.808032310231,1
7173,491,212.10364069133044,14146.969559151288,1
7174,491,213.0870177283654,12536.642487470186,1
7175,491,215.1387004519341,32092.35922661684,1
7176,491,216.09752662894653,6892.5685857466815,1
7177,491,217.08538420095385,10946.558037092102,1
7178,491,217.13655030992297,72907.18886804846,1
7179,491,218.15011727905272,44689.99943781853,1
7180,491,219.1131221060517,8890.098679749231,1
7181,491,219.15122300751355,8887.407317827186,1
7182,491,221.1285348984009,12428.648728028977,1
7183,491,225.123383785318,6712.976781652018,1
7184,491,226.11842007816583,9262.7172271118,1
7185,491,227.10295384366748,8627.603666690593,1
7186,491,227.1752541624469,26840.766309557628,1
7187,491,228.1342146700661,10028.844569686276,1
7188,491,229.11753923727628,22495.148834151176,1
7189,491,233.13098066680288,35387.95283975406,1
7190,491,233.164938955596,23442.71106951887,1
7191,491,235.1086834859292,8716.291400187674,1
7192,491,240.097475062779,38927.31880488805,1
7193,491,240.1342538463752,8707.15407801581,1
7194,491,241.8294045028292,105060.45729062446,1
7195,491,242.1498104126985,14163.36765388615,1
7196,491,243.13372348833687,24458.74249673192,1
7197,491,244.09308639465576,8751.591807331222,1
7198,491,244.1316645304362,8288.033274247911,1
7199,491,244.16576069157296,15353.793085237829,1
7200,491,245.07661332609905,16608.9181427297,1
7201,491,245.13114898783027,17214.981872938795,1
7202,491,249.1236868257876,38338.58966264018,1
7203,491,249.15898746287328,24314.13783908596,1
7204,491,254.14990186691284,9921.31370968478,1
7205,491,257.1313198852539,47224.85797182719,1
7206,491,258.1452233222738,17052.082193382616,1
7207,491,260.1968437260033,13323.082359028678,1
7208,491,261.1269772466785,17688.983856932133,1
7209,491,261.15715468073466,15210.670437209576,1
7210,491,263.1030227198745,13384.450794669514,1
7211,491,277.1544156161221,21196.38149353952,1
7212,491,300.1554449484767,11659.60592478407,1
7213,491,302.1530312138025,94864.75531718256,1
7214,491,303.15564305922567,18906.664461113425,1
7215,491,316.1138307941493,13583.847134931764,1
7216,491,318.1484547569638,42618.54797133378,1
7217,491,329.18252858076943,24691.75958741065,1
7218,491,334.13890869854487,17594.631912911846,1
7219,491,347.1925535763011,26217.903576191733,1
7220,491,357.1764864748624,6961.453550822995,1
7221,491,360.15748392272104,15269.002013799782,1
7222,491,387.24272871017456,31105.80048255125,1
7223,491,392.14548108004783,12425.56220783559,1
7224,491,414.835775328545,190483.1009779923,1
7225,491,449.1667549728502,14751.87892410603,1
7226,491,462.2181436875287,39150.16627651102,1
7227,491,462.2219668613391,24461.525223849865,1
7228,491,578.2087539554566,16049.482792876488,1
7229,491,596.7411363994761,183454.29024713885,1
7230,491,609.2881248455558,37212.52372134689,1
7231,491,610.2908665734811,15217.2829571507,1
7232,491,649.2466755022322,13501.477259783063,1
7233,491,680.3250548276878,68496.86781936609,1
7234,491,681.3279819304537,26616.30645975193,1
7235,491,700.4593819819177,177757.8121335528,1
7236,491,795.3515301708761,181225.4174275507,1
7237,491,796.3538818359375,72956.9623164082,1
7238,491,892.0958124464269,145098.0069056257,1
7239,491,908.435071520767,112840.27237016204,1
7240,491,909.435577392578,53536.1135387108,1
7241,491,1002.3030833861384,23190.7536045255,1
7242,491,1039.47363573634,42617.88928368848,1
7243,491,1040.3297116209292,134956.3443902631,1
7244,491,1096.4951041749289,109132.4374677784,1
7245,507,101.07135164415514,88383.05346308528,1
7246,507,102.0551400776782,30585.34264598173,1
7247,507,110.07111615675656,25694.99863388959,1
7248,507,120.0813344091578,66367.85556700839,1
7249,507,129.06653336917654,20039.59976835812,1
7250,507,129.10279778374567,74693.37658525255,1
7251,507,130.0867825156764,52691.88828197279,1
7252,507,136.07544589143262,159653.02820146133,1
7253,507,143.1175764514554,17490.826807920395,1
7254,507,147.11241983884742,74209.7750727696,1
7255,507,155.08170382591985,16635.355305136403,1
7256,507,157.09666434711315,41313.869168123456,1
7257,507,157.13351043701172,23473.17639577229,1
7258,507,159.09156582806563,15344.290582579535,1
7259,507,167.08214090983074,34109.0030637614,1
7260,507,169.13365164147802,28666.692839289288,1
7261,507,171.112846443245,59183.03859710693,1
7262,507,171.35276822780503,117070.49509313906,1
7263,507,173.09236534381736,21258.894143781992,1
7264,507,173.1285402509901,37442.60411976002,1
7265,507,175.11753825004527,14110.527056965608,1
7266,507,181.0971078973068,52683.38367409957,1
7267,507,183.1129941940308,53751.71150504626,1
7268,507,183.14928570915671,28793.76633273853,1
7269,507,185.09221492401545,60244.08435891208,1
7270,507,185.1285486379381,23532.04414249652,1
7271,507,185.16500610924663,36500.16508655817,1
7272,507,187.1443257825128,67830.27553883914,1
7273,507,197.1286282096941,29259.456915353992,1
7274,507,199.1079114396996,61254.31282161106,1
7275,507,199.1816203247608,378685.0808822699,1
7276,507,200.1841774415434,55398.63981688424,1
7277,507,201.12382716986968,91353.57748745052,1
7278,507,211.14423362731927,27855.66210884094,1
7279,507,212.1032393606085,12493.958050089672,1
7280,507,213.08697110689604,17097.5938027602,1
7281,507,215.13865380538127,53095.96980875919,1
7282,507,216.09802607676428,53555.6275631873,1
7283,507,227.10309689543968,15227.167050265529,1
7284,507,227.17543399867728,407549.39778979856,1
7285,507,228.13446697746355,41334.021929750736,1
7286,507,228.1785732269287,73760.29361534119,1
7287,507,229.1180228114607,123995.55781052678,1
7288,507,234.14519228035184,134780.29174984698,1
7289,507,242.14999706340285,14833.497123886204,1
7290,507,243.1337861112116,112852.64536953364,1
7291,507,254.15011898407155,37892.85683476184,1
7292,507,257.59222484380643,310050.82667664933,1
7293,507,264.1344096858327,84409.01628522175,1
7294,507,268.16604792462647,27184.04117253923,1
7295,507,282.1451344129774,86450.42828671455,1
7296,507,292.1294206259907,34644.34364653325,1
7297,507,295.1416219791896,155880.33081547642,1
7298,507,300.15532302856445,42109.13771390915,1
7299,507,313.1507008075714,175575.06624625623,1
7300,507,316.47301360909734,53453.62547336904,1
7301,507,324.19223814520217,62006.03878580341,1
7302,507,326.2443617370231,55211.88398648478,1
7303,507,342.2031363409919,185697.4691333513,1
7304,507,343.2053964614868,62143.16476909667,1
7305,507,347.2289752230618,79619.84422852563,1
7306,507,356.2177869011374,409019.9309763488,1
7307,507,357.2223179354989,124581.60832432588,1
7308,507,418.5390944073618,377463.6670363275,1
7309,507,427.2916790955049,128943.57194995164,1
7310,507,428.2951416471111,59596.35894930541,1
7311,507,438.7934601725916,213113.8111049708,1
7312,507,455.28689604539136,425008.8851045462,1
7313,507,456.2898689148918,136418.18078668535,1
7314,507,461.2722937194596,99574.08921261047,1
7315,507,469.3033694475057,105758.82122380774,1
7316,507,476.2142791748047,113434.9805409738,1
7317,507,490.7253706381029,129428.18948284235,1
7318,507,523.3497949716996,54672.06275222415,1
7319,507,540.3753399357133,93877.60280807564,1
7320,507,545.2350590006511,58257.21287600199,1
7321,507,563.2464717633158,62563.63472781524,1
7322,507,568.3712288831873,151789.2112317525,1
7323,507,569.3741380341199,65279.28744981727,1
7324,507,592.3123291893829,276714.76248108567,1
7325,507,608.307666685523,28380.92742861771,1
7326,507,614.2549560546875,67188.24779292919,1
7327,507,632.2673909698052,85698.05665749284,1
7328,507,633.2679488907999,52312.2125430463,1
7329,507,650.2753083259829,86165.10531490695,1
7330,507,670.8199978025235,155411.91724422638,1
7331,507,701.499282135167,274008.29778951907,1
7332,507,707.3747582435608,24769.909279711545,1
7333,507,780.7148844325545,180471.3108752808,1
7334,507,792.4291772636578,327783.6257663425,1
7335,507,802.867800825968,406119.0437857391,1
7336,507,808.4249653286404,57782.982187483045,1
7337,507,850.6227810552358,183616.396255569,1
7338,507,863.4674143031024,462660.27905627264,1
7339,507,871.3055209613636,447016.4414282407,1
7340,507,878.7240887435581,214803.52757608084,1
7341,507,880.4674856332632,47537.25216686542,1
7342,507,931.4121808733258,77160.27842614311,1
7343,525,120.08251297183152,140114.69792152033,1
7344,525,129.10416663674746,58071.86831153421,1
7345,525,136.074968148541,131672.1392809129,1
7346,525,141.10249760276392,20864.225467757176,1
7347,525,147.11209969293503,38951.0292120434,1
7348,525,158.09192176714336,18686.36210099312,1
7349,525,173.1286508988361,40729.93912985536,1
7350,525,175.11676155807626,75067.98670219968,1
7351,525,183.11261877762644,50412.10906218478,1
7352,525,185.12874581157297,91773.64008347194,1
7353,525,185.16537235804967,29129.42163287572,1
7354,525,197.12863608582376,28928.25753532044,1
7355,525,199.18288858347927,29101.091031947628,1
7356,525,200.138186819894,94789.19605671748,1
7357,525,201.12501184991063,45178.64496988565,1
7358,525,211.10774983300104,45387.69375459353,1
7359,525,215.1372934329282,61446.36523593307,1
7360,525,227.1743288601146,14659.772430539131,1
7361,525,228.1338744043705,184324.66741983616,1
7362,525,240.019363435616,109315.1174613584,1
7363,525,296.1959296332465,14952.378946025285,1
7364,525,341.2170829772949,33311.99697929307,1
7365,535,120.08200889721252,57775.4328719022,1
7366,535,129.1040227789628,462102.6074877861,1
7367,535,130.08736313445658,99375.49662821,1
7368,535,130.1057526608731,39012.563604923,1
7369,535,136.0749648974843,50477.05205882679,1
7370,535,143.11785853020498,17287.699526920496,1
7371,535,147.11178283691407,120883.3066663954,1
7372,535,155.08230815442082,13882.544902917698,1
7373,535,157.09662413201937,9243.659246539542,1
7374,535,159.09156503154256,115621.3341829324,1
7375,535,169.1334965203398,15001.359985966836,1
7376,535,171.11254896081013,15342.342750748345,1
7377,535,173.12844443019432,18861.659424826063,1
7378,535,175.1180214699137,34070.6193867062,1
7379,535,183.11291931487705,9057.993886507476,1
7380,535,183.1491211906312,51966.776910715256,1
7381,535,185.09197909160724,12564.960835058711,1
7382,535,185.1282247206744,20203.531912949507,1
7383,535,185.16496716515493,29534.58950224468,1
7384,535,187.14414025362208,13767.274034257918,1
7385,535,197.12847471631264,14676.30094669279,1
7386,535,199.1079960777646,10680.971592971257,1
7387,535,199.18228878064104,16383.028361786615,1
7388,535,201.1241250845102,20405.39357993346,1
7389,535,209.09177454346752,14758.857335434452,1
7390,535,211.1444829957098,81006.8531728076,1
7391,535,212.1045781041051,10435.471735992947,1
7392,535,213.08711737555427,12119.03454263017,1
7393,535,215.13788882168856,16252.788425772644,1
7394,535,216.0973269961296,18841.009534730823,1
7395,535,217.08348437603013,39576.72633405275,1
7396,535,217.1334310642441,59260.60605865152,1
7397,535,226.11785471299115,78951.49469703225,1
7398,535,226.1535406566801,7466.197590737116,1
7399,535,227.10330349275435,15095.105674897117,1
7400,535,228.1338577964089,11253.50520989678,1
7401,535,229.11725678796435,18339.829788935323,1
7402,535,233.16510162353515,12663.882737909424,1
7403,535,240.13371909201683,38718.72065282369,1
7404,535,242.1498864127676,10988.520481567552,1
7405,535,244.092286196622,10701.701395589656,1
7406,535,244.12927622795104,46318.10967987776,1
7407,535,244.16611199240083,10170.150457659973,1
7408,535,245.12858278998013,109507.67634858756,1
7409,535,246.13088485297808,21734.254591425622,1
7410,535,253.1657935738133,30949.889500421737,1
7411,535,258.1452355923403,97543.38892181648,1
7412,535,259.1481109619141,15968.24255051083,1
7413,535,270.19102188303503,20906.363917962408,1
7414,535,276.1550890013229,75519.92275949966,1
7415,535,277.1563383668334,19152.310376151578,1
7416,535,299.6872127299406,23529.523717140662,1
7417,535,310.21221336222584,48153.78949827585,1
7418,535,327.1666792959537,28285.074829641377,1
7419,535,345.17620764838324,22191.51556772656,1
7420,535,358.2120993079209,49958.09616597106,1
7421,535,375.2242073982384,59477.3783928209,1
7422,535,376.2270496977857,25564.335377111944,1
7423,535,401.080213351304,369715.21417029673,1
7424,535,439.2545950480016,45429.1186736654,1
7425,535,455.2674107244837,15232.358478122287,1
7426,535,471.7864732908455,75318.53330068555,1
7427,535,472.28809842196375,48210.58681298878,1
7428,535,485.2848822699653,15959.754790708754,1
7429,535,486.3073863450375,19639.99356888925,1
7430,535,508.40897905663735,49242.0213869183,1
7431,535,511.4907730692335,265730.16188548686,1
7432,535,513.2768757455301,86577.0012178357,1
7433,535,535.8336137412251,38461.84656347745,1
7434,535,567.350656092852,17258.54305539186,1
7435,535,568.3498683198969,23381.54432509402,1
7436,535,575.1118259237849,272000.06894653384,1
7437,535,585.3626793820886,226485.5250002592,1
7438,535,586.3652623188065,72519.64952533216,1
7439,535,598.3270089285714,23392.51832306953,1
7440,535,626.363672843812,105458.75107252332,1
7441,535,627.3660241803552,45397.10015005128,1
7442,535,627.9321378123741,59268.78009358563,1
7443,535,641.3899837715778,195551.2434739197,1
7444,535,671.854887328396,41703.74689399851,1
7445,535,675.0497219731899,55447.79358220752,1
7446,535,680.7224883151192,293914.111289096,1
7447,535,681.0542658236543,363236.5880442391,1
7448,535,681.3902806116882,361854.5979061872,1
7449,535,698.4463009665199,50852.98396799074,1
7450,535,714.4050900427651,42413.70533517413,1
7451,535,714.9053208080691,35909.364124127285,1
7452,535,726.4272502263387,34169.39399675528,1
7453,535,728.4040424185739,78046.22778807448,1
7454,535,728.9031421013598,61471.72678195305,1
7455,535,734.0760141983601,177633.83741249616,1
7456,535,754.4238681793213,118470.8591288158,1
7457,535,755.4251259374255,72732.55963495851,1
7458,535,762.930515882704,25648.23308007982,1
7459,535,819.4714943797318,35666.68751014631,1
7460,535,819.9721683059608,38614.94301879208,1
7461,535,827.4718066753369,37545.90547008424,1
7462,535,833.4696658125548,50495.07704119816,1
7463,535,833.9702123354559,50819.72915955984,1
7464,535,845.5124436016231,35410.316744516065,1
7465,535,855.4687858903911,63668.30763290298,1
7466,535,856.4705081176758,37577.257369613646,1
7467,535,899.8519968518192,50512.64531869645,1
7468,535,938.3268979154398,150017.4214472874,1
7469,535,942.5668628433812,228612.23883227684,1
7470,535,943.5691547513758,132581.77174751714,1
7471,535,944.5708662001468,57971.253126028496,1
7472,535,952.33931451587,279347.2128389331,1
7473,535,953.471192770164,36507.57831492504,1
7474,535,970.3918519690554,21379.854832198856,1
7475,535,970.4936930947677,257408.94568821343,1
7476,535,971.4956407079156,151995.15321275243,1
7477,535,1020.7291346178564,367061.45467601344,1
7478,535,1026.260420284187,97836.12166680775,1
7479,535,1040.1261083485338,86286.62674877909,1
7480,535,1080.7411643925482,12312.926724750709,1
7481,535,1088.8022093703123,302939.5747397061,1
7482,535,1098.590216855274,95091.67458128056,1
7483,535,1099.5913126458763,64928.17113832023,1
7484,566,143.11561926205954,21236.83935843408,1
7485,566,147.1120402018229,37613.53779044262,1
7486,566,159.07423351121986,6737.533600107483,1
7487,566,171.11201557785114,14479.314209610066,1
7488,566,175.1171762894611,35428.895916170004,1
7489,566,187.0711522167085,16175.614552572302,1
7490,566,201.0696265845777,73357.2303615278,1
7491,566,201.1241900573424,35407.58450607798,1
7492,566,247.0740440261196,143486.28515509036,1
7493,566,408.19108328435095,80525.40659861316,1
7494,566,537.2320822482639,23527.320735338,1
7495,566,594.2533545527898,152819.88320002996,1
7496,566,595.2541778724232,39258.4865659544,1
7497,566,822.3668382432726,142017.72123131927,1
7498,566,823.368857204324,42557.15302216652,1
7499,566,906.9396996507558,99402.32490633044,1
7500,568,101.07128256520916,27218.651632493544,1
7501,568,102.05520727588954,40533.51552338561,1
7502,568,104.052644263587,250713.57661999145,1
7503,568,110.07024489241824,49106.6175880336,1
7504,568,115.08691765102944,17151.075155205406,1
7505,568,120.08189598931206,147559.22276512993,1
7506,568,121.0844208473383,19063.622819767443,1
7507,568,129.0662404935654,23987.939670405976,1
7508,568,129.10415432237212,327883.16459745663,1
7509,568,130.0869005428847,92449.95091213104,1
7510,568,130.10591170632628,27896.44389137855,1
7511,568,136.0752748373989,55414.10343912573,1
7512,568,139.08703350812283,15218.443814653,1
7513,568,140.07092335021574,12200.995137784996,1
7514,568,141.1028148903664,18421.654825421578,1
7515,568,143.11760893894305,33297.52249326856,1
7516,568,145.0969075020113,31613.15259644899,1
7517,568,147.11181350618776,144732.05771381813,1
7518,568,148.11623446556828,11247.795525741578,1
7519,568,148.39657106285813,28785.72587270833,1
7520,568,155.08240917678873,16045.149648998531,1
7521,568,157.1335009524697,39333.60434189775,1
7522,568,158.09221838216865,12994.732371942133,1
7523,568,159.07667918082996,11777.782690714566,1
7524,568,159.09154548267327,49259.77254431948,1
7525,568,167.08225818830454,18240.67380689864,1
7526,568,169.09645110881883,20629.300490273545,1
7527,568,169.13332942082332,22400.115963257274,1
7528,568,170.06316125214988,34009.50634493757,1
7529,568,171.11284897233423,18437.86855094321,1
7530,568,171.28405214083034,126902.47403861476,1
7531,568,173.09212860107422,26304.58118446562,1
7532,568,173.12874856404528,38653.42195458424,1
7533,568,175.11830860588833,43792.25065079594,1
7534,568,183.1128283725696,18294.913958999547,1
7535,568,183.14929952500745,97987.38473523644,1
7536,568,184.152751323155,13208.651965907642,1
7537,568,185.09218734123803,30992.75147047392,1
7538,568,185.12861299760985,42555.01379113518,1
7539,568,185.1651383502992,37953.52899441495,1
7540,568,186.12462239245656,15906.7383517388,1
7541,568,187.10791415703005,14891.067298051788,1
7542,568,187.14460575180567,25683.711985223246,1
7543,568,188.0737656231584,100910.36311014768,1
7544,568,195.07612313336207,18464.28683338474,1
7545,568,197.12866727994071,46618.84776324418,1
7546,568,199.1079738267195,24507.62484454092,1
7547,568,199.1816200256348,59009.5574523184,1
7548,568,201.12400734303688,37398.353824324346,1
7549,568,211.14450034967632,51937.49656260372,1
7550,568,212.1036469713389,11725.560018724676,1
7551,568,213.0871383881044,28914.738326827606,1
7552,568,215.08531377883185,9572.143686712356,1
7553,568,215.13797667456456,106111.29611438532,1
7554,568,216.1428460607996,15671.96501799897,1
7555,568,225.1235803161005,15463.26546910315,1
7556,568,226.11832785606384,23607.517437835533,1
7557,568,227.1752920044399,45770.34256656462,1
7558,568,228.1343734659613,17498.7818627383,1
7559,568,228.1707078156648,31651.739848038003,1
7560,568,229.1176839618176,13827.529534778669,1
7561,568,230.15005596225305,34555.740551009185,1
7562,568,233.0951156144289,148097.29307196703,1
7563,568,234.09795616042447,17745.94898104332,1
7564,568,240.13420134243896,16001.446445710691,1
7565,568,242.10704792022383,86018.21894499962,1
7566,568,242.15036724565363,15912.061711520084,1
7567,568,242.1867683661376,12878.902745600595,1
7568,568,243.133651763734,33951.5852070196,1
7569,568,244.0926851516604,17096.852563962613,1
7570,568,244.12986733727425,17896.450538716417,1
7571,568,244.16625549316407,18854.932734069826,1
7572,568,246.18162809278144,247643.2475861096,1
7573,568,247.18458603106424,32944.6047492162,1
7574,568,258.30961764674555,165270.89609581785,1
7575,568,261.0903374784736,142547.28383434666,1
7576,568,262.09322709880894,20482.74544558916,1
7577,568,272.1714092053865,20455.23552980307,1
7578,568,283.17574396608103,10073.734727954434,1
7579,568,298.1757655867611,33149.30614659873,1
7580,568,301.1872389190051,10084.283689459977,1
7581,568,307.29378958521124,215172.8792980013,1
7582,568,308.16324403692647,24865.410688489577,1
7583,568,325.18726157486645,61807.8531916248,1
7584,568,326.17122439860213,31422.183327590144,1
7585,568,327.1683421473349,18529.46746948612,1
7586,568,339.2384693010051,19073.31138987786,1
7587,568,343.16216530362925,17364.457969300776,1
7588,568,345.1768745607624,30776.07450095339,1
7589,568,355.1623269517412,16394.394800626316,1
7590,568,361.2087575812089,20482.768046419245,1
7591,568,371.1927328491211,35618.95611793518,1
7592,568,372.18853516304426,42498.49159314327,1
7593,568,374.1741793763404,19457.405090246542,1
7594,568,374.8497724036308,154663.64184684126,1
7595,568,384.5648021556713,14826.464894457216,1
7596,568,386.73462508176095,323579.6247244672,1
7597,568,397.2090032851366,20964.345986796267,1
7598,568,398.20459228515625,23334.27323179118,1
7599,568,414.2527486454974,50540.46532744276,1
7600,568,414.7544914124504,27123.014253266003,1
7601,568,416.2139058395545,52833.98458748329,1
7602,568,417.2160076794324,15651.477663177628,1
7603,568,424.6164434544568,117332.70581930288,1
7604,568,440.2127899364301,17232.683734262064,1
7605,568,456.0063883872036,83964.35139459027,1
7606,568,457.48128411219113,196235.50091875537,1
7607,568,462.76320187854367,14915.975671808428,1
7608,568,471.267182425993,48844.16615161207,1
7609,568,471.7756054885989,18766.37979836193,1
7610,568,472.24576977715975,26060.497720746025,1
7611,568,473.76760064019095,38237.02212944879,1
7612,568,483.5432603873143,27271.25204206477,1
7613,568,489.2674926875414,47156.71738102165,1
7614,568,490.2699793765419,25080.422783911228,1
7615,568,511.28721788194446,16663.2002801441,1
7616,568,513.2679203913762,18153.373314960187,1
7617,568,522.9669638613918,24908.48615622591,1
7618,568,524.7703334263393,26015.440574348748,1
7619,568,529.2969769171949,34688.1931538132,1
7620,568,542.8784920362095,20468.91911707514,1
7621,568,560.9947981153216,31954.724289485388,1
7622,568,568.3119332449777,18095.353476149696,1
7623,568,576.3434016209022,93291.53277737489,1
7624,568,576.8446472883224,62837.116266936064,1
7625,568,577.3465616616858,25656.62423278625,1
7626,568,582.3253693208744,65783.93320710366,1
7627,568,583.3279711790759,28593.442869013004,1
7628,568,586.2972880129537,102647.36165113654,1
7629,568,591.6980100601709,68089.37098039562,1
7630,568,597.6716240143107,27678.22618559365,1
7631,568,598.0066394148201,30888.36745725829,1
7632,568,599.3515503482042,16992.56339260464,1
7633,568,617.3632589599142,119745.8460006568,1
7634,568,618.366102210371,40045.4080175342,1
7635,568,626.3486638952185,31556.854653817634,1
7636,568,633.8553126135538,37681.18513925242,1
7637,568,634.3544159423049,31877.535430271404,1
7638,568,640.330318621735,40600.268117144165,1
7639,568,661.3554025045255,24731.751484072305,1
7640,568,669.3530642744423,20950.098496976105,1
7641,568,673.0660293974125,81860.40235820971,1
7642,568,681.3920396861464,32332.267012992703,1
7643,568,696.3679783235347,27460.596568596546,1
7644,568,697.9046921840934,20694.30923574285,1
7645,568,723.3696171471832,19539.51814696986,1
7646,568,730.4464842054579,23315.726533643403,1
7647,568,740.3934920082992,30008.549107484145,1
7648,568,741.3908111994168,17639.577669187624,1
7649,568,748.4278509542604,25340.87156677246,1
7650,568,748.9281457519531,25474.795413612366,1
7651,568,783.9464114939673,40862.915801369934,1
7652,568,784.4474933903392,37944.28237385866,1
7653,568,827.4969121159734,113970.5017136445,1
7654,568,827.5034073539402,111624.85626333788,1
7655,568,828.5049794921875,64560.62866000366,1
7656,568,898.3137224817877,308504.4842199032,1
7657,568,898.7688864404832,227398.15722245275,1
7658,568,906.5065829688474,45383.13446667069,1
7659,568,907.507818008588,27598.714260855308,1
7660,568,941.5355970017454,40407.949040798434,1
7661,568,941.5450819035722,42514.94267372192,1
7662,568,942.5462592073188,24148.01394654429,1
7663,568,1012.9865976008024,15545.839391867004,1
7664,568,1018.2859077923796,311867.722066295,1
7665,568,1021.5304076048704,19395.584933873768,1
7666,568,1023.6838435182462,100566.72443602722,1
7667,568,1048.6944649135676,37256.15946363789,1
7668,568,1109.420156250339,272146.58188694523,1
7669,568,1151.672315192945,34751.095070446725,1
7670,568,1206.564423842757,181287.2021620706,1
7671,575,129.1031016328909,35714.4386184581,1
7672,575,130.08673326508338,13611.558430936157,1
7673,575,136.0753184000651,20176.5239944458,1
7674,575,147.1127741055226,30399.804150859203,1
7675,575,166.06149979325028,47206.448332159365,1
7676,575,241.1115813078704,44811.72129646275,1
7677,575,269.1068322047714,468250.2959905813,1
7678,575,270.1093628494828,54637.89822601389,1
7679,575,334.1505044241932,49698.551623897016,1
7680,575,340.14491695115544,367323.4088585637,1
7681,575,341.14715208830654,54056.559549110905,1
7682,575,342.22529311415315,54580.24736895301,1
7683,575,415.21201259807,40074.50669283786,1
7684,575,1282.6291412638727,306082.0937679059,1
7685,576,110.07123521269943,34389.6974083633,1
7686,576,120.08129951801706,31933.715520655856,1
7687,576,129.10450673931814,115975.64547467323,1
7688,576,130.08810930875077,12535.252869150749,1
7689,576,136.07519027949627,42727.259388389386,1
7690,576,147.1127226274092,19275.8092653044,1
7691,576,175.11782892149498,28259.631938848022,1
7692,576,195.11288529408128,8035.255054135866,1
7693,576,201.1236788516013,16064.666212356644,1
7694,576,215.130698951515,11450.085133726532,1
7695,576,228.1332423323292,8447.934092268431,1
7696,576,240.13407720913543,11724.13068856192,1
7697,576,262.15110685387435,7984.429316238481,1
7698,576,489.2754989697032,16748.68385782196,1
7699,576,602.3637422260485,17038.996806736995,1
7700,576,749.4299634089235,48053.65234403923,1
7701,576,750.4323568654614,17854.04560775757,1
7702,576,806.6037105695784,28193.086555771093,1
7703,576,848.4957069654143,36916.450544014406,1
7704,576,849.5054068216464,14699.482124514696,1
7705,576,919.534351969,28609.858931179704,1
7706,576,952.025062785638,64756.9768553305,1
7707,576,1000.0348855193026,108269.60830896476,1
7708,576,1020.5852839631856,54501.918521665175,1
7709,576,1021.5872772667796,27784.91445272661,1
7710,576,1149.627278466582,59861.86703027398,1
7711,576,1150.629043151285,33316.42753080564,1
7712,590,104.05286391576132,504320.01673615776,1
7713,590,110.07141670931776,24578.391751055737,1
7714,590,129.10451652621046,134026.3609563757,1
7715,590,130.08763294373378,28457.201465285816,1
7716,590,130.10615568477397,5914.403349083182,1
7717,590,131.08427169642496,4767.724345829069,1
7718,590,133.04372166087794,49619.47927964109,1
7719,590,136.0738816833496,11090.645722529887,1
7720,590,143.0827080433763,6499.698999714664,1
7721,590,146.06467139452025,117418.85164808152,1
7722,590,147.11232530400994,57809.91301466106,1
7723,590,157.09577027999143,2800.339474739238,1
7724,590,158.0921146267063,6014.688306351284,1
7725,590,171.07583485817423,4806.022866166368,1
7726,590,174.0574278860381,11380.074080426764,1
7727,590,175.1176915386923,30293.191319577832,1
7728,590,191.08589149243903,124893.22082861626,1
7729,590,198.1249091528744,2983.069200212556,1
7730,590,201.0697240131657,7989.396868910731,1
7731,590,209.09187655978727,18100.626915425066,1
7732,590,213.03268971162683,12881.299353912404,1
7733,590,216.0837904407132,20563.92686134769,1
7734,590,219.077241897583,40775.56581482433,1
7735,590,220.07467884835,12502.706307656126,1
7736,590,226.117321632022,37562.60369332329,1
7737,590,227.10446483530896,8374.951512920095,1
7738,590,230.0585755266462,7424.836675011771,1
7739,590,243.1456751609335,9471.810305101044,1
7740,590,244.12931183056955,34351.51994033349,1
7741,590,248.0699920654297,78279.8246935647,1
7742,590,258.05410961076325,8632.634754040662,1
7743,590,261.1546602249145,133606.1461452056,1
7744,590,262.15640694754467,12227.836276253502,1
7745,590,264.083950213532,26364.83553032792,1
7746,590,270.0906931243328,9309.767765578275,1
7747,590,288.1029630582008,15760.287775146891,1
7748,590,292.07777163061763,24969.45467273788,1
7749,590,323.1348129390746,18458.558026630748,1
7750,590,341.14582991399686,15256.393897978198,1
7751,590,349.3788779874574,123343.1753554541,1
7752,590,359.1558601250083,17964.1715895281,1
7753,590,361.10964349303583,19302.887817267216,1
7754,590,376.1835485605093,58589.28910101377,1
7755,590,379.1103655257315,24446.485794553217,1
7756,590,407.10539905445,46897.31229596525,1
7757,590,433.2964786737199,400957.7030680608,1
7758,590,482.5285124429054,86178.04389325871,1
7759,590,494.1364577488346,29630.130807563088,1
7760,590,507.22421733270426,72806.04169927018,1
7761,590,650.2280808437017,16868.79214794253,1
7762,590,667.2529248434399,81509.72130023866,1
7763,590,668.1587669098191,58252.77953844137,1
7764,590,709.0369534964082,97258.69489448288,1
7765,590,754.286412536374,172073.9196059443,1
7766,590,755.2883384183327,63384.49151447841,1
7767,601,101.0712130195216,20781.65343630941,1
7768,601,102.0552526087194,16562.542294588955,1
7769,601,104.05295764275316,112587.32282568974,1
7770,601,110.07130827386696,33775.62046216482,1
7771,601,120.08204793245598,112794.32694269938,1
7772,601,121.08432856614029,11612.14790766026,1
7773,601,127.08687634972053,13448.52328621469,1
7774,601,129.1031562649474,47578.25093436728,1
7775,601,130.0881058265423,15186.43609417444,1
7776,601,136.07546644944412,37173.95328201042,1
7777,601,143.11775336327491,15759.287472910695,1
7778,601,147.11265733506946,32957.89899288423,1
7779,601,155.11723693490725,25675.6478557754,1
7780,601,157.1330671599417,16509.17753652912,1
7781,601,158.09412801700788,99491.16742532968,1
7782,601,158.10318908691406,60754.17497771454,1
7783,601,159.0913470944032,12046.956913971742,1
7784,601,159.10829445975168,9715.968699564251,1
7785,601,169.09607983398436,5283.864046127319,1
7786,601,169.13293267688613,15479.982963224396,1
7787,601,171.11264592950994,24273.54530871637,1
7788,601,173.12902489686624,24700.3692723528,1
7789,601,175.11767308465366,75897.77387513785,1
7790,601,183.11278881496847,15953.829480610952,1
7791,601,183.1496346492896,14227.2918895171,1
7792,601,185.12885247507404,19549.552635892745,1
7793,601,185.16557086289987,13191.10467948575,1
7794,601,187.14503826358447,11121.028189507926,1
7795,601,197.1284409477597,26177.609025310903,1
7796,601,199.18155483029923,25890.49089700471,1
7797,601,200.13805745442707,44318.56854052543,1
7798,601,201.12475744883216,20309.616699948907,1
7799,601,203.12396488832624,315504.0091181176,1
7800,601,204.12678084834928,26726.49867052878,1
7801,601,211.14535786786416,14082.37872342425,1
7802,601,214.1181404263365,30156.453766492457,1
7803,601,215.13618931625828,19784.48505092534,1
7804,601,227.1748005549113,25757.44168817335,1
7805,601,228.13413659731543,27943.634121418,1
7806,601,229.11687856645727,11039.186585760828,1
7807,601,231.11574464407028,88630.57192007503,1
7808,601,233.1652002934809,45289.603845472935,1
7809,601,242.14984199438203,31621.834906149445,1
7810,601,257.16219414605035,17839.914713865233,1
7811,601,274.1873182142103,28416.84883179536,1
7812,601,296.34025859469784,25638.25244125275,1
7813,601,327.20353131975446,11802.058882801874,1
7814,601,341.2178755135372,24970.9051142857,1
7815,601,345.1582381823831,109181.62161857824,1
7816,601,355.2340972064293,17674.843168193347,1
7817,601,387.2711470754523,30332.38693092748,1
7818,601,426.3157400083006,39205.570446001046,1
7819,601,498.3050858974457,15299.31439216435,1
7820,601,515.3301532036435,85436.69567344463,1
7821,601,516.3328152880257,23472.02519993723,1
7822,601,628.4141006469727,146647.72597012695,1
7823,601,629.4157008315577,112009.35888304278,1
7824,601,741.4960201948116,86409.03359790948,1
7825,601,838.5140769675926,36504.5531092785,1
7826,601,855.543070838565,223025.0190935419,1
7827,601,856.5448119478076,110657.72217132409,1
7828,601,892.2776260540923,162955.2007943551,1
7829,601,954.6096070797856,43550.31943201305,1
7830,601,955.317791068883,111720.6285081785,1
7831,601,955.6111506144206,25101.78591267268,1
7832,601,999.2158956698717,290406.88226034224,1
7833,601,1000.839645059562,65387.23605757866,1
7834,601,1031.7970111296063,42937.636287419824,1
7835,609,101.07175410126015,387382.4388666301,1
7836,609,102.05510715268692,46064.11608865126,1
7837,609,102.0742180327065,31721.58794800848,1
7838,609,104.0534009431538,16682.862187665207,1
7839,609,110.07082594438032,62616.42082902388,1
7840,609,112.08736283866524,37890.979412138775,1
7841,609,113.07145613253472,26598.501202429125,1
7842,609,115.05055566603136,35015.221269275295,1
7843,609,115.08699914767658,35591.28043849577,1
7844,609,116.07081734793526,39369.80191319057,1
7845,609,120.08151789229044,108298.93127275808,1
7846,609,121.08452933175224,16516.062639637155,1
7847,609,127.08677088071222,11284.875952524682,1
7848,609,129.066038930518,51484.86435888567,1
7849,609,129.1043824878777,79373.46174048776,1
7850,609,130.05010081324085,18655.574373653017,1
7851,609,130.09015172841598,28126.223930603563,1
7852,609,130.10600267015062,10979.507637367593,1
7853,609,133.0610756852508,95721.10586851646,1
7854,609,136.07487361551188,111792.87998369616,1
7855,609,137.07900435349038,19776.46817371763,1
7856,609,139.0501907590836,28112.77546486022,1
7857,609,141.06592835101884,36998.57487401274,1
7858,609,141.10269137952454,18443.54895219295,1
7859,609,143.04520900950712,76786.74815871294,1
7860,609,143.11738322331354,35821.924232143625,1
7861,609,147.07611941667943,30021.17561190736,1
7862,609,147.11232230776832,48429.94592824058,1
7863,609,155.083469798264,16964.719479162715,1
7864,609,155.11717842198627,20107.41925697689,1
7865,609,156.07555767437358,13148.956918450089,1
7866,609,156.11184860061817,46652.77675251646,1
7867,609,157.06129909011554,50592.179233560026,1
7868,609,157.09695563378273,18159.27635681784,1
7869,609,157.1086608531863,23066.75919875988,1
7870,609,157.133501180013,31226.920455101208,1
7871,609,158.091673893715,93125.7000487598,1
7872,609,159.07590539415898,20104.38835930165,1
7873,609,159.0920437083525,17120.30595096264,1
7874,609,167.04578054417445,70523.69930089386,1
7875,609,167.08449550033305,18228.754893936864,1
7876,609,169.09641483851843,13794.39229615323,1
7877,609,169.13352304134727,23070.825445954903,1
7878,609,171.07564470104705,13065.795830920226,1
7879,609,171.1126708984375,26308.134375505902,1
7880,609,171.14910583496095,40879.67276140486,1
7881,609,173.09191736967668,22552.651360418484,1
7882,609,173.12868712052054,42474.40595522342,1
7883,609,175.11655300766674,303591.5914790253,1
7884,609,176.12350235862294,25813.54854440141,1
7885,609,181.06190868816543,20101.368990670264,1
7886,609,181.096260325114,23914.81711357037,1
7887,609,182.12902354661315,62079.6051644573,1
7888,609,183.11255987759293,109152.31974547304,1
7889,609,183.1490946835692,37657.49157028678,1
7890,609,184.0716437798042,207809.1140917824,1
7891,609,185.05541868291348,145156.57940419516,1
7892,609,185.09158040242025,16282.894460189773,1
7893,609,185.12845547324733,23642.62500090348,1
7894,609,185.1651330105094,28117.779554002507,1
7895,609,187.0713705267788,16733.775267419736,1
7896,609,187.1080547332764,16670.890868373215,1
7897,609,187.1445879834764,36690.5729516212,1
7898,609,197.12880069837647,30870.087812026708,1
7899,609,198.08773979254528,13668.015190073877,1
7900,609,199.071325417333,22998.76700187529,1
7901,609,199.10810375213623,13837.737321341036,1
7902,609,199.1448830642269,41955.13012231945,1
7903,609,199.18143600887723,32626.518431398603,1
7904,609,200.13859759074884,106893.31385092386,1
7905,609,201.08706766764325,24300.93161869756,1
7906,609,201.12443277110225,74219.95825153848,1
7907,609,202.0830759767626,238191.78535180405,1
7908,609,209.05558013916016,41984.90235422528,1
7909,609,210.124888841496,48867.97383851784,1
7910,609,211.1083276187672,37262.79585923588,1
7911,609,211.14463998221007,25222.27813406591,1
7912,609,212.0669117772302,103742.39919512992,1
7913,609,212.10331586451312,23690.99983411053,1
7914,609,213.05071250838463,104627.8579616643,1
7915,609,213.0876206948724,13023.411441641794,1
7916,609,214.1179430126089,19812.64582642412,1
7917,609,215.137139578234,43543.84308670519,1
7918,609,216.0971293899248,26785.650483881152,1
7919,609,217.08377617096232,35788.54131447266,1
7920,609,225.12409464518228,23441.19400898616,1
7921,609,226.0830525468036,66152.22105481682,1
7922,609,226.11815478350664,14885.98136474635,1
7923,609,226.15436658946743,11294.350964432462,1
7924,609,227.06658827740213,54032.409907983696,1
7925,609,227.1030056535705,14823.477337482547,1
7926,609,227.174775890838,22735.63671611126,1
7927,609,228.13424922218007,87241.1940844591,1
7928,609,228.171351256194,16379.023043614849,1
7929,609,229.09375939941407,34322.36628570557,1
7930,609,229.11759774991785,32039.17138932483,1
7931,609,230.0767861390725,417040.1063613822,1
7932,609,231.0874416185462,63467.66319779106,1
7933,609,240.13405288812768,7833.474624255231,1
7934,609,242.1501105877993,19997.128409886533,1
7935,609,243.1338568294749,33120.56886033451,1
7936,609,244.0927921557716,238022.22083662395,1
7937,609,244.13122649016205,12844.895058617769,1
7938,609,244.16603934664687,12407.551911971148,1
7939,609,247.10444529633543,202071.6194865562,1
7940,609,253.1662680773231,34907.948530387104,1
7941,609,254.07698529265647,82816.23836318837,1
7942,609,254.14997373808416,12360.855406209965,1
7943,609,258.1456305609809,12832.563159518771,1
7944,609,270.1890841624776,33175.27930822529,1
7945,609,271.1761036637438,104191.30091379875,1
7946,609,272.1730795583417,26193.58958644252,1
7947,609,280.1302490234375,30694.90868365309,1
7948,609,282.07232726247685,78573.15719985962,1
7949,609,282.1824469730772,28161.130478538314,1
7950,609,288.203628744855,1725446.8310011665,1
7951,609,289.20631401909725,244831.8284142346,1
7952,609,298.13813920454544,70365.70785743147,1
7953,609,302.1759671509721,68931.58992767334,1
7954,609,306.07216746336337,68623.48426224776,1
7955,609,308.12454167807977,73275.26430023588,1
7956,609,310.1757238051471,44449.1372795292,1
7957,609,313.1144174848284,37702.14043154036,1
7958,609,316.1505490526741,55400.85404151163,1
7959,609,323.09825391447947,172505.25972207743,1
7960,609,324.0823832596883,175685.70020199765,1
7961,609,325.15076989067927,79816.09319695366,1
7962,609,326.1344886985985,53979.701678662685,1
7963,609,327.20371827291785,31527.48780600521,1
7964,609,340.12510705896324,162130.3708169473,1
7965,609,341.10898754775263,275529.70792876254,1
7966,609,343.1625947187291,73462.96918578327,1
7967,609,353.14556353279715,95397.71778726042,1
7968,609,358.13520236826537,886428.6052790915,1
7969,609,359.1366577148437,189028.4931582015,1
7970,609,377.14560852050784,71164.12610060748,1
7971,609,378.1299611816406,56266.46080474854,1
7972,609,386.2064758990444,56384.51246057931,1
7973,609,394.1725587435295,73395.00094492157,1
7974,609,395.15624708287856,75411.0746492498,1
7975,609,403.2302679368007,161027.47167384773,1
7976,609,406.734955907467,179829.83893730893,1
7977,609,407.2347277918606,110554.93147959608,1
7978,609,412.1838195401859,57718.46969769048,1
7979,609,423.1518048542302,46905.06437726525,1
7980,609,429.2097013346354,71277.28762976329,1
7981,609,440.1763797535616,94486.81899988792,1
7982,609,457.2044361983195,228215.6459510728,1
7983,609,458.20743743086285,67184.28846271482,1
7984,609,486.2687880417397,32462.25684356689,1
7985,609,487.25186323082966,60699.838526528816,1
7986,609,504.2770835161209,596277.9988973141,1
7987,609,505.283400948166,155644.20445770913,1
7988,609,525.2672265934038,74547.05322972582,1
7989,609,571.4561258682435,284497.8818683246,1
7990,609,585.3345842032597,62791.703644693305,1
7991,609,586.3257575600834,62626.18279087746,1
7992,609,603.3463308233963,1338350.882678651,1
7993,609,604.3495698348336,411505.6707894781,1
7994,609,605.3508624215411,56748.73927770109,1
7995,609,613.330675865993,53432.625819194414,1
7996,609,702.4144854545593,937644.7261090652,1
7997,609,703.4160395897239,396229.6488951876,1
7998,609,813.4489693777901,186806.4290003232,1
7999,609,814.4496702306411,91324.16142752592,1
8000,609,830.4731199120273,383209.39028437,1
8001,609,831.4736408102101,218827.67577451508,1
8002,609,955.4851401313234,419677.7560447566,1
8003,609,956.48764232879,233081.20219518783,1
8004,609,995.7228018548794,807042.9323395931,1
8005,610,102.0551789855957,32805.20962860107,1
8006,610,110.07091708636392,27594.10375734908,1
8007,610,120.08294172510256,197573.77055249165,1
8008,610,121.08448059494432,20670.02530304591,1
8009,610,129.10344471423153,30000.818798994656,1
8010,610,130.06546012348034,9682.151162071024,1
8011,610,130.08741230867346,11493.074512181409,1
8012,610,136.07483043884963,53402.933289517176,1
8013,610,137.07891404572257,6934.871145420165,1
8014,610,141.06590026855469,7400.074145629883,1
8015,610,143.11756756122296,16351.573096664137,1
8016,610,147.11260227261462,21672.40526375553,1
8017,610,155.0826282971011,15909.573485350962,1
8018,610,157.13339460068855,9840.023513852686,1
8019,610,158.0923774327214,7453.299521419842,1
8020,610,159.0763352544684,9456.97313609876,1
8021,610,159.09142275585288,18875.14969427166,1
8022,610,169.13328809077197,10626.852490613956,1
8023,610,171.11249642879406,9918.52309775454,1
8024,610,173.12844109990797,11743.90717108842,1
8025,610,175.1177097255901,26248.232594196576,1
8026,610,183.11256414869047,7944.770133331237,1
8027,610,183.1492363227593,14583.394865528568,1
8028,610,185.05518547772184,7170.206141307436,1
8029,610,185.1282811146302,12323.337667902157,1
8030,610,185.16511036991287,19919.037153566584,1
8031,610,187.07133064839377,12311.4121862198,1
8032,610,187.14453818073204,13108.782325985669,1
8033,610,191.11731165910265,19477.68752609549,1
8034,610,197.1284809697625,12868.07258311956,1
8035,610,199.07131013981564,7728.212820409337,1
8036,610,199.1815061232623,29596.724855281325,1
8037,610,201.12397631806093,25115.47573920976,1
8038,610,207.11275383977608,15865.6051845822,1
8039,610,211.1444402010936,10168.05107837803,1
8040,610,215.1375151196776,16380.616963366158,1
8041,610,216.0964640355837,15585.483172348002,1
8042,610,217.0842185184873,9589.550951332882,1
8043,610,219.11261816869808,15991.058458637286,1
8044,610,226.08256886040988,13820.544644244748,1
8045,610,227.1750711358112,17503.948611709086,1
8046,610,228.1339487146448,10514.467304028403,1
8047,610,229.1168964247499,11790.580594330337,1
8048,610,233.16498085849256,19715.77275984431,1
8049,610,235.1088590938333,14512.019193398444,1
8050,610,242.14991997123195,9218.451824263975,1
8051,610,243.1090396212548,19200.26070556567,1
8052,610,243.13291342216627,11467.551255580836,1
8053,610,244.0924547746848,25017.898497073005,1
8054,610,255.14535342730008,30182.487185867933,1
8055,610,258.1456214940943,9127.723471600862,1
8056,610,261.1585655079486,14870.475964326892,1
8057,610,272.1715441894532,34083.61685784234,1
8058,610,288.2037660165685,10635.793543624415,1
8059,610,334.13814968532984,9873.543693330554,1
8060,610,339.1664354407269,7732.118761564338,1
8061,610,347.7576530244007,67208.9376631913,1
8062,610,356.1923723984897,16556.19217973364,1
8063,610,358.1349117265761,12982.301318467702,1
8064,610,375.1632192275104,11074.161650243928,1
8065,610,382.1355096322519,8640.285471028752,1
8066,610,435.2342109387488,19849.2289479346,1
8067,610,449.1665936279297,5185.616746025085,1
8068,610,469.167471671868,12073.485344326791,1
8069,610,469.2757764646145,8364.50962106051,1
8070,610,486.1935722662105,36959.73542191028,1
8071,610,487.1962087391775,11419.960115440996,1
8072,610,518.2717421849569,4526.760750750701,1
8073,610,536.2833785655887,66998.255284509,1
8074,610,537.2876297433036,22205.56932431902,1
8075,610,554.2551458950701,12628.859611365073,1
8076,610,565.2258431401234,12327.178079241445,1
8077,610,571.284392620104,8339.277717659377,1
8078,610,582.2512983096543,21289.73662044156,1
8079,610,583.2537982401424,9057.875973287051,1
8080,610,599.2773159006255,56712.90934787943,1
8081,610,600.2831429535488,16536.825395287207,1
8082,610,633.2948810743248,10982.60025155026,1
8083,610,651.309392349683,44452.587855687954,1
8084,610,652.3126477790602,19962.859651091603,1
8085,610,678.310111295693,15027.016222260536,1
8086,610,695.3347592821308,24594.52552154641,1
8087,610,712.3639307628478,38252.25893618193,1
8088,610,713.3670183333559,16513.35119407152,1
8089,610,748.3268584414467,7271.386266520604,1
8090,610,766.3340839358932,70973.3437889586,1
8091,610,767.3356367470561,35047.13221491938,1
8092,610,825.4476521113147,16438.953992974268,1
8093,610,826.449805421256,9070.152415207824,1
8094,610,837.3724635572738,72537.00714877751,1
8095,610,838.3744594283968,37150.58483920181,1
8096,610,984.4438950860464,59437.61151203356,1
8097,610,985.4459021526834,37489.79572528342,1
8098,610,986.4476894456512,16595.303069061163,1
8099,610,1097.527109342556,27700.60971763522,1
8100,610,1098.529066916818,19558.60448136864,1
8101,611,101.07138187480425,53515.43325636522,1
8102,611,102.05525610997128,16130.590534992709,1
8103,611,110.0712350957534,9724.036207984476,1
8104,611,120.08180907091148,45132.50287282225,1
8105,611,121.08429689933918,4874.107737254511,1
8106,611,129.06604208405486,8728.233179833062,1
8107,611,129.10285900027253,22875.83206506773,1
8108,611,130.06542036980807,13109.6588650658,1
8109,611,130.08688114229486,11027.454576755756,1
8110,611,136.07486099420592,18862.575042658074,1
8111,611,144.39173889589765,47516.23176027823,1
8112,611,147.11244324661288,20661.720201529708,1
8113,611,165.10244022860073,9186.11393278763,1
8114,611,173.12848821500452,7759.458895380904,1
8115,611,175.08673530985195,12749.156916555568,1
8116,611,175.1183201989462,12611.687682644157,1
8117,611,193.0970622200278,8641.568820782562,1
8118,611,197.1285633987256,13671.714729651976,1
8119,611,201.1234893798828,15718.363334751397,1
8120,611,202.08280577367665,21050.739888358603,1
8121,611,213.086996572989,7348.6700427797105,1
8122,611,214.1549720445383,14309.48283302286,1
8123,611,215.13878387606084,7650.236817587451,1
8124,611,217.0951723785741,17616.672426048808,1
8125,611,218.15001917095435,22344.88369584609,1
8126,611,225.12322624257743,10025.904539274688,1
8127,611,226.0824901262919,4876.696092292666,1
8128,611,234.1239430128926,99749.5399302473,1
8129,611,235.127057273916,12437.89575818241,1
8130,611,240.0976930345808,6187.743287495205,1
8131,611,241.08213247571672,13262.920780908496,1
8132,611,242.14978750999057,14806.941194911637,1
8133,611,243.13364477718576,15384.542635759886,1
8134,611,244.0924496925484,9736.260747722044,1
8135,611,245.0928306889728,11694.845945738196,1
8136,611,258.1076295035226,5666.594541674569,1
8137,611,259.0917600069432,14922.375093162404,1
8138,611,262.11827074686687,42575.35165158113,1
8139,611,263.12395254573465,9117.00065941544,1
8140,611,276.13401300236404,19918.536800394668,1
8141,611,279.14529944085456,12701.848377912076,1
8142,611,286.1171856219952,9418.963069387582,1
8143,611,301.15080307469225,27399.100906570235,1
8144,611,304.12935101814816,9824.23727422468,1
8145,611,314.1129561079309,7064.595774214318,1
8146,611,315.1299632045201,6097.307113516671,1
8147,611,329.1825518572772,10921.51080549028,1
8148,611,347.19243616257273,10748.146853020591,1
8149,611,354.1696022754878,9160.346056240707,1
8150,611,355.13127553687906,9054.627109644549,1
8151,611,356.12393407883985,14874.77009961496,1
8152,611,357.9892373538829,85364.58957465962,1
8153,611,370.12479095458986,7725.666110108115,1
8154,611,371.1936984592014,10067.698202124702,1
8155,611,372.1665550264125,15035.076700073758,1
8156,611,373.14984315144267,23406.378878851443,1
8157,611,388.1348284553079,6635.143829029512,1
8158,611,390.1769761353792,100439.75812681305,1
8159,611,391.1773213037376,11897.168378152484,1
8160,611,391.1818076366216,24893.69934727304,1
8161,611,399.2031456496187,10736.483009087113,1
8162,611,444.2093258958366,6888.1251770958825,1
8163,611,461.23523081299385,25008.5666589498,1
8164,611,503.2626748580659,24015.652121472103,1
8165,611,541.3358984925494,63040.72722255665,1
8166,611,572.2690906665944,12346.657179013006,1
8167,611,589.2935468840662,20696.190167697736,1
8168,611,664.8028253969939,39132.63567451809,1
8169,611,665.303821334422,29098.126414398022,1
8170,611,693.7018481576232,82151.80133839455,1
8171,611,718.3350539079214,29069.57910744544,1
8172,611,719.3346101785008,12149.916050385826,1
8173,611,847.3755401611328,33924.73945763111,1
8174,611,848.3852813720703,17280.113233971595,1
8175,611,850.8332112928912,13237.86028678425,1
8176,611,958.4096285502116,17134.310064105193,1
8177,611,976.4157368620934,27496.255257143614,1
8178,611,976.4237617824388,64749.82197785138,1
8179,611,977.4260921406836,28558.672668049843,1
8180,611,989.53253459667,51279.404792345296,1
8181,611,1085.5920421053934,11968.87000575892,1
8182,611,1087.451348681467,23574.06779691757,1
8183,611,1088.448964045598,18382.6980941479,1
8184,611,1105.465518727022,93883.40546856268,1
8185,611,1106.4671663752572,47630.484069929866,1
8186,611,1188.3532241747166,41393.60309295957,1
8187,611,1218.5486548447027,88021.53538738344,1
8188,611,1219.5501286810909,49594.25491346815,1
8189,611,1329.571824017693,14911.016635872336,1
8190,611,1329.5863316711766,37409.20131622613,1
8191,611,1346.608288951756,42782.190263885816,1
8192,611,1409.9930473413997,67191.54596223535,1
8193,620,101.07131807096712,127818.85341466828,1
8194,620,102.05529153256016,60825.34806685412,1
8195,620,129.10361691817496,112884.77292551346,1
8196,620,136.0737742823684,52131.383604255454,1
8197,620,147.11228637695314,36960.59530996409,1
8198,620,155.08345473621765,42176.31325197004,1
8199,620,158.09181945800782,31268.50273186154,1
8200,620,171.11226234973316,13941.852950445364,1
8201,620,173.1286069098685,60116.01578727112,1
8202,620,175.11735496171025,124867.37618864566,1
8203,620,186.08777926148483,45986.6121935644,1
8204,620,201.1243684743469,50217.24902675855,1
8205,620,209.09178566593687,51704.08594491922,1
8206,620,226.11757845929148,63676.49964991054,1
8207,620,242.1498278865108,29560.03037433271,1
8208,620,243.14614397015487,62909.468877651816,1
8209,620,286.15087180667456,75121.14643886354,1
8210,620,303.17720621977975,88713.80864088173,1
8211,620,349.19045387701846,80293.9053596318,1
8212,620,368.1926410500773,39381.93285187852,1
8213,620,402.246129574983,83322.29669146804,1
8214,620,499.2651277256473,51460.89210042631,1
8215,620,503.7017606583724,317381.9144729925,1
8216,620,516.2893344888168,158619.2790671635,1
8217,620,517.2911804199218,61857.07255356129,1
8218,620,560.2684836425781,72531.44723561859,1
8219,620,587.3262049948522,366815.00084558135,1
8220,620,588.328592532755,114801.99954846088,1
8221,620,629.2886078997357,109427.59882838553,1
8222,620,630.2879293809557,52786.68640885973,1
8223,620,647.2967981917135,143077.1354855884,1
8224,620,648.3047005366353,64683.654498979886,1
8225,620,698.3560728214178,169633.72842550738,1
8226,620,715.3850962862056,219895.7951242163,1
8227,620,716.3870057630704,97677.91404571006,1
8228,620,729.6655202925187,358021.11216070934,1
8229,620,760.3854482059395,75081.98235577579,1
8230,629,102.0547863333566,105234.56500431606,1
8231,629,104.05313657677692,73829.0792233011,1
8232,629,110.07163517974143,67336.92731582286,1
8233,629,120.08166593859808,56865.9009277477,1
8234,629,129.10307595896165,77670.53977313374,1
8235,629,130.0870176148646,60550.83112305577,1
8236,629,136.07445732452584,208295.41424090308,1
8237,629,137.07859030829536,25657.568896993,1
8238,629,141.1022904667541,10179.81316626333,1
8239,629,143.11747304854853,12868.578698219791,1
8240,629,147.11203293236116,64939.98640760523,1
8241,629,155.08279310657133,6352.046999826739,1
8242,629,155.11733750563403,22197.877601936536,1
8243,629,157.13348811776942,39922.145378337846,1
8244,629,159.09143336473312,9558.31798339101,1
8245,629,159.1127694323172,15172.205676359288,1
8246,629,169.13344049453735,7788.009134984017,1
8247,629,171.11289552906854,9711.059143882483,1
8248,629,173.12864801439187,63997.4947275388,1
8249,629,175.1182044025375,19821.325742598005,1
8250,629,177.10893343280813,15662.977595323957,1
8251,629,183.1128187633696,27347.242877233595,1
8252,629,183.14932293166763,9473.175459962837,1
8253,629,184.2635688241249,198810.6920612256,1
8254,629,185.12859871946736,37124.3123790011,1
8255,629,185.1650816569396,12081.536446946491,1
8256,629,187.1077644804604,20656.31810783321,1
8257,629,187.14430765333125,11367.155601842444,1
8258,629,195.0762179429364,20230.62524030163,1
8259,629,197.1284858507988,12937.50923944131,1
8260,629,199.07134901419192,13774.25864906988,1
8261,629,199.1810516357422,28779.012453544616,1
8262,629,201.12380935958407,43671.46189282839,1
8263,629,203.12157056924883,33102.822847178286,1
8264,629,207.1122878637069,15862.311695328735,1
8265,629,209.13870827003765,32978.64171080413,1
8266,629,211.1442695168888,7316.514556144266,1
8267,629,212.10364483564328,15733.152900952558,1
8268,629,213.0868944783849,8770.599368718666,1
8269,629,215.13849073137555,40593.87533588954,1
8270,629,217.0827072385757,13619.17985462007,1
8271,629,227.17538187926985,16708.149540261275,1
8272,629,228.13419673753825,7010.007589278014,1
8273,629,228.1716511332905,18514.391020768173,1
8274,629,229.1180377650905,21936.668125487664,1
8275,629,231.1157635304723,29018.38628003608,1
8276,629,233.0949521510721,14362.623820599892,1
8277,629,233.16496588054457,9087.21115562163,1
8278,629,235.11348588022443,21980.11927434609,1
8279,629,237.1344931973176,45418.61044458535,1
8280,629,242.15001510025616,7684.471054275315,1
8281,629,243.1331886310436,63974.31068867193,1
8282,629,244.13573125583025,18372.835996300422,1
8283,629,244.16521102147743,18004.761738723053,1
8284,629,246.18137707204733,67560.85758836631,1
8285,629,260.19677115487053,9315.45794237577,1
8286,629,261.09036091186994,48729.023842413306,1
8287,629,268.1653232720062,13844.954125440758,1
8288,629,290.16146655792886,33763.93064431265,1
8289,629,298.1390869582909,32025.558014800583,1
8290,629,308.1713792640744,37487.619142838106,1
8291,629,314.1713735219595,25162.153309383903,1
8292,629,316.1503148129112,29521.65566331964,1
8293,629,330.11157492483306,42499.26589664285,1
8294,629,331.15089071573425,39703.99161412616,1
8295,629,334.18701988542585,22193.916287516204,1
8296,629,342.14793553845635,25566.39135194976,1
8297,629,342.2035092440519,17978.67672703483,1
8298,629,345.25001366024924,37220.6950735955,1
8299,629,348.122514001855,36798.1096842866,1
8300,629,349.1619693153783,37734.36182716771,1
8301,629,360.1579624610611,29764.315733293945,1
8302,629,384.2136554827009,38136.39015531268,1
8303,629,397.2084099705234,26384.21707361608,1
8304,629,398.2105781934919,48625.70137892158,1
8305,629,405.2242788007183,26456.78258228917,1
8306,629,419.7320395729759,40997.46194582852,1
8307,629,420.234175489128,28428.06092781552,1
8308,629,421.2555928132972,45863.63246995576,1
8309,629,429.18191547635234,72939.80492675153,1
8310,629,432.28249470780537,80128.12328392122,1
8311,629,433.28574038511954,37060.16940379303,1
8312,629,433.7295803854652,80461.05456329237,1
8313,629,434.231544421968,53236.012530081614,1
8314,629,447.19078440111736,39351.70132254667,1
8315,629,448.2311171628117,36995.57831841015,1
8316,629,490.2694665435562,38232.27529204519,1
8317,629,518.3102898230919,27836.21933218149,1
8318,629,519.266712782118,48514.503913104345,1
8319,629,520.2705848045598,25195.151606391457,1
8320,629,528.2480499732313,39440.36868791532,1
8321,629,543.3138308525085,29117.027255132794,1
8322,629,554.79331201539,42501.30040849959,1
8323,629,561.3248072047692,92891.76221962838,1
8324,629,562.3272424259096,41816.188894889725,1
8325,629,584.3166577494736,19156.4046392779,1
8326,629,604.3523618191649,30677.92499352579,1
8327,629,615.3267569108443,29542.488255847584,1
8328,629,632.3515807194497,103404.54730442863,1
8329,629,633.3524745462512,51987.450817934914,1
8330,629,655.3556200806121,69818.78457715895,1
8331,629,656.3555468579273,39819.220245041215,1
8332,629,681.3707065699291,31588.9121331525,1
8333,629,692.3649268322043,196314.07060499536,1
8334,629,693.3682063684566,86426.37095895485,1
8335,629,694.3676778572757,43961.79640151043,1
8336,629,703.3889072302616,30070.149349479965,1
8337,629,752.408406820642,33156.57644349983,1
8338,629,767.4123333080395,39335.54539690791,1
8339,629,768.4318709834929,39963.50859089513,1
8340,629,778.390107716229,35080.34201501616,1
8341,629,789.7955086517366,17455.661777933223,1
8342,629,791.4329051971436,183253.0205859705,1
8343,629,792.4353116301872,103729.34062577838,1
8344,629,793.4338720876275,48138.20984200552,1
8345,629,795.4142041774611,109234.8549032063,1
8346,629,796.4157856980415,72017.650434285,1
8347,629,838.4538607083834,39101.68156620906,1
8348,629,849.4295718544408,36046.125217925335,1
8349,629,866.4517780885858,199652.4460327112,1
8350,629,867.4539617430917,114553.76386141,1
8351,629,868.453919728597,51032.70084076458,1
8352,629,902.4666969036234,52000.17687054338,1
8353,629,920.4748211093367,161073.17973779934,1
8354,629,921.4757607949748,89896.45456489357,1
8355,629,979.53386467667,61709.60482755544,1
8356,629,980.5328979492188,37305.466031691605,1
8357,629,1108.5748909293832,63832.98818677432,1
8358,630,136.07487675181608,25969.4080701683,1
8359,630,141.10216007232663,5933.029396295548,1
8360,630,143.11740833806533,10389.210996914217,1
8361,630,147.11246175581067,13018.539502976011,1
8362,630,155.08580072191026,5024.26577539444,1
8363,630,155.1174975550452,3202.6458160932675,1
8364,630,157.09649678639002,4940.82080752509,1
8365,630,157.13343324766055,7296.877002478519,1
8366,630,158.0924689761771,6356.020538432143,1
8367,630,159.07714686147483,4221.66006141985,1
8368,630,159.0914545280989,13782.979960973871,1
8369,630,159.1119844460789,6115.040927066078,1
8370,630,166.0611927078431,3435.500674190292,1
8371,630,167.08338887396465,6959.49181076356,1
8372,630,169.09704799652098,6694.622295379639,1
8373,630,169.13331888397107,10628.050993287008,1
8374,630,171.0756709575653,4098.452980915706,1
8375,630,171.11271253196142,15179.896609439646,1
8376,630,173.09199779818516,3684.4716948989017,1
8377,630,173.12849910084793,12518.44387298677,1
8378,630,175.11812928906917,21734.047513585512,1
8379,630,181.0969217153696,8090.392375887357,1
8380,630,183.1128447960163,7588.394482921732,1
8381,630,183.1491060410281,11268.393920959768,1
8382,630,184.1079761379368,11823.768730037817,1
8383,630,185.0918988616099,7820.603773275383,1
8384,630,185.12817981196383,10017.61715518727,1
8385,630,185.1647853916416,9124.212294803136,1
8386,630,186.0881953709562,7888.366578670734,1
8387,630,186.1238333758185,5322.822081771551,1
8388,630,187.07129692883225,5997.987055914743,1
8389,630,187.1077465057373,6009.114010925293,1
8390,630,187.14422426187213,15136.77965852584,1
8391,630,195.0755464049592,24930.768172325486,1
8392,630,197.12840417442675,12919.46506451527,1
8393,630,199.07129498106065,3822.022672950861,1
8394,630,199.10772157751995,11089.718384089678,1
8395,630,199.18106200885325,8430.410359698282,1
8396,630,200.13884924025763,8187.832133172807,1
8397,630,201.1235665590065,14391.837189263402,1
8398,630,203.1161099617941,7317.4484980533,1
8399,630,207.11250686645508,9957.117800748349,1
8400,630,211.1444032209633,9095.875381400116,1
8401,630,212.10336168378,27895.554247261945,1
8402,630,213.0873106577511,8968.894380344575,1
8403,630,213.10587664098549,4332.514701753655,1
8404,630,213.1581393877665,9737.86152847608,1
8405,630,214.11810362572763,4568.3940807168,1
8406,630,215.1383100237165,11870.749509904696,1
8407,630,216.0976179151112,5959.713231698633,1
8408,630,217.08533796291903,4579.26374650233,1
8409,630,217.1344433488517,4692.334335201088,1
8410,630,221.1283690809537,16262.197259327551,1
8411,630,223.15505547956988,5119.872580246491,1
8412,630,226.1183778582879,10216.92738600677,1
8413,630,226.15401812784032,4031.065490180371,1
8414,630,227.1028976886593,5675.995862927353,1
8415,630,227.17491295224144,6765.229532786778,1
8416,630,228.1341080813064,8559.650447045815,1
8417,630,229.11766853506705,6075.223030599829,1
8418,630,231.11336088385195,5824.575371832295,1
8419,630,233.1650286222759,5684.382180339412,1
8420,630,234.0874881467957,7409.40102943015,1
8421,630,234.12469554227943,5136.222175912296,1
8422,630,235.0711001065111,6225.7242702029525,1
8423,630,235.10939140319823,6462.524145698548,1
8424,630,240.1339016495464,5551.12516151856,1
8425,630,240.31696501314752,13029.235175990249,1
8426,630,242.14982404041683,9464.813825379671,1
8427,630,243.133471693014,6803.799260907818,1
8428,630,244.09266392299108,11106.250520414624,1
8429,630,244.1655389851537,7775.914614011502,1
8430,630,245.12759180388383,5096.850467992171,1
8431,630,246.12713642060945,11263.62183330215,1
8432,630,249.12352717901072,9699.97697553084,1
8433,630,251.1129278806177,8778.067091044813,1
8434,630,251.15008496270664,9133.3115103459,1
8435,630,254.11330388387043,6453.348710099856,1
8436,630,254.14994612289348,7085.254903463793,1
8437,630,258.1454271373182,9490.061693871376,1
8438,630,260.1964491282078,4499.922753343519,1
8439,630,261.15752509715026,5613.521074383988,1
8440,630,262.1506079178822,6350.031818329533,1
8441,630,272.16951838626136,5205.159212667731,1
8442,630,274.121873749627,9585.724524769515,1
8443,630,277.1277770996094,6920.727105806459,1
8444,630,278.1135637267562,6989.680927623402,1
8445,630,279.0966980840119,28417.15872843568,1
8446,630,292.07783969243366,11750.187713009616,1
8447,630,295.13866450868807,19985.09835527135,1
8448,630,295.14113895024093,11442.522145387167,1
8449,630,296.1235679043488,9594.735354147875,1
8450,630,298.0967141684,7617.195011981122,1
8451,630,299.17179447297127,7861.079914769819,1
8452,630,302.14760445731025,5600.415386494228,1
8453,630,303.1574109405479,12181.850458455438,1
8454,630,313.15076081216915,9673.235520552344,1
8455,630,314.15155556088405,6495.566582884107,1
8456,630,319.17234338236136,16027.251418833148,1
8457,630,322.1868807585343,7244.757353392892,1
8458,630,322.76051430199846,81506.458931251,1
8459,630,328.1651760053031,6616.256895186026,1
8460,630,345.1580504261364,18499.608471749045,1
8461,630,346.17183710235395,5435.278432858536,1
8462,630,356.1584430033934,22957.781697896608,1
8463,630,356.1616928603623,13694.352562988195,1
8464,630,357.1672981621707,12082.538301907283,1
8465,630,384.1540307960357,9256.913907307697,1
8466,630,405.16414891293175,9223.02478131746,1
8467,630,418.2424526389586,10616.229717849592,1
8468,630,439.1467002827853,9407.496280772164,1
8469,630,507.2512374065332,34480.723933564135,1
8470,630,507.7520420061619,18636.864481967707,1
8471,630,508.251954820421,8499.391939459907,1
8472,630,528.5212151523195,82946.88167044504,1
8473,630,532.2848492077002,18294.17598465386,1
8474,630,533.2876122597536,7147.474856838859,1
8475,630,548.9801065591587,44712.74034482137,1
8476,630,563.7925472448368,12647.734252627532,1
8477,630,577.753527739015,50472.878557658325,1
8478,630,599.3117937360491,22838.43339052305,1
8479,630,599.8125326467115,15212.58831599036,1
8480,630,603.3225748428446,36716.35449976637,1
8481,630,604.3246018202989,15206.705513640718,1
8482,630,655.8533151518038,21927.10766334844,1
8483,630,656.3547194260817,16527.791670540053,1
8484,630,676.649320602417,25985.711073303224,1
8485,630,688.9775859039285,21513.47872164725,1
8486,630,695.1041884502895,67964.88804549002,1
8487,630,716.4057456054687,35049.3557796224,1
8488,630,717.4075507269965,15034.505312884296,1
8489,630,720.5320638225203,64761.41843167535,1
8490,630,735.8682132076907,40778.576665060864,1
8491,630,736.3692862344683,33596.31504540557,1
8492,630,736.869691437366,19732.98513176862,1
8493,630,801.388237387447,50574.06569626372,1
8494,630,801.8894469448712,40946.72857461714,1
8495,630,802.3891721115899,26205.761837988783,1
8496,630,863.1841398418346,67157.8802873748,1
8497,630,874.9243741011738,55004.50317215801,1
8498,630,875.4255459097928,49246.24859257188,1
8499,630,875.9262749565972,32567.884339565702,1
8500,630,876.4340687310518,89108.00434701265,1
8501,630,877.4354372377749,37846.24531696284,1
8502,630,878.434445431358,13875.66445009332,1
8503,630,880.9560515104062,62547.20371832255,1
8504,630,925.4475992609946,32558.24420823944,1
8505,630,925.9489923709284,29740.73593099281,1
8506,630,926.448245317508,20230.421005395743,1
8507,630,935.4308930478234,86036.72762620694,1
8508,630,951.2387004449962,6736.655434708053,1
8509,630,955.7028748190844,84991.05212389957,1
8510,630,980.6331046525436,19756.239071535056,1
8511,630,1013.4932590250196,58993.10952251584,1
8512,630,1014.4940628649076,33397.60644276032,1
8513,630,1015.4916708809988,14584.108488559725,1
8514,630,1086.290716828128,14875.16599769434,1
8515,630,1098.4870069267197,53733.85378994434,1
8516,630,1126.5749993575246,29724.722690883435,1
8517,630,1157.1046062373048,87305.28350371015,1
8518,630,1179.9199129429082,13894.76216602784,1
8519,630,1197.6132528851142,24714.0983067746,1
8520,630,1198.613291536824,16088.615065692517,1
8521,630,1265.6329184277215,30282.705657585742,1
8522,630,1270.1174753775606,9309.61219993706,1
8523,630,1283.3249439721496,34173.3734858634,1
8524,645,101.0711145537892,40157.82382589094,1
8525,645,102.05521839315242,22612.49945137717,1
8526,645,110.07079526769972,56325.96788678189,1
8527,645,112.08739233759704,24157.79712192144,1
8528,645,113.071514712671,8701.497217436545,1
8529,645,115.0869814467156,38758.26119753081,1
8530,645,116.07072349617488,23965.14231704297,1
8531,645,120.08280341213488,82247.37677942605,1
8532,645,121.08444774627684,11981.015555038452,1
8533,645,126.054938441488,14938.827936923342,1
8534,645,127.05072325247303,11942.59455979312,1
8535,645,127.086831515893,605160.9930174787,1
8536,645,129.06599066541602,37764.670440001806,1
8537,645,129.1035423845749,52324.67348358737,1
8538,645,130.0500419084416,8508.095540911652,1
8539,645,130.06544371147376,13359.720154514203,1
8540,645,130.08856616594406,16351.668770275815,1
8541,645,131.08245310157236,13671.92012378423,1
8542,645,133.04385771841373,25671.414471968164,1
8543,645,136.07461306923315,66169.36372350206,1
8544,645,139.0866782678425,7972.942700970897,1
8545,645,141.0659452237581,14959.400171681456,1
8546,645,141.1024358014981,19695.42783970714,1
8547,645,143.08262889603694,50710.70881476536,1
8548,645,143.11661899760963,26898.31024268102,1
8549,645,145.0611431047028,81784.77194884057,1
8550,645,147.11177773171283,30591.204180636305,1
8551,645,153.06606731008975,134168.67643208604,1
8552,645,155.08259480470306,380816.4858077712,1
8553,645,157.06142152728455,14109.098384256074,1
8554,645,157.09650530133928,14779.29742857918,1
8555,645,157.1330516667656,15871.079661163836,1
8556,645,158.09151734339508,30220.791307810643,1
8557,645,159.0762438210108,28847.832461572463,1
8558,645,159.0913295059753,22054.66383921671,1
8559,645,159.1116181344697,12154.282041792436,1
8560,645,167.08411322699652,15082.108650414735,1
8561,645,169.09666095480796,22049.171391313976,1
8562,645,169.13326822916667,25066.36078530771,1
8563,645,171.07554245937018,129450.51382376588,1
8564,645,171.11263496324372,25813.27310339713,1
8565,645,172.1083349454201,85177.83357743085,1
8566,645,173.09190460689484,92817.83116709391,1
8567,645,173.1284874138659,32816.73294455148,1
8568,645,175.11763561403268,135747.42791134844,1
8569,645,181.0612686820652,32260.66497610341,1
8570,645,181.0965676378848,27709.40766986448,1
8571,645,183.11268923786537,21540.572193855744,1
8572,645,183.14916244325903,26362.265909639744,1
8573,645,184.0718343035775,44504.57415989467,1
8574,645,185.09186411968827,18169.1664314554,1
8575,645,185.1278484394024,42674.9780257254,1
8576,645,185.16487802041544,26460.71918212616,1
8577,645,186.0876175994245,25368.709049114965,1
8578,645,186.1238545956819,14289.72334231501,1
8579,645,187.071325270856,19072.755852839982,1
8580,645,187.10758081463536,14438.38133922376,1
8581,645,187.14399939389963,25122.872662824186,1
8582,645,189.08710812059647,12027.090537603648,1
8583,645,195.0758783731116,12713.431714988616,1
8584,645,195.11275470440205,12677.039125217536,1
8585,645,197.12844789756457,24971.64654079817,1
8586,645,198.08726727520977,386102.85251702205,1
8587,645,198.1243182726143,17631.179880063395,1
8588,645,199.07134324458607,13364.832266824287,1
8589,645,199.10763373741736,16839.498897904617,1
8590,645,199.1807967580426,24807.03244298166,1
8591,645,200.10338376436616,18514.94294959272,1
8592,645,200.13868502662297,22446.62982805797,1
8593,645,201.087471482444,16790.019877115887,1
8594,645,201.12368661941417,35616.15790061107,1
8595,645,202.0825624271315,74960.79142231843,1
8596,645,204.1338543775605,23136.786489068007,1
8597,645,210.0876277741932,262603.31788707915,1
8598,645,211.10773233266977,96709.91569717112,1
8599,645,211.14412178183505,27751.99701230031,1
8600,645,212.10317150909125,94603.56788164435,1
8601,645,213.08699129384533,17793.00335537126,1
8602,645,214.11777307746115,67092.66351382653,1
8603,645,215.1113877792704,29074.1756288002,1
8604,645,215.1380909807372,23902.69794475636,1
8605,645,216.0975674885076,130751.31323394545,1
8606,645,217.08431536909464,11323.490807519443,1
8607,645,224.10340839786755,211511.1889909195,1
8608,645,225.1233353791413,9819.723967469768,1
8609,645,226.0826791127523,15137.56437473297,1
8610,645,226.1182289860999,109483.2994367737,1
8611,645,227.106394215634,105417.8085000264,1
8612,645,227.1750464005904,18640.570720407097,1
8613,645,228.0975646129629,248837.84610179247,1
8614,645,228.13394904998407,40233.50004347836,1
8615,645,229.1173531335729,14036.390116276632,1
8616,645,230.1135445404053,24690.220405788423,1
8617,645,232.1407963478402,128488.46806894588,1
8618,645,235.11139200968915,10779.54107744148,1
8619,645,238.1182213258208,31355.84342296472,1
8620,645,240.097292973445,13335.524597471596,1
8621,645,240.13419021385303,18558.49237889829,1
8622,645,242.11315547886176,309979.1185162388,1
8623,645,242.1499485953044,20765.83082971276,1
8624,645,243.11012427012125,31604.515505850315,1
8625,645,243.13329286664447,14504.819980478733,1
8626,645,244.0925290034368,14983.376839916522,1
8627,645,244.16583143557355,20662.311712541214,1
8628,645,245.1262527820676,285645.9196853993,1
8629,645,254.1499851270653,22886.00979509025,1
8630,645,255.10899855773573,486289.5220614527,1
8631,645,258.10829721252776,16575.96411610692,1
8632,645,258.145396477014,30063.79685269648,1
8633,645,268.1293138122559,373800.5699364424,1
8634,645,268.16578147194605,16689.57796534336,1
8635,645,278.1137144078759,376967.5247372932,1
8636,645,283.1420831623868,21238.60695377328,1
8637,645,285.15563546582524,248735.17757942472,1
8638,645,297.1552094440071,36440.4780262733,1
8639,645,299.13556367607526,146360.10824777748,1
8640,645,303.1764214094295,715601.3053696211,1
8641,645,305.98053914836,17193.425534554623,1
8642,645,311.17103068033856,66751.0828673899,1
8643,645,313.150820474489,78519.78978107325,1
8644,645,323.1713552559372,13492.773248199868,1
8645,645,325.1501795576124,376326.38239993487,1
8646,645,339.1661436402953,365259.75070913736,1
8647,645,394.20845254262287,15952.069314718246,1
8648,645,396.1875147849136,777430.1384606214,1
8649,645,564.2150041446263,234505.32701367035,1
8650,645,691.3520980570357,790498.6962759632,1
8651,651,101.07156681029264,31565.997343709645,1
8652,651,101.10792887263985,25885.459458417736,1
8653,651,102.05543429529462,288166.43045362126,1
8654,651,103.05652317856295,11271.945239905155,1
8655,651,110.07138525218087,15032.93256027707,1
8656,651,115.05068402124154,34597.25577559484,1
8657,651,120.0820277194099,571492.2613791366,1
8658,651,121.08454539513713,35153.6613128023,1
8659,651,127.58884145781128,809578.2786950137,1
8660,651,129.06626278371246,81706.78715077422,1
8661,651,129.10335204615347,492416.8240117344,1
8662,651,130.03242718946797,22762.173341236183,1
8663,651,130.05019172954886,23300.6806678121,1
8664,651,130.08664408474104,168190.09836892202,1
8665,651,130.10574595133463,21447.85738873564,1
8666,651,133.06218057437815,708160.2132357601,1
8667,651,134.06440892411007,23377.460687174167,1
8668,651,147.1126502465675,357141.08605677006,1
8669,651,148.11606381390547,16020.067552240043,1
8670,651,164.43466500594218,920753.1635360834,1
8671,651,169.06102023570995,18033.781395371912,1
8672,651,171.0765578766285,17651.933379378566,1
8673,651,175.05384826660156,16583.519471846754,1
8674,651,175.11881348376428,22230.66891206612,1
8675,651,177.10266008100783,179099.69458279718,1
8676,651,181.0610507433928,36475.68136570363,1
8677,651,184.07202022612407,40052.05134111175,1
8678,651,186.1240644777669,50325.95923649221,1
8679,651,187.07167848749967,38213.34148307302,1
8680,651,198.08766969622988,14104.66918963808,1
8681,651,198.1116379076788,74294.28233550694,1
8682,651,199.0354057618392,1035373.1342687382,1
8683,651,199.07169318865456,40265.81948353801,1
8684,651,202.0826471082626,20750.204871516074,1
8685,651,203.1031780544936,46282.48503783734,1
8686,651,204.134652063306,9258.95130974298,1
8687,651,205.0974550955636,57252.32945603725,1
8688,651,209.0553570879184,79853.9737015701,1
8689,651,209.0924098706848,13100.444337259562,1
8690,651,210.0396258582367,30861.68873867667,1
8691,651,210.043673471971,24493.745818051422,1
8692,651,213.087462425232,24817.81552087107,1
8693,651,214.11865913754417,68953.75167098272,1
8694,651,216.09813280590845,92000.22483193464,1
8695,651,216.13457711784108,20001.154699951487,1
8696,651,217.0876954932419,12077.546617564416,1
8697,651,226.08272823691368,136623.61291240156,1
8698,651,226.11861500420787,96777.19096358032,1
8699,651,227.06675124971,303139.2059835604,1
8700,651,228.0700533206646,18959.3485640104,1
8701,651,231.0979002508193,42803.73585893721,1
8702,651,241.08236632236213,32585.097632763,1
8703,651,242.08161494841875,448178.1474470556,1
8704,651,244.09280084627807,747269.272447529,1
8705,651,244.12949565722263,159562.99699256645,1
8706,651,245.09630472914407,49801.9187879663,1
8707,651,257.1974906840395,95966.86524331644,1
8708,651,258.1089218719096,15402.537347310708,1
8709,651,258.1832463253127,32115.99270689031,1
8710,651,262.1186805667734,66491.98063923542,1
8711,651,272.0881062069455,15407.915739935796,1
8712,651,275.20819496842745,852169.4013655458,1
8713,651,276.21156037592255,76207.34446101062,1
8714,651,293.6637628238529,17633.436338606654,1
8715,651,296.0881383739158,21882.28610590321,1
8716,651,302.17699983384875,71185.72269114741,1
8717,651,302.678280605359,18398.245592210176,1
8718,651,302.8725443619948,32537.317693710327,1
8719,651,303.1666343952048,17645.991654494712,1
8720,651,310.1037898487892,15314.90150880644,1
8721,651,319.1409947116044,83146.7601245875,1
8722,651,328.11436447659554,19731.380011517067,1
8723,651,329.1460612888443,73073.86443897439,1
8724,651,337.1544173653834,18005.848015143372,1
8725,651,337.6265066474147,18309.09034864437,1
8726,651,338.09840776997225,20235.81070143177,1
8727,651,343.19790544782364,28025.30955124628,1
8728,651,346.6319446680736,34848.89885042343,1
8729,651,353.60312979184766,43891.795122675816,1
8730,651,355.1237358245415,19579.304210869337,1
8731,651,355.1451613482307,281107.65025988844,1
8732,651,355.64658173212786,70407.9062518517,1
8733,651,356.1093223953247,51516.3120786047,1
8734,651,367.1978047454412,24820.92961268271,1
8735,651,369.1265750461155,17772.796328717504,1
8736,651,372.2247709775682,38610.40497276648,1
8737,651,373.13593612578046,126841.1820801586,1
8738,651,375.7113011920263,128254.68292023188,1
8739,651,375.8728064498664,670434.5196668151,1
8740,651,376.1418930332592,20322.95023515268,1
8741,651,376.2128025535301,37943.16576605903,1
8742,651,383.13141733719567,33316.76293646827,1
8743,651,390.211924626277,21812.905389885804,1
8744,651,390.23566590904585,278406.7230817185,1
8745,651,391.2381275758905,35000.17430264748,1
8746,651,391.6444704328264,17491.625640433176,1
8747,651,395.1313263267599,18945.42852061282,1
8748,651,404.2220958619544,328054.83470023645,1
8749,651,404.7236095926036,111210.68942698603,1
8750,651,405.2246428041492,18433.38204621764,1
8751,651,408.0530869307863,462313.133957908,1
8752,651,415.64454004886375,17522.345153808594,1
8753,651,418.2091036750492,35242.35055948595,1
8754,651,424.6498582537736,48864.10155144703,1
8755,651,425.1502162876414,17589.439739511974,1
8756,651,429.6422863074469,17994.585167718527,1
8757,651,430.1728688043808,23007.328237265025,1
8758,651,432.2093997844606,17651.330421628925,1
8759,651,433.1633105309181,17673.9431861678,1
8760,651,433.6564429366349,19097.572149699165,1
8761,651,434.155014899878,16680.938722122548,1
8762,651,438.6474992327762,23086.20673319279,1
8763,651,442.1677845072302,58267.60306313082,1
8764,651,442.6695486638964,20571.212149079314,1
8765,651,445.65542264665874,16686.56368408203,1
8766,651,447.16153633549527,22586.63573021079,1
8767,651,447.6554251219097,18116.84705854717,1
8768,651,448.184876289753,22228.465126237967,1
8769,651,452.1638908599342,39532.15762559262,1
8770,651,456.1657451911872,23425.32794072918,1
8771,651,457.2420503873352,17266.846235126468,1
8772,651,459.737752047452,194324.13277584425,1
8773,651,460.1677641495414,22472.471995876145,1
8774,651,460.23841587778486,73650.0632668454,1
8775,651,466.1970038948137,26041.84497491988,1
8776,651,468.7435629613029,119978.767995922,1
8777,651,469.2450094835224,42891.449004800445,1
8778,651,471.2933959297512,21887.075329241547,1
8779,651,476.2146525878906,25367.22784960937,1
8780,651,489.3039916311268,226726.1349609551,1
8781,651,490.30692912404646,38511.42321445906,1
8782,651,494.1639621619023,18877.552048654263,1
8783,651,498.1705871928822,25179.96048644095,1
8784,651,498.6747676549333,16780.426387486834,1
8785,651,503.17037070046905,25390.05424531434,1
8786,651,511.68241614977137,93848.68226872696,1
8787,651,512.1830460856731,43594.24692144179,1
8788,651,516.2099735980432,17726.16421121414,1
8789,651,519.2671366420684,76268.59784161081,1
8790,651,519.7691257709243,32618.97154361629,1
8791,651,520.6874557972507,78232.18580169501,1
8792,651,521.18751956255,51410.65059454502,1
8793,651,529.2385197230748,40601.9746534075,1
8794,651,529.2419398410577,36308.437503011606,1
8795,651,533.2362217445158,43776.90378488659,1
8796,651,536.2584337269176,30316.793225763493,1
8797,651,539.1961164892647,44137.97373010616,1
8798,651,540.1945171767859,29829.89128343321,1
8799,651,540.6905355880509,17239.952467277868,1
8800,651,549.1975132269761,39290.10243499121,1
8801,651,566.2511714390346,46459.30531616211,1
8802,651,566.5839803433199,35445.92089933343,1
8803,651,569.7644256786176,19810.939861321905,1
8804,651,571.9248312213464,76922.01516442213,1
8805,651,572.2545311428537,180460.56643428025,1
8806,651,572.5879635501218,124120.16278773056,1
8807,651,572.922180642887,48502.47262697804,1
8808,651,577.2295966915968,31608.937483624715,1
8809,651,577.9279756178134,49418.13988642028,1
8810,651,578.2634371833323,39028.57480688374,1
8811,651,581.2064404147706,27419.11407507996,1
8812,651,584.9128991468897,35948.77092878234,1
8813,651,585.2473360571531,23959.815012110343,1
8814,651,585.3359705015671,29206.369887004526,1
8815,651,586.3188711057242,122234.18248813224,1
8816,651,586.3219339798908,100764.40273602805,1
8817,651,586.757465641673,35215.40319688886,1
8818,651,587.3236102081052,22829.57891845703,1
8819,651,588.6223075168227,899683.775895267,1
8820,651,589.9275349820598,52835.83763251144,1
8821,651,590.2626523707695,43197.18753582498,1
8822,651,590.5933855284063,26647.492486983385,1
8823,651,598.588362037884,30869.213373755603,1
8824,651,598.9180629514299,34694.16564665021,1
8825,651,598.9222029565086,34151.71833049076,1
8826,651,599.2530086923977,26054.59075246124,1
8827,651,600.2262330391038,18364.596041961457,1
8828,651,603.347097453006,592332.0617720396,1
8829,651,604.3504637406897,132182.62590249808,1
8830,651,604.5925645037395,83027.88277275271,1
8831,651,604.926014569341,65093.51813654997,1
8832,651,608.7348894110019,40457.34494997188,1
8833,651,610.267329757762,99861.0535896552,1
8834,651,610.5978760437264,142170.9680897793,1
8835,651,610.931859625123,87209.53991606634,1
8836,651,611.2645046092846,34294.5326423645,1
8837,651,614.314776497598,18781.28360478182,1
8838,651,615.8255245075071,54614.02226944175,1
8839,651,616.2692636181808,568265.7748280948,1
8840,651,616.3254698938326,149526.7101989285,1
8841,651,616.37372605657,1055709.062264978,1
8842,651,616.6047436298768,427945.9067285456,1
8843,651,616.7970516807154,181916.7044705575,1
8844,651,616.8076820506451,80950.38425735314,1
8845,651,616.9375395639943,197304.4255956671,1
8846,651,622.2344080105634,20505.46568698077,1
8847,651,622.7331267473406,24484.14313459516,1
8848,651,628.38131430737,1039911.7920004393,1
8849,651,638.2282830685986,25861.012468984176,1
8850,651,640.2440582542087,60579.69182686681,1
8851,651,647.4910298890436,215171.0143231962,1
8852,651,650.2282011673747,67157.77358179049,1
8853,651,663.8184240689839,599054.5671308304,1
8854,651,668.2377945231258,71701.51646330077,1
8855,651,675.2956573821687,27113.876718642685,1
8856,651,679.34314874308,18605.759485712115,1
8857,651,679.7535675048828,28257.92335205078,1
8858,651,680.2539636138687,18772.543569923346,1
8859,651,685.31592188126,23492.942025991582,1
8860,651,685.8141017659506,18688.786850585937,1
8861,651,691.2724387302006,22211.444587620223,1
8862,651,692.2568758138021,35578.06362209744,1
8863,651,694.3225692838256,86466.16908737093,1
8864,651,694.8235620258514,49385.54411142021,1
8865,651,709.2835294917815,340721.31985188124,1
8866,651,710.2860152280675,79870.79067840237,1
8867,651,711.2861975526657,21258.16770861933,1
8868,651,725.257635339514,36479.29016113281,1
8869,651,725.2624407512386,34089.607365305834,1
8870,651,728.83234086607,66014.16879885823,1
8871,651,729.3284002413416,58393.41851136032,1
8872,651,729.8270129745813,27447.83897652386,1
8873,651,733.3902144980642,20189.444744458942,1
8874,651,737.8371892951517,353598.1096711282,1
8875,651,738.3379887620064,224529.7732989168,1
8876,651,738.3420195094409,212576.2917407772,1
8877,651,738.8364520005777,80506.93905236687,1
8878,651,738.8423205822497,73466.03574440697,1
8879,651,740.2475738814932,27918.04588430792,1
8880,651,741.2546404137458,106325.92719976,1
8881,651,742.2561834681104,25118.425201951413,1
8882,651,750.4151461544552,213933.3066443861,1
8883,651,751.4173207487704,67366.57732411977,1
8884,651,761.2628013974145,33857.340759277344,1
8885,651,765.255116842551,88637.23349233202,1
8886,651,766.2560695848966,24089.101929514032,1
8887,651,769.2861618465847,17814.691138797338,1
8888,651,771.6921698989704,658612.6910580498,1
8889,651,778.2896754616186,18945.424157795154,1
8890,651,779.2716960403154,56240.066760868096,1
8891,651,782.2828607476754,95223.7408201454,1
8892,651,783.2845458984375,25372.655201545127,1
8893,651,784.3489321152273,72593.53588856965,1
8894,651,784.8459521514442,82542.68328677022,1
8895,651,785.3479438130955,35468.49303933367,1
8896,651,789.426856515067,28604.015669157845,1
8897,651,790.4127049210048,69835.18943877268,1
8898,651,791.4140165502375,22947.041071458298,1
8899,651,793.3539655789319,369466.7041764019,1
8900,651,793.8538515067395,298596.5589235408,1
8901,651,794.3530659837503,132046.1735474836,1
8902,651,794.8505992060122,35246.42961308853,1
8903,651,797.2835671877021,32556.46909055848,1
8904,651,802.3583802385505,652779.3150427022,1
8905,651,802.3621646140119,587971.9752803226,1
8906,651,802.8588969655281,444473.2290276669,1
8907,651,802.8619827694363,453964.2733150058,1
8908,651,803.3583401682874,174819.51993028348,1
8909,651,803.3624613348494,175920.8377990245,1
8910,651,807.4368049156585,860055.595387616,1
8911,651,808.4380962911076,291470.16941889416,1
8912,651,808.4420979479188,271874.8916691988,1
8913,651,809.4435148841252,40220.50812985795,1
8914,651,849.3690461189516,18570.32624034813,1
8915,651,854.3051897221014,32136.43056237629,1
8916,651,857.8750119070121,50913.462044945874,1
8917,651,858.3753190164672,37804.68167692844,1
8918,651,859.8541929796007,56675.231970214845,1
8919,651,860.3554249931784,42721.22577723335,1
8920,651,875.023188945612,462840.40177123534,1
8921,651,876.2887756746579,27540.41608530348,1
8922,651,883.3295694986979,20526.447100239417,1
8923,651,886.863577889132,769530.2448572991,1
8924,651,893.3137558165248,160751.94637337435,1
8925,651,894.3119620318389,66149.11085119199,1
8926,651,895.3107983744736,19466.0446985123,1
8927,651,911.325246817033,204790.73235385507,1
8928,651,912.3278021067564,66188.53148332996,1
8929,651,913.3262370403548,21828.66248614089,1
8930,651,918.4691693142122,105777.25567317744,1
8931,651,919.466243523921,54944.80987462984,1
8932,651,936.4780016787904,267286.9567974616,1
8933,651,936.4824604235196,272556.9778657758,1
8934,651,937.4837250362168,109493.625158651,1
8935,651,981.0775259967276,48825.33200180605,1
8936,651,985.1901270054468,286420.0180490542,1
8937,651,989.7040369537882,162930.01441364235,1
8938,651,1001.3707508469862,19112.778421445186,1
8939,651,1022.3546862792969,34237.96787516276,1
8940,651,1023.3517347502228,17867.33800921344,1
8941,651,1025.9654163554806,905487.987089796,1
8942,651,1040.3673028796577,108466.69788580772,1
8943,651,1041.369676171875,38707.185765415954,1
8944,651,1048.6104844983488,900332.2650791102,0
8945,651,1060.6166945129494,304426.7334353617,1
8946,651,1079.375982052435,34902.25788806734,1
8947,651,1080.371765861602,26656.92420361444,1
8948,651,1097.3896916118422,179409.5790831877,1
8949,651,1098.3915361622196,75653.67919998456,1
8950,651,1099.3907347950856,24671.53600153577,1
8951,651,1115.4131802483828,26166.18321330346,1
8952,651,1125.2077297628105,800989.1880724594,0
8953,651,1160.225669696792,921889.9456420236,0
8954,651,1172.5085519939587,67820.1991085946,1
8955,651,1173.5105977376302,31351.6893717448,1
8956,651,1200.4672607421876,43306.89717757428,1
8957,651,1200.984142674862,357690.90136977244,1
8958,651,1201.4687957279266,17800.42820812407,1
8959,651,1244.4543519453568,45739.562455032814,1
8960,651,1256.593263038643,535677.0235413619,1
8961,651,1272.8268985582945,888879.5100930779,0
8962,651,1311.505683382029,36101.414881098885,1
8963,651,1317.8081344650575,683895.282778575,0
8964,651,1318.6906117614608,819695.4973309018,0
8965,651,1329.5112849308894,72194.64535987694,1
8966,651,1330.512024641037,36878.04600811005,1
8967,651,1378.6495815740764,303121.75061509776,1
8968,655,120.08278068007937,55710.57784633272,1
8969,655,129.06606676687602,9739.637631459953,1
8970,655,129.10316343355905,38306.53147233682,1
8971,655,130.08749876631066,18035.04851219502,1
8972,655,136.0747492980957,41788.631962356565,1
8973,655,141.10227060953775,10943.949776306152,1
8974,655,143.1167793048204,17026.971209509134,1
8975,655,146.67166137764391,41000.17198460575,1
8976,655,147.1120441805932,32101.22485769949,1
8977,655,150.24979523961014,20047.57601191976,1
8978,655,155.08282644441812,25313.992354666832,1
8979,655,158.09163191824248,14129.27766421347,1
8980,655,159.0765384250217,12048.110369392678,1
8981,655,159.09148661295572,22580.421441994466,1
8982,655,167.08419254187382,12680.101652665571,1
8983,655,169.09684947620738,14797.204185347124,1
8984,655,169.13340567279334,11917.332405526116,1
8985,655,171.1127724202474,12512.505655059816,1
8986,655,173.12871065075765,21737.89110708557,1
8987,655,175.11771392822266,31119.74892721444,1
8988,655,178.06282830315422,52552.995761068014,1
8989,655,183.11281829833985,14803.664016799929,1
8990,655,183.1491452730619,13938.546149921583,1
8991,655,185.0920545137845,12361.69731616974,1
8992,655,185.1281517253203,23042.555730988,1
8993,655,186.08771823790016,27286.74256050296,1
8994,655,186.1240363953605,9180.94225247701,1
8995,655,197.1284446277837,14995.060385561535,1
8996,655,201.12425878615608,25891.49288744245,1
8997,655,204.13423574787296,17066.877858828193,1
8998,655,211.14401343209403,11703.131157595772,1
8999,655,212.1033849379596,24024.874203356576,1
9000,655,213.0870789004044,11267.899066925049,1
9001,655,215.13791982014973,30122.551901804607,1
9002,655,216.09750440385608,13176.495758665931,1
9003,655,226.11794069588905,25511.08335511081,1
9004,655,227.10280427478608,13061.218527203517,1
9005,655,228.13422051161348,28161.40192865612,1
9006,655,229.1169091094312,14550.872562271228,1
9007,655,239.71179388471825,47859.47721475447,1
9008,655,240.13436722755432,10942.021126627922,1
9009,655,242.1498903401693,12284.187880325317,1
9010,655,244.09282910823825,10926.16038003564,1
9011,655,254.1497470140457,17138.07792365551,1
9012,655,299.17150001754305,15983.458268445407,1
9013,655,300.3607568353465,37586.04218275036,1
9014,669,101.07128111521403,23401.05543130239,1
9015,669,102.05537368904832,26661.094659267328,1
9016,669,110.07173457714396,22771.81700540245,1
9017,669,129.10303551169002,44477.62380730124,1
9018,669,130.08666325247052,22532.42361662404,1
9019,669,136.07449574788413,45956.86402615865,1
9020,669,147.11232693634886,38334.40373195882,1
9021,669,167.08296589570887,37805.434869115496,1
9022,669,172.07189534505207,18504.657015700566,1
9023,669,184.10883950496063,27825.560177516247,1
9024,669,201.1246243493032,20975.98247282384,1
9025,669,230.14974313921635,9392.810170165205,1
9026,669,232.1109880541192,18134.68863177886,1
9027,669,240.13384622240824,13434.323589903968,1
9028,669,248.16162464716663,34045.904737936304,1
9029,669,258.14525140780154,10152.508494403875,1
9030,669,267.6770868915394,17704.925791283098,1
9031,669,369.1233937965249,24136.74733381452,1
9032,669,414.1450189554466,17760.145897100556,1
9033,669,527.2290558396725,18665.611365165627,1
9034,669,563.2675518613873,31618.705844717315,1
9035,669,642.665884762643,35226.154368628966,1
9036,669,692.3091787594801,47144.11903930129,1
9037,669,693.3113843477689,19210.6222611574,1
9038,669,805.3916115430916,22471.44026655521,1
9039,669,976.4538378234304,33995.31033314259,1
9040,723,101.0711623961667,48552.83560842491,1
9041,723,102.05538825988768,9888.029671621323,1
9042,723,106.0178192478067,102437.49773195737,1
9043,723,110.07135347098358,18769.40976292633,1
9044,723,112.08720209978628,5918.278084174446,1
9045,723,115.08685805157916,7852.245921739718,1
9046,723,115.94475485077986,5184.491625008008,1
9047,723,116.07085076356546,6046.428162978245,1
9048,723,120.08187721098534,37155.0688522075,1
9049,723,121.08435626621664,4674.392892016112,1
9050,723,123.83505645511656,5813.709433938575,1
9051,723,126.05507717710552,4405.940478411588,1
9052,723,127.08693287290376,9980.195840462871,1
9053,723,129.06600803109103,8190.049426571159,1
9054,723,129.10366362668157,23495.97570061416,1
9055,723,130.06528379858997,3937.847870245213,1
9056,723,130.08885891235735,6423.382232103975,1
9057,723,133.04304790496826,9094.383132569492,1
9058,723,136.07526185642035,22010.935740830417,1
9059,723,141.10258135114398,9804.793541172572,1
9060,723,143.11748219427662,10438.856483619904,1
9061,723,147.11258594409838,11762.152911572844,1
9062,723,155.0823828379313,11560.58182589213,1
9063,723,155.11765598265592,4475.098542836086,1
9064,723,157.09397179442024,5048.009904976099,1
9065,723,157.1336057662964,5192.201846826077,1
9066,723,158.0921600912219,7357.70633663641,1
9067,723,159.07652028401694,6523.354580510048,1
9068,723,159.091526426118,12614.430025955726,1
9069,723,165.10229051833184,5440.9560893398,1
9070,723,167.08432015174074,5106.739347572535,1
9071,723,169.09701216516416,14941.427097541242,1
9072,723,169.1334070666083,15452.072410967156,1
9073,723,171.07600746607122,12776.046292693249,1
9074,723,171.11275493342703,8187.240783803056,1
9075,723,173.1285463879992,13549.430081600907,1
9076,723,175.11790278770405,58026.92567405487,1
9077,723,176.12219611273872,6272.721575574522,1
9078,723,181.06103356055965,7327.282833498288,1
9079,723,183.112776155825,7874.569332846889,1
9080,723,183.1491521041586,10838.466037015738,1
9081,723,185.09196448449643,7803.729615720443,1
9082,723,185.1281847166784,14576.92687621626,1
9083,723,185.1649517270189,9512.913027681898,1
9084,723,186.12374176248147,7466.187676367098,1
9085,723,187.071293223988,6244.155529051116,1
9086,723,187.10779905972416,5116.14426282334,1
9087,723,187.1444774012412,8889.691296829717,1
9088,723,188.1031339544999,7023.853254619397,1
9089,723,197.12851964365137,12100.801591740976,1
9090,723,198.08735562609388,28453.688307217188,1
9091,723,199.0712761175437,10207.970013133816,1
9092,723,199.1076515057336,16761.29312531641,1
9093,723,199.18092875835325,10420.1643514712,1
9094,723,200.1392233999152,9979.902091252176,1
9095,723,201.1237118060772,17645.058435978033,1
9096,723,207.1127241654829,56918.64474054973,1
9097,723,208.11536113376724,8851.051699526482,1
9098,723,211.14403510460488,9069.179156083326,1
9099,723,212.1031926991988,6706.825619872736,1
9100,723,213.0868139648437,6052.056126033238,1
9101,723,215.1385400117333,8224.503177699758,1
9102,723,216.0978054415795,22426.0232712838,1
9103,723,217.0894563545301,5717.065075763221,1
9104,723,226.08248022460936,6367.093227615356,1
9105,723,226.118438569626,10216.513834358442,1
9106,723,227.1031602265819,19475.21817319756,1
9107,723,228.1342953909472,13481.78063676321,1
9108,723,229.11728445040129,5980.775569513541,1
9109,723,235.10774814935377,29575.80368627148,1
9110,723,240.134069120933,8647.260436693827,1
9111,723,242.11317174574907,7953.395696405102,1
9112,723,242.150067880613,9829.835100143328,1
9113,723,243.13367879825788,9140.892736713382,1
9114,723,244.0927306483032,10947.749157797092,1
9115,723,244.16570498492263,6208.298576200331,1
9116,723,252.13404235839843,9276.550403205025,1
9117,723,253.11747421043503,6428.016212497932,1
9118,723,254.14952662482327,8019.926931218286,1
9119,723,258.14508556343657,6041.205543986538,1
9120,723,266.15028016260067,6231.341760816749,1
9121,723,268.16555960067194,7112.616039419421,1
9122,723,270.1453165018333,7399.763702788443,1
9123,723,272.16430582898727,6859.71126583282,1
9124,723,275.1740105523004,7271.104142506917,1
9125,723,276.1340811593192,17320.010970476695,1
9126,723,288.20303978553187,6760.530426179445,1
9127,723,290.14632821297863,10086.875147411416,1
9128,723,294.1450710397549,7961.365300970733,1
9129,723,299.7734487918434,78237.72031051363,1
9130,723,303.1709950428136,6375.359191553483,1
9131,723,311.17130422068163,13500.668378396786,1
9132,723,312.1549558083573,9475.608303647405,1
9133,723,323.1715527188246,6783.009777870907,1
9134,723,329.1829166649783,10783.013252367122,1
9135,723,341.1825786856718,7736.834524964177,1
9136,723,345.15580382528185,14206.571135154756,1
9137,723,355.1615724363527,11026.95631818838,1
9138,723,355.1974917739185,7207.949660422197,1
9139,723,361.1841608683269,12150.668333443004,1
9140,723,363.1662507233796,24595.29383381288,1
9141,723,370.20236320414233,109008.16461211964,1
9142,723,372.1886964740176,8215.486760757909,1
9143,723,382.2097331776338,6923.730561845443,1
9144,723,383.1924322720232,11245.974098468649,1
9145,723,414.1766557364628,10351.990546930248,1
9146,723,417.21241856166296,8435.14922915595,1
9147,723,431.2292579157436,9486.44879254773,1
9148,723,432.1865418103277,32274.23523655068,1
9149,723,433.1886129723974,9676.256810567464,1
9150,723,450.1975201042331,20612.940281223764,1
9151,723,469.2425567164565,12068.731444214329,1
9152,723,488.25011000522346,6561.826022064963,1
9153,723,500.25122489638,7556.352132462363,1
9154,723,512.2468674952881,19946.65244167788,1
9155,723,517.2757857711227,7330.462106690584,1
9156,723,518.2659836921139,11036.40505634529,1
9157,723,527.2630956013998,11480.26967101097,1
9158,723,529.2729959033784,94993.94946524643,1
9159,723,530.2751509967018,26324.255379979248,1
9160,723,535.287421579072,9977.56017415596,1
9161,723,545.2720752949617,15765.022519022104,1
9162,723,563.2844752030406,9582.51870656185,1
9163,723,604.8696009912439,27902.844120258585,1
9164,723,616.3085104075785,11369.225895295893,1
9165,723,642.3548030221699,10909.287948077876,1
9166,723,699.3756518995906,14096.2482590503,1
9167,723,712.8499323918269,8448.588892628597,1
9168,723,718.0141022707606,33246.515784408795,1
9169,723,779.4059940308564,9520.950858419255,1
9170,723,796.4309529874347,103916.89627320848,1
9171,723,797.4339411149945,44589.68012427614,1
9172,723,816.915359443423,49716.0485016341,1
9173,723,843.7235460912101,24143.753834941697,1
9174,723,883.4641870452776,64545.99776325029,1
9175,723,884.4666548962246,32074.740439189864,1
9176,723,899.4609662587868,6181.873386176066,1
9177,723,978.595517699873,90066.05743277678,1
9178,723,980.8833193808058,26627.146480903943,1
9179,723,1026.4693585431137,11426.03603769938,1
9180,723,1041.088560600394,100171.52731746028,1
9181,723,1043.4930221755783,86529.67351614345,1
9182,723,1044.4948397549715,46616.33431999297,1
9183,723,1045.493785596076,21714.24244567638,1
9184,723,1069.9337139638228,107728.10407310362,1
9185,723,1113.4758831969684,68803.7944090907,1
9186,723,1114.5310638041435,110242.02240265472,1
9187,723,1115.533123360644,66457.7563611523,1
9188,723,1116.5319217705876,28925.19531812308,1
9189,723,1143.296360757275,108738.20565452626,1
9190,723,1150.0431237725743,39096.06029715799,1
9191,723,1227.612578629328,25685.974338907592,1
9192,723,1228.6122827148438,20222.82289347331,1
9193,723,1238.5068754236602,6633.1564537875365,1
9194,723,1280.3146840502054,40526.58802227411,1
9195,723,1314.6476670238171,41638.27981951941,1
9196,723,1315.6491536055462,31641.811123904616,1
9197,723,1316.3414382774636,61295.60113364016,1
9198,723,1357.2046592451472,57281.6909064354,1
9199,723,1360.8780209908798,16216.383309738,1
9200,723,1399.5488923897087,34971.70863993652,1
9201,731,101.07133208766128,21171.6400612571,1
9202,731,110.0711069119891,184573.2416615133,1
9203,731,111.07420916435046,21561.732683007096,1
9204,731,120.08423735205808,27671.683404791533,1
9205,731,121.2733381731008,18976.729541438355,1
9206,731,121.2815245053373,28368.53765063121,1
9207,731,121.3890816633564,14322.256674056664,1
9208,731,129.1028103337408,22888.65855585792,1
9209,731,132.28664750554955,8426.937559196747,1
9210,731,136.07504117763537,29451.674603416806,1
9211,731,136.0861642471867,16627.012751920236,1
9212,731,137.11245395826256,17874.695707212722,1
9213,731,138.0552711671101,9195.45678180197,1
9214,731,138.0664385506933,26095.85779983696,1
9215,731,141.1023405667009,23958.85011830824,1
9216,731,143.11734641187545,20296.26983596164,1
9217,731,143.51268266135446,13868.398017628648,1
9218,731,143.61812724764386,10431.223992241754,1
9219,731,143.62828977343062,11348.17136549614,1
9220,731,143.63255833014995,211691.4058357771,1
9221,731,147.11235064826343,17470.07630081407,1
9222,731,154.51357598398246,13534.440151638457,1
9223,731,154.52521582877282,13859.67850539708,1
9224,731,154.63168743678503,11398.998130707514,1
9225,731,155.08644671108632,26007.73362527939,1
9226,731,155.12729143673147,18399.20909854505,1
9227,731,165.529065372541,10045.97907001358,1
9228,731,169.09640095280665,34340.4159599379,1
9229,731,171.11271143854464,25017.051077835044,1
9230,731,173.12839012616945,22708.764056471835,1
9231,731,174.00981426079065,124546.56852650004,1
9232,731,175.1180137551349,43231.00323652184,1
9233,731,181.10848938094244,43337.10436001089,1
9234,731,183.112733400785,23161.262056790867,1
9235,731,185.12726603947945,86387.41639611099,1
9236,731,195.0879274216373,23942.76348080256,1
9237,731,197.12835486990505,26027.71021739772,1
9238,731,201.1234706488432,26782.586594790657,1
9239,731,209.1033584718113,152924.87852951008,1
9240,731,210.10628332093705,26768.84141673598,1
9241,731,216.09768232865767,35460.34070101651,1
9242,731,226.11799854794964,30312.040497559126,1
9243,731,228.1341224975586,22803.204153198243,1
9244,731,239.11369466857423,53366.45999599148,1
9245,731,242.14976947568977,33831.87245893003,1
9246,731,244.1654520342427,54384.55136452952,1
9247,731,249.09801072340744,24580.76693044809,1
9248,731,267.10866271013987,22348.080717236586,1
9249,731,276.1458449590774,26773.01695166256,1
9250,731,276.1817706462524,24803.23373904173,1
9251,731,280.17525303920854,20821.636306049662,1
9252,731,282.1812379659429,28178.75749299208,1
9253,731,290.1612194616538,62206.055933586365,1
9254,731,294.12245270301554,9790.033893683862,1
9255,731,294.1555122150048,56312.9383295513,1
9256,731,295.16211892078275,30381.146580501754,1
9257,731,302.1613665214263,49548.730471665694,1
9258,731,308.1713546339353,81416.58012322658,1
9259,731,309.174391957258,21475.09679387125,1
9260,731,310.1506840526609,74658.14402204815,1
9261,731,313.18605110470185,26625.389682748224,1
9262,731,320.13577862079325,24055.6048403696,1
9263,731,320.1711248432218,112435.19516630344,1
9264,731,321.1744445218107,28168.528573239902,1
9265,731,338.14509745924363,83269.10167757382,1
9266,731,338.1821784921102,275808.03008933284,1
9267,731,339.1483599344889,20545.12146967108,1
9268,731,339.1852385562124,51334.09536874967,1
9269,731,353.2177317710853,28419.42813875653,1
9270,731,365.1908538978137,18787.80113707537,1
9271,731,371.2288239577721,18747.392709177704,1
9272,731,379.2444608614042,21075.517385092648,1
9273,731,381.2234371124752,78512.59104463652,1
9274,731,382.22604294997,26547.45599008413,1
9275,731,383.2252092694903,25518.235316243205,1
9276,731,384.2227844576895,175099.2223935385,1
9277,731,385.2254395280148,33514.17462808808,1
9278,731,391.207874896219,40489.658899393646,1
9279,731,407.23865295253256,53733.76971686592,1
9280,731,407.2413251399994,36873.04470932484,1
9281,731,408.24252638891727,20214.71278644981,1
9282,731,409.2188137448685,497605.6904696669,1
9283,731,410.2219396417791,106085.30053479744,1
9284,731,411.2247326704708,25416.37884254177,1
9285,731,437.2115175583783,22778.32101313273,1
9286,731,452.2875683486199,17030.9409066759,1
9287,731,463.2679705638962,21723.501472932745,1
9288,731,464.2644691658978,19198.41517309448,1
9289,731,480.2927294796766,73271.3159033355,1
9290,731,481.2954217372797,25296.78885592925,1
9291,731,490.2767048111881,78208.2381270535,1
9292,731,491.2778120676677,30940.891503651936,1
9293,731,491.2820323063777,25190.010438405552,1
9294,731,499.2496843225816,27036.470566951528,1
9295,731,508.2874957946286,353146.00643904536,1
9296,731,509.2904023105658,95838.18279301938,1
9297,731,510.29190543845846,25698.259014270923,1
9298,731,579.3629853166852,34302.67113769531,1
9299,731,589.346021073314,49531.63961311804,1
9300,731,590.3486187932205,22067.767779011017,1
9301,731,591.325763104413,45082.21475315953,1
9302,731,592.3278894424438,23427.87362703681,1
9303,731,607.3556748812142,154290.61987943822,1
9304,731,608.3576504321809,60117.51211956917,1
9305,731,609.3358764648438,38158.6805056177,1
9306,731,609.3456865583147,21845.04583315168,1
9307,731,613.2914016951376,24286.1802967584,1
9308,731,664.375917415029,18512.894204995067,1
9309,731,690.3927646584707,163075.023476922,1
9310,731,691.3949448088078,69344.19914422082,1
9311,731,708.2945169023993,35361.8190407414,1
9312,731,708.4044185356806,75182.09521069622,1
9313,731,709.4068070941044,33398.581055873925,1
9314,731,760.3560764950789,30831.97906830812,1
9315,731,760.3639219925117,29922.29930760554,1
9316,731,789.4630941528784,132606.46260912064,1
9317,731,790.465024794244,61306.64758386666,1
9318,731,791.4680486608435,17141.87920436153,1
9319,731,807.4719465645485,55652.21533346608,1
9320,731,808.4729516978128,28381.095054567628,1
9321,731,849.4325444905397,42725.34023790383,1
9322,731,849.9338990948537,39954.449002168185,1
9323,731,923.426502195179,30301.434619349293,1
9324,731,949.9897393798828,81557.42483276367,1
9325,731,965.041419456748,294511.23831707326,1
9326,731,994.4543261076276,25814.623302258944,1
9327,731,994.4651740440956,31203.176458505484,1
9328,731,1008.0105814944012,162768.42752131465,1
9329,731,1029.1743141038637,546837.9327333579,1
9330,731,1073.4913929281713,50792.496464280775,1
9331,731,1074.4910755916362,40452.12249181125,1
9332,731,1090.5120204545876,47661.65982504027,1
9333,731,1091.5135291847023,657300.035213986,1
9334,731,1092.51569354022,350516.899689851,1
9335,731,1093.5151822879843,103233.31155271229,1
9336,731,1093.5236343682982,56420.876000497854,1
9337,731,1181.61846804098,470596.42312856845,1
9338,731,1190.575337903253,72451.01578090109,1
9339,731,1190.58402664935,135870.18199989444,1
9340,731,1191.586410458617,88478.62080089617,1
9341,731,1192.5879582331731,35662.65868542011,1
9342,731,1228.641639751254,479816.8948749103,1
9343,731,1290.6304556039663,31236.67606347239,1
9344,731,1291.6299946391498,296475.728098025,1
9345,731,1292.631745924228,193079.29163793003,1
9346,731,1293.631723386432,75289.24629883372,1
9347,731,1390.6963544768605,305587.5283925694,1
9348,731,1390.7025894792112,218323.32797105343,1
9349,731,1391.6962288411455,213487.7314138997,1
9350,731,1391.703583473383,165949.78181563976,1
9351,731,1392.6935626959346,75244.96254462952,1
9352,731,1392.7055173694578,70551.49554938944,1
9353,731,1397.3888769475493,12169.846961225818,1
9354,731,1489.7674117374263,176620.58553864466,0
9355,731,1490.7693328597477,139040.86188024882,1
9356,731,1491.769619526836,66994.83533792442,1
9357,731,1560.7933518370176,45932.27714517479,0
9358,731,1560.8063777258635,128155.3977660258,0
9359,731,1561.792573444584,46309.943567780014,0
9360,731,1561.8071101698763,102336.75575149892,0
9361,731,1562.808192374775,58036.6917918013,0
9362,732,101.07139786183096,104220.76113558408,1
9363,732,102.05560545309996,99267.4364085662,1
9364,732,107.8348377030292,183009.6193358813,1
9365,732,107.94633527860174,76376.68294366842,1
9366,732,110.07168126861434,383314.0986980939,1
9367,732,115.08724492339157,730262.9715998508,1
9368,732,116.07118827956064,60982.06122779846,1
9369,732,118.84370912507524,286810.5462734644,1
9370,732,118.95372767246508,114374.45528091282,1
9371,732,120.08189389315518,1246966.4034888528,1
9372,732,121.08477885147622,171452.65441174342,1
9373,732,129.06650057705966,263421.0807970536,1
9374,732,129.10290638930132,757698.3109862009,1
9375,732,130.08686691774733,616142.7451297353,1
9376,732,131.40691533229307,89703.05017351657,1
9377,732,136.0759505911619,390531.8646559539,1
9378,732,143.08213368733723,582586.8146415201,1
9379,732,147.1125369094488,1265299.2298419622,1
9380,732,148.11653870640538,48486.0948967275,1
9381,732,159.09215983938662,54682.22579623283,1
9382,732,171.07660817291776,189542.5751811744,1
9383,732,173.1290814979528,175192.0710830435,1
9384,732,175.11888645119862,455013.2180638248,1
9385,732,183.1139386363865,44881.10211890506,1
9386,732,183.1496005752712,11180775.818603609,0
9387,732,184.15272960854216,698658.5697587566,1
9388,732,185.09258046407183,78976.79882219166,1
9389,732,185.1655633555337,799010.5828079119,1
9390,732,187.1446074733028,101194.99495150424,1
9391,732,199.1813377119289,54539.121884369575,1
9392,732,200.13931580894013,49819.80973009778,1
9393,732,201.12412831853536,306908.512531902,1
9394,732,211.14507685343423,10892474.662350431,0
9395,732,212.14819779976327,777732.4708328902,1
9396,732,213.0875711696033,58960.07969680827,1
9397,732,213.1587000051256,222374.09554505744,1
9398,732,213.1608409789449,582158.1460133197,1
9399,732,216.0980397172408,871540.1914387929,1
9400,732,221.12934917408032,213480.6519455124,1
9401,732,226.11877865945127,383839.8757448101,1
9402,732,226.1553582222231,305116.6063823046,1
9403,732,227.10363705952963,41460.16155896584,1
9404,732,228.13498279504608,90640.8300431172,1
9405,732,229.11826782806745,552429.7741628146,1
9406,732,231.0980075820353,104865.06859021958,1
9407,732,231.11310331848847,147264.60140263624,1
9408,732,241.0829071330133,52876.36723962231,1
9409,732,242.1871201464692,78165.76281704115,1
9410,732,243.109579895257,59883.119776031854,1
9411,732,244.16644982064125,1397391.2836640282,1
9412,732,245.1696663789971,247046.43973082164,1
9413,732,249.12448329017275,150231.76669774737,1
9414,732,259.0932136862194,214894.81772214244,1
9415,732,260.1973987257624,736284.3001234782,1
9416,732,267.3912969197769,114972.0334521048,1
9417,732,272.1722223780177,499606.03034341655,1
9418,732,282.2181869082981,90344.34810794724,1
9419,732,294.1823957348704,96795.69128086824,1
9420,732,310.2131984777618,2223794.405219309,0
9421,732,311.2164718357064,245413.05053558951,1
9422,732,312.16730372891107,92000.35959137292,1
9423,732,323.1360006112882,101507.269281841,1
9424,732,332.4099033186681,3095746.8273090487,0
9425,732,337.1515888946735,70258.91178787939,1
9426,732,338.13570771393955,73431.10402199074,1
9427,732,340.1626188424917,972899.9927301664,1
9428,732,340.18659575347306,135020.28190349884,1
9429,732,341.16628011067706,84246.80222355394,1
9430,732,341.21859456817737,74442.60169198095,1
9431,732,341.69313583374026,75069.30117557525,1
9432,732,342.2032943594045,169080.58556750725,1
9433,732,347.73316416384966,7604544.743839487,0
9434,732,356.1466036180709,96728.06999310486,1
9435,732,356.1935488715846,58461.02244511949,1
9436,732,356.72229387218823,177747.19259706212,1
9437,732,357.18851975173686,84234.62657622235,1
9438,732,358.16199830520986,415810.0154309088,1
9439,732,373.2822993132059,314555.7157194302,1
9440,732,384.1891212882576,57490.81583597896,1
9441,732,393.2507208585739,284930.4243973196,1
9442,732,397.209477876362,169396.87405166292,1
9443,732,411.2620107037233,334628.1840659544,1
9444,732,413.8779370579122,10822110.39334386,0
9445,732,421.24601776887727,159193.78320519312,1
9446,732,425.2518929701585,270881.982316516,1
9447,732,435.02169085753457,264104.9164655841,1
9448,732,436.2220226634632,98964.40616390924,1
9449,732,439.2563113889833,1159921.4220883604,1
9450,732,440.25780868530273,132290.35130429268,1
9451,732,440.2620512462798,212278.6710492452,1
9452,732,451.1944518469869,153407.76141769337,1
9453,732,453.2468720019703,1203502.7031708972,1
9454,732,454.23082842145647,400712.9521305599,1
9455,732,454.7323137815729,135610.84500322625,1
9456,732,469.2317173297589,115777.77087744688,1
9457,732,470.2975086728558,67158.49791173227,1
9458,732,471.2470107421875,104064.74178015137,1
9459,732,483.7225590743676,4262443.627974344,0
9460,732,487.32539623805457,685369.2992356505,1
9461,732,488.3284055767637,102474.38352066964,1
9462,732,496.3887992008397,4119192.2296827617,0
9463,732,510.7733327446255,205433.2725967516,1
9464,732,511.2745846442456,92291.15186142696,1
9465,732,521.3100779997997,65413.37761832996,1
9466,732,538.3362359097594,170632.28612754415,1
9467,732,540.3046215867903,342068.8445457325,1
9468,732,549.3051618047122,192972.007640486,1
9469,732,550.2931807546904,85386.79885251595,1
9470,732,564.2782106652724,349033.74301755114,1
9471,732,564.2818184094551,512311.2693146535,1
9472,732,565.2726803663301,86344.08449811238,1
9473,732,566.3317127574574,712234.9473471347,1
9474,732,567.333139537167,120438.65674711743,1
9475,732,568.2980596224467,936781.6098002592,1
9476,732,568.3022154180497,1749205.4607000698,0
9477,732,569.3036066522661,245965.5413941937,1
9478,732,571.3860644099267,8582309.625050213,0
9479,732,580.2367197356609,118948.20825235592,1
9480,732,582.2899748535157,261240.4559749145,1
9481,732,598.2492023896889,124718.3893466024,1
9482,732,598.3561606926004,65948.58446569888,1
9483,732,606.8656873788136,10469925.875286467,0
9484,732,615.3847680609929,216160.3637706139,1
9485,732,631.3646976958288,130667.95783358,1
9486,732,640.3692346521326,2076603.3153416107,0
9487,732,640.8698809065329,1285146.9386201547,1
9488,732,665.349225531684,82246.05142288208,1
9489,732,680.2904405538746,69855.84158170843,1
9490,732,693.323157051282,384021.1148371574,1
9491,732,694.3116629050066,163866.7778257429,1
9492,732,694.4277567344137,104364.71596267752,1
9493,732,695.4113660489323,340744.357709951,1
9494,732,696.4119055675484,82764.95725562559,1
9495,732,697.3157824707031,155178.73689581736,1
9496,732,711.3330020544664,549906.8773004495,1
9497,732,712.3306632429467,147895.72167979533,1
9498,732,712.4367222586078,5048319.830009232,0
9499,732,713.4380755925582,1088218.1390541722,1
9500,732,713.4424748140223,2158800.9884295743,0
9501,732,782.4072842440762,71894.67814736838,1
9502,732,793.4122156603582,360090.2135876717,1
9503,732,794.4131311824666,94368.15475501824,1
9504,732,807.3915387944844,127682.38118854004,1
9505,732,810.3977871479962,440810.3832545307,1
9506,732,810.4033613180313,770449.5103396235,1
9507,732,811.4052645801554,214293.86285207127,1
9508,732,823.4701087154559,787271.8710944616,1
9509,732,824.4122142193625,259684.5722638406,1
9510,732,841.4782733093465,1536578.518222149,0
9511,732,841.4825929100833,2851051.4516943176,0
9512,732,842.4843967243777,759053.8193469937,1
9513,732,855.2122271113137,8616801.312361682,0
9514,732,881.1331397051946,2794652.934417551,0
9515,732,890.4298098509339,191854.28551216563,1
9516,732,906.456405994504,128362.45620297275,1
9517,732,906.4642717345688,184486.89899167148,1
9518,732,907.4554557340692,757791.2820930941,1
9519,732,908.454874395014,279746.99480740057,1
9520,732,923.4867471834508,525108.8512552152,1
9521,732,924.4878341227478,181270.079995786,1
9522,732,952.5125972828037,779757.4917931055,1
9523,732,953.5097462163312,421991.6143897149,1
9524,732,970.5235921925512,5899252.566278568,0
9525,732,971.5262827820052,2103235.358090397,0
9526,732,992.5471847209524,109301.72984484409,1
9527,732,1003.5126224093968,128098.62258626544,1
9528,732,1004.5660617273164,10764190.50873575,0
9529,732,1020.537673550152,530891.3143655191,1
9530,732,1020.543777925115,699985.7252385066,1
9531,732,1021.5355539422286,212653.3118462813,1
9532,732,1021.5447354643784,321101.99762833246,1
9533,732,1033.5705602486146,99449.44573474753,1
9534,732,1047.0411961612358,1760877.995875698,0
9535,732,1051.5759103875412,156109.85008801913,1
9536,732,1051.5850196694428,229320.65951433725,1
9537,732,1052.569232999621,340490.45217302674,1
9538,732,1053.5700741223511,103932.00020019792,1
9539,732,1054.643259133533,3431319.873377655,0
9540,732,1069.59154835124,8001223.794176085,0
9541,732,1070.5936012268066,2949747.601924777,0
9542,732,1075.1030617955112,9069301.249303564,0
9543,732,1121.460355848836,7768482.712761345,0
9544,732,1133.6268836051358,129468.79572436414,1
9545,732,1141.7831619242752,7518098.351536538,0
9546,732,1165.652533407265,116310.71528328072,1
9547,732,1182.6749301414245,1908056.700362932,0
9548,732,1183.6758751502405,890337.0574773303,0
9549,732,1183.683921883959,1613486.7772489777,0
9550,732,1187.0696042048803,1974645.4461250748,0
9551,732,1248.5717820483758,942669.8337510036,0
9552,733,101.07144948371553,112002.70826651616,1
9553,733,101.10786554449444,7358.31055956689,1
9554,733,102.05534937575057,61986.65122431677,1
9555,733,103.05556624175004,10492.861184272624,1
9556,733,104.05323448734006,20853.385766513107,1
9557,733,110.07140882982188,52648.5511757582,1
9558,733,115.0870280915023,9581.829485145534,1
9559,733,116.07094396055923,14046.265457334255,1
9560,733,119.04953355442966,6618.768078542778,1
9561,733,120.08224718119456,186390.7951998533,1
9562,733,121.08450724106632,29399.05937136341,1
9563,733,128.10726359143234,107873.6130008258,1
9564,733,129.0661004561412,17925.979586405694,1
9565,733,129.1036436957282,138180.9047413594,1
9566,733,130.0655061118623,15897.544436332508,1
9567,733,130.08689644195604,65735.73513696696,1
9568,733,130.10576984631066,10158.851252067978,1
9569,733,136.0749693490117,123104.84604756298,1
9570,733,137.07889765933749,11394.261782107922,1
9571,733,140.07077579084932,7525.27485075676,1
9572,733,141.06607731410435,10610.884082467215,1
9573,733,141.10238486654026,70658.97667551153,1
9574,733,143.08176377890766,8783.747277633003,1
9575,733,143.11752852311372,34331.726254645815,1
9576,733,147.07638787021156,8694.747400363955,1
9577,733,147.1125041247835,101658.3224423105,1
9578,733,148.11621968283583,8616.417393197586,1
9579,733,155.08222510109485,17134.6981722872,1
9580,733,155.1178528648555,26274.87448538585,1
9581,733,157.09707306652535,15396.499926517972,1
9582,733,157.13330384633426,9024.796729874924,1
9583,733,158.0901651196493,10745.316694764371,1
9584,733,159.07667436580996,10302.254574608944,1
9585,733,159.0914640221789,34651.97929890343,1
9586,733,166.06139079349143,20487.75182834679,1
9587,733,167.08414646617155,6969.40599738227,1
9588,733,169.0970607791935,59956.19260684864,1
9589,733,169.1334257838565,11806.501660112808,1
9590,733,171.07584610681042,7794.065968522184,1
9591,733,171.11275068657008,50211.88658397241,1
9592,733,173.09226894378662,13060.501851428638,1
9593,733,173.12875080248273,954504.850027171,1
9594,733,174.1305557104726,146390.6637125716,1
9595,733,175.11825894056554,25117.51290502062,1
9596,733,181.0610544903678,21686.747609961847,1
9597,733,181.09717523072325,45308.3704964527,1
9598,733,183.11288280446564,15142.88601610058,1
9599,733,183.1492492175493,15318.398615752674,1
9600,733,185.092232510806,14033.769045918258,1
9601,733,185.12828471227897,17340.728558197563,1
9602,733,185.16490106804423,19894.301937191984,1
9603,733,186.0882331197576,8929.773578259372,1
9604,733,186.12414093017577,8214.01652984619,1
9605,733,187.0714409120621,27029.29448466147,1
9606,733,187.10787380547512,11047.499091159492,1
9607,733,187.14410096406937,27466.06370228529,1
9608,733,195.0765474973804,8293.735460545895,1
9609,733,197.12859690275124,17503.545931150587,1
9610,733,198.08754861281693,35173.46397530959,1
9611,733,199.07145399613813,13071.67549828616,1
9612,733,199.10798789284445,44868.96994652488,1
9613,733,200.1392473762418,9702.017102967564,1
9614,733,201.08758872732176,16953.744705980695,1
9615,733,201.12416845453365,566922.7498824273,1
9616,733,202.12700390424885,112734.17162850802,1
9617,733,203.1035399273277,17424.204948652256,1
9618,733,204.1342041295603,20395.01733548925,1
9619,733,211.1441147814896,18642.23538758232,1
9620,733,212.10315781004687,9673.61405941174,1
9621,733,213.0872378392108,14253.919207341794,1
9622,733,215.13867389031176,19646.95164983292,1
9623,733,216.09758769444056,13977.705939919608,1
9624,733,216.1347471725109,7673.807442576386,1
9625,733,217.085908651352,9363.897387584051,1
9626,733,218.1502371325936,9255.746973647285,1
9627,733,221.12858812736744,23144.08479137338,1
9628,733,225.0982901420735,32390.45910463014,1
9629,733,225.1233169835642,9170.96990056869,1
9630,733,226.08253831129807,49253.52982888344,1
9631,733,226.11689967065308,12091.940603702222,1
9632,733,226.1551637171104,15024.68160505518,1
9633,733,227.10280320775792,17107.37512077872,1
9634,733,227.1379931667995,24005.821260405228,1
9635,733,228.13412457034207,13291.617250807742,1
9636,733,229.1180926218591,15395.112579365115,1
9637,733,230.1138381697619,10345.625061862704,1
9638,733,231.0977014190522,21490.18573521856,1
9639,733,231.11295754971096,51316.53692621322,1
9640,733,233.16502870095744,16928.10787253444,1
9641,733,234.1452056454941,25371.4040773852,1
9642,733,235.1104544259452,16014.743520449923,1
9643,733,235.14615029999703,9048.557236006764,1
9644,733,237.1300476711022,25908.17751524116,1
9645,733,240.0979188398881,27385.06883406205,1
9646,733,240.13428325598736,8902.17850163995,1
9647,733,241.0824486073506,9611.24873424702,1
9648,733,242.150040561338,19272.59257576858,1
9649,733,243.1094999593099,44016.2711651713,1
9650,733,243.13372468803428,11813.627921408795,1
9651,733,244.0926985046673,27928.644444687267,1
9652,733,244.16576890746376,39343.34375794789,1
9653,733,249.12387065706943,54116.29203404087,1
9654,733,249.15642267400568,48864.54981706099,1
9655,733,249.1635879338484,68751.14101363899,1
9656,733,250.16379113290824,15286.680899375093,1
9657,733,252.1342640496119,23647.88896123534,1
9658,733,254.1500568813748,22435.364511956108,1
9659,733,258.1087995773243,26137.423278537408,1
9660,733,258.1455423491342,12517.439800730774,1
9661,733,261.15780340456496,10116.281753839232,1
9662,733,270.1454316356298,38412.74470709291,1
9663,733,272.16559227604296,153191.97773120634,1
9664,733,273.1649692501642,41393.28689224952,1
9665,733,277.1182800292969,58601.26131150818,1
9666,733,277.1550169579777,21704.403496318395,1
9667,733,284.12491405519665,14250.539720681998,1
9668,733,292.1666100974975,43686.77868151374,1
9669,733,300.1555164576092,27540.43668469291,1
9670,733,302.7835565533415,87161.40854578448,1
9671,733,310.1762981493938,425860.2059857618,1
9672,733,311.1751614232217,37765.66344470747,1
9673,733,315.16672160707674,31501.59569996801,1
9674,733,321.1769450280803,55881.69379369177,1
9675,733,325.1872286756499,13495.862849860632,1
9676,733,329.18350913808666,9654.358636284564,1
9677,733,330.6916000615708,53529.60579408996,1
9678,733,350.1349906446528,13611.370895195798,1
9679,733,353.1827133178711,24622.79468352144,1
9680,733,357.1769624437605,11532.204538890292,1
9681,733,367.70503083657866,394687.7425166231,1
9682,733,371.1927888074867,24808.753501953863,1
9683,733,399.1883173463571,74572.42482505557,1
9684,733,410.2050125687211,16606.1239817584,1
9685,733,429.3203225264948,550495.6606574549,1
9686,733,434.2629167711413,10319.560604069684,1
9687,733,521.294071089401,28456.45517682836,1
9688,733,596.353117391133,16174.2766642207,1
9689,733,637.3256809400475,8581.477074316274,1
9690,733,706.307376437717,83523.41431873816,1
9691,733,729.9888130083476,24130.17724358545,1
9692,733,747.353454868543,8574.076628384524,1
9693,733,811.5674860541251,108720.73669850948,1
9694,733,816.2703834977447,790413.4635381952,1
9695,733,878.4253257468895,32344.85405492076,1
9696,733,879.4299435763888,13628.510488247342,1
9697,733,914.0846172032504,47636.71825944192,1
9698,733,1007.4667165249208,27717.915531727835,1
9699,733,1008.4676065890588,14526.802282511631,1
9700,733,1039.4492877686578,16554.648768674473,1
9701,733,1046.4593310439016,582848.34695742,1
9702,733,1049.450812064753,17388.282370578036,1
9703,733,1049.9470254221271,72945.04458591795,1
9704,735,101.0709603173392,26948.65166863941,1
9705,735,102.05503117433892,10527.111466473698,1
9706,735,104.05292273568108,37363.37816817277,1
9707,735,110.07109879817206,21568.58307913221,1
9708,735,120.08132414060218,34799.68534988926,1
9709,735,120.2843017578125,14515.174860226904,1
9710,735,129.10285546834712,15206.225161486333,1
9711,735,130.08833661539302,8303.282320051629,1
9712,735,131.1175682975332,18980.502319890496,1
9713,735,134.51087058303702,10379.636617970264,1
9714,735,136.07510722575094,30661.403351125955,1
9715,735,141.10225084092883,9990.236582956197,1
9716,735,147.11243756827662,11168.458044537045,1
9717,735,158.0922641096444,12349.54418392839,1
9718,735,159.0915307954709,28429.3154875496,1
9719,735,159.11257685944676,25741.799856972008,1
9720,735,169.09708779545153,11953.032320830782,1
9721,735,169.1334191566091,10643.513159713402,1
9722,735,171.11247532435826,8586.681928904398,1
9723,735,172.0714918939691,32972.409558672654,1
9724,735,173.12849788665773,15707.334980305037,1
9725,735,175.11837596159714,60634.16338326381,1
9726,735,183.14931347019865,12550.656521223167,1
9727,735,185.09215323532683,12589.093146271847,1
9728,735,185.1283358429115,12702.352444473983,1
9729,735,185.164794921875,16231.347598429988,1
9730,735,186.1235778026092,19356.40539936443,1
9731,735,187.1076547190629,30274.731491889743,1
9732,735,189.0692524358855,11235.457586623916,1
9733,735,197.12841413225448,10510.357628064838,1
9734,735,198.087269010998,13304.965452688712,1
9735,735,199.0713583727989,9455.8903144669,1
9736,735,199.10766993050623,23973.062655994145,1
9737,735,199.1807642397673,8130.741532035496,1
9738,735,201.1234792073568,13866.36548878234,1
9739,735,203.06632730235225,8202.328068324498,1
9740,735,211.1440787548351,10248.914938612948,1
9741,735,212.10308831397523,7706.420637155086,1
9742,735,213.0869115023005,8782.129781082973,1
9743,735,213.1590502135147,12178.123939469016,1
9744,735,214.1183120967206,12209.880891210743,1
9745,735,215.13830590100025,7469.635582917966,1
9746,735,216.09766614437103,15690.452717632055,1
9747,735,217.13584594726564,13521.212939857034,1
9748,735,225.1232231987848,13139.012715135885,1
9749,735,226.1184934533161,14023.109569825989,1
9750,735,227.1025835987536,61075.94950835696,1
9751,735,227.17530837286083,7545.269208853585,1
9752,735,228.1054574717646,10228.943147236369,1
9753,735,228.13391948881605,6353.544205853728,1
9754,735,229.1174134413401,8579.15664021174,1
9755,735,229.129771825686,16697.46425617275,1
9756,735,240.1341684441817,5446.025109983745,1
9757,735,242.14972832407508,39131.23998724141,1
9758,735,243.1472271135461,16239.585356584928,1
9759,735,244.0927693475153,8721.47327394256,1
9760,735,244.12915996290883,6708.289673325438,1
9761,735,244.1658003251631,7550.315920421055,1
9762,735,245.1311695066273,14862.813332908174,1
9763,735,246.15593738624275,62457.184971006114,1
9764,735,249.1587966764816,8777.375996907553,1
9765,735,266.14997018421985,10077.030612779412,1
9766,735,268.165544882588,6198.73239499673,1
9767,735,271.13923936217793,37325.25239761003,1
9768,735,271.1409385981953,48375.94134898852,1
9769,735,274.1038537522766,12965.65947718708,1
9770,735,275.11571983669114,12802.54003947714,1
9771,735,277.154292515346,10535.097760456363,1
9772,735,282.181461762617,8869.508878718085,1
9773,735,284.1240797776442,23268.229782202307,1
9774,735,294.1452335310571,7866.01545743589,1
9775,735,296.1242357658617,11862.549517729787,1
9776,735,300.155756345223,8533.27829851423,1
9777,735,300.19075978863304,9646.550193187451,1
9778,735,302.1334743185012,16166.376611213873,1
9779,735,303.1116524270053,60166.74125439341,1
9780,735,310.1389567363693,42823.47214682705,1
9781,735,310.14080810546875,49957.540690231326,1
9782,735,311.1419450274165,12520.16407273571,1
9783,735,311.1723677092908,7236.607206935509,1
9784,735,312.1546657886012,8704.795335832998,1
9785,735,314.13446997070315,19331.87255094401,1
9786,735,316.1500811153615,8645.515887830385,1
9787,735,327.2029214412608,9787.449520800976,1
9788,735,328.1501758085283,46748.87171961609,1
9789,735,329.1498718261719,11227.418600259369,1
9790,735,329.18383510786714,11991.937926457646,1
9791,735,339.2028878374797,15380.17360501173,1
9792,735,341.2179721236732,10278.462426519594,1
9793,735,342.2125497793222,10542.476966098273,1
9794,735,348.19165982601146,10708.552953010596,1
9795,735,355.19731924467,9411.669985797918,1
9796,735,359.2389215415208,50033.69662571856,1
9797,735,359.2410147727073,73748.22946661872,1
9798,735,360.2427014547681,16863.677055237786,1
9799,735,367.1971069095642,14929.812474498598,1
9800,735,369.2142808314732,8451.16389351436,1
9801,735,374.1849472434933,29595.91661363013,1
9802,735,383.19191539718446,12819.715680685387,1
9803,735,384.2248710714361,21311.091827638687,1
9804,735,385.2112630844116,14167.202125924823,1
9805,735,397.1705554742464,20634.91620051299,1
9806,735,399.2240115471606,11354.835046804175,1
9807,735,402.1777271013804,28229.31275908317,1
9808,735,402.1814024764109,38291.80062134625,1
9809,735,403.1839430244805,11989.076478089337,1
9810,735,409.2083756150572,23175.240676559828,1
9811,735,413.2042381847912,17835.722002325656,1
9812,735,415.1756642964072,12072.52100431705,1
9813,735,415.2240307212534,16407.328644220343,1
9814,735,416.1944442286636,23729.08940503669,1
9815,735,421.2170937051578,15210.800258153798,1
9816,735,421.91650765859146,102640.34615951446,1
9817,735,427.2178552951193,18907.594195341804,1
9818,735,427.22210152943927,29140.434723118942,1
9819,735,448.1670620470162,11152.118260211257,1
9820,735,466.2300636985085,10573.497837968303,1
9821,735,470.2436059091605,30031.421188174976,1
9822,735,478.2296116879112,16307.951563319826,1
9823,735,484.2372283010772,16763.337468210855,1
9824,735,486.7367490880629,16156.736266192269,1
9825,735,487.2677861405767,20704.154536459555,1
9826,735,488.1643985701196,11070.128976139022,1
9827,735,496.2376415894763,35750.12670409955,1
9828,735,496.2416840343941,36466.57500774104,1
9829,735,497.2439874993547,16718.61100379171,1
9830,735,498.2364432763474,25920.0936145242,1
9831,735,502.2507165527344,9934.461731834412,1
9832,735,505.2748927671041,13863.169454087772,1
9833,735,514.2501648206751,28495.42277069736,1
9834,735,515.2549754298011,24236.895154099133,1
9835,735,515.2626844133649,55989.65846888431,1
9836,735,516.2651725089987,18139.184276021588,1
9837,735,522.3037731396764,143548.02341398454,1
9838,735,523.3069433146242,40474.25667680597,1
9839,735,524.2346178420047,19683.10030562102,1
9840,735,542.2449958042624,80195.02996013133,1
9841,735,543.2476434509418,27077.221512554424,1
9842,735,554.653312982236,140164.67775789514,1
9843,735,572.2712948248253,15397.811466761998,1
9844,735,593.2555459415212,14361.66149668974,1
9845,735,595.3089775039764,35683.3910577321,1
9846,735,595.5997954065442,246550.56868780788,1
9847,735,596.3108032656388,15220.88673024782,1
9848,735,596.7977302551269,23942.55957622528,1
9849,735,596.8022940231979,38095.23048854898,1
9850,735,597.307488895157,28992.25946767121,1
9851,735,597.8043269404659,14169.159315509562,1
9852,735,599.3064040580805,13608.24934980295,1
9853,735,611.2661741052119,16358.255837094,1
9854,735,613.316002901269,41261.02316560695,1
9855,735,614.3262821919209,19256.64766431499,1
9856,735,615.3314400246616,12594.548687587683,1
9857,735,621.8051998210403,82787.91128687702,1
9858,735,622.3061547730099,52151.64001831131,1
9859,735,622.8070271042158,27906.82602308741,1
9860,735,626.2933210208092,14414.478910281334,1
9861,735,629.2751949417875,36764.47597518557,1
9862,735,635.388182419997,50329.46928700117,1
9863,735,636.391015660693,21408.83781262448,1
9864,735,643.3239396855156,20783.695635790493,1
9865,735,664.3292611637471,11189.880309584718,1
9866,735,665.324706423935,19707.32991846758,1
9867,735,672.2916416922016,12776.035834763576,1
9868,735,692.3271156362936,18384.21374246701,1
9869,735,700.3494222174047,14235.30899283698,1
9870,735,701.3651840881731,19971.64057663252,1
9871,735,704.8833721526779,260740.12933662257,1
9872,735,706.4257017869215,101973.57948746314,1
9873,735,707.4277453332953,39071.78265278922,1
9874,735,708.6001406285733,234955.37379902945,1
9875,735,710.3339850055285,41862.3487844546,1
9876,735,711.3355990774263,20770.69205630698,1
9877,735,728.3458216320548,46936.879640510975,1
9878,735,729.3487824976904,19716.01227144717,1
9879,735,730.3518541124132,14032.59091298267,1
9880,735,744.6310664666769,154018.12194582497,1
9881,735,779.3539930682316,18762.787459792376,1
9882,735,797.3668225518588,34469.553187087484,1
9883,735,798.3710562686792,21465.31850407748,1
9884,735,799.3708627319336,16464.937500152588,1
9885,735,815.3744781076092,30922.20621697413,1
9886,735,816.3880083173982,34778.01118308212,1
9887,735,817.390840476341,17534.078514191784,1
9888,735,821.4515458626176,66079.6603178665,1
9889,735,822.4526116748407,32086.17986316353,1
9890,735,823.4272529652577,27211.28833573701,1
9891,735,841.4297301136363,40489.90141537753,1
9892,735,842.430586751302,22582.52989400228,1
9893,735,843.4320267313751,13116.703863154458,1
9894,735,878.4276793362801,22510.078108991656,1
9895,735,879.315608712952,126169.1679539008,1
9896,735,879.4307840983073,15477.364924149286,1
9897,735,896.4340202830663,44347.46944063846,1
9898,735,897.4344063136889,22641.673590220576,1
9899,735,897.44505232994,25846.229872193,1
9900,735,908.4846926481828,107909.27611190132,1
9901,735,909.4870861288084,55356.48192851908,1
9902,735,910.470695523552,24742.34893195184,1
9903,735,914.4472534453388,45346.58926244488,1
9904,735,915.4506117422368,30567.3397562534,1
9905,735,916.4511285707272,15917.592136489611,1
9906,735,928.4539441094882,13608.701265491723,1
9907,735,928.4655934561672,24886.88689797325,1
9908,735,929.4672788816076,16603.598757021897,1
9909,735,945.8817843376888,262640.1448445465,1
9910,735,972.4706611101018,19154.02100574582,1
9911,735,985.7828418162188,103515.52323488994,1
9912,735,995.5148528992064,136798.15650918707,1
9913,735,996.5154010211384,67217.2075733265,1
9914,735,996.5230155477718,72830.1044009632,1
9915,735,997.5136727035316,19931.864412195544,1
9916,735,997.5256401829464,26945.924562352648,1
9917,735,1009.5138140226666,22049.036775087054,1
9918,735,1009.5259585173234,28424.482832680576,1
9919,735,1016.509740819268,20053.20883733576,1
9920,735,1027.529783448973,46240.09768445564,1
9921,735,1028.5304466346645,32636.60360326396,1
9922,735,1029.5108092942162,17633.818565488487,1
9923,735,1046.527841463956,25535.81122630726,1
9924,735,1064.5308584332113,21484.87671222744,1
9925,735,1065.5324361165365,14828.574990675184,1
9926,735,1082.547654353762,267420.0927873037,1
9927,735,1083.549998285149,150293.75138541908,1
9928,735,1084.5514283662685,49901.67583194508,1
9929,735,1143.531708330913,26672.55028661565,1
9930,735,1150.8958166903144,198421.0968124545,1
9931,735,1158.5703961407696,25073.25349157828,1
9932,735,1175.571947616186,19860.807717015192,1
9933,735,1192.5932425565495,41385.050673196485,1
9934,735,1193.5861578525642,76061.1583396716,1
9935,735,1194.5865361071883,47093.10767540223,1
9936,735,1195.5870895385742,19959.460054159164,1
9937,735,1210.6062515814776,175752.29047359823,1
9938,735,1211.608297321373,108047.43463826131,1
9939,735,1212.609444066098,41787.36300988448,1
9940,735,1233.5772287778143,151972.3926877349,1
9941,735,1242.6071070020444,28596.336702792443,1
9942,735,1243.6086852652895,22013.39138258016,1
9943,735,1285.597889855046,197330.82168339504,1
9944,735,1288.6512415268842,20032.977273380056,1
9945,735,1305.6719444537985,16285.694710391692,1
9946,735,1306.671077284702,21176.570272933604,1
9947,735,1323.6896107785617,132586.83544872454,1
9948,735,1324.691613011493,90165.3653741955,1
9949,735,1325.6908737909223,36231.01032036675,1
9950,735,1329.631837105637,33572.12503110165,1
9951,735,1330.631905279216,22728.01034410465,1
9952,735,1428.7070922851562,32080.36853018261,1
9953,736,129.10344492364254,27331.69522296681,1
9954,736,136.07525603141193,10908.268321714251,1
9955,736,139.06792999393164,18958.629528359623,1
9956,736,173.09221694643134,6421.774131092804,1
9957,736,175.11861925001267,23974.611576550968,1
9958,736,181.09716317949503,5152.964147832272,1
9959,736,198.1237860459548,6444.280098230411,1
9960,736,201.08686201149047,19171.52702782533,1
9961,736,216.13418834597564,19972.94213659597,1
9962,736,228.134331469266,7735.802998740718,1
9963,736,232.14058204933448,13210.10149534249,1
9964,736,269.1609451925966,16180.959030331944,1
9965,736,272.1240600266382,12522.217156694822,1
9966,736,287.1713218895165,11316.93995650008,1
9967,736,288.1187374167246,8251.006106729377,1
9968,736,292.1291412547895,8277.119714287435,1
9969,736,303.1772715250651,22583.47024769253,1
9970,736,327.16636129895096,8020.335085694895,1
9971,736,339.16659109933033,6503.096716583549,1
9972,736,357.17654884739926,11242.546189441178,1
9973,736,383.1931770230517,7734.036334791301,1
9974,736,398.203518577244,10756.855555005695,1
9975,736,401.1654545353149,10351.263854818297,1
9976,736,404.225445665632,54894.64010448456,1
9977,736,405.226571559906,11926.734972218672,1
9978,736,416.21305156074834,15622.775479534816,1
9979,736,428.2136558576816,8929.649928420955,1
9980,736,487.250018672856,15291.823138267482,1
9981,736,517.3093998953433,29395.47334830393,1
9982,736,518.3120110048885,8609.91314491891,1
9983,736,598.2859831891741,5762.856009044647,1
9984,736,616.2927080289585,26810.10104680249,1
9985,736,645.3683423494037,31077.18890673773,1
9986,736,646.3701933952375,11794.87960562733,1
9987,736,685.3136318864493,10879.615881084574,1
9988,736,703.3261452258473,16916.80010069368,1
9989,736,758.4520013332367,36324.02738914266,1
9990,736,759.4535652322973,15057.728930554493,1
9991,736,788.4121820685568,13074.623832847295,1
9992,736,798.3956180695565,17451.25724964757,1
9993,736,816.4089410053036,33110.99752821573,1
9994,736,817.4110232189875,15403.947719389562,1
9995,736,871.9679837930122,488640.5150855917,1
9996,736,887.4934291440572,34007.44514324875,1
9997,736,888.4935898289536,15538.924108320294,1
9998,736,979.4710379860618,29098.07930287448,1
9999,736,980.4730733235676,16091.766025060018,1
10000,736,1016.5351474495822,39252.86651590924,1
10001,736,1017.534333881579,21390.83749483761,1
10002,736,1044.0276166130516,27792.5968518226,1
10003,736,1107.5299479166667,28536.635961553104,1
10004,736,1144.0674196639152,38420.064006877394,1
10005,736,1144.5694922577563,23353.04154822466,1
10006,736,1179.5957675987563,86029.59099100677,1
10007,736,1179.6040888919106,37566.46772139586,1
10008,736,1180.6048843128056,31495.409312168315,1
10009,736,1242.6263694510556,62770.68019811365,1
10010,736,1243.1134533779227,76372.30352978055,1
10011,736,1251.1346750827815,498027.13000023447,1
10012,736,1251.630699282787,676598.4438268787,0
10013,736,1252.1261359117702,191661.30508989343,1
10014,736,1307.6926956531613,37016.18748624713,1
10015,736,1308.6917982397613,27520.199934681008,1
10016,736,1394.7284691000884,69817.3468284247,1
10017,736,1395.7291095236071,53062.51323671133,1
10018,736,1396.7288142903649,21108.163998819982,1
10019,736,1522.7867215161252,37956.90067171933,1
10020,736,1523.7888914807008,44667.64226782204,1
10021,736,1685.8504991319444,72217.59164663526,0
10022,736,1686.8496316763071,67210.74303780153,0
10023,737,101.0713658216523,14900.5320881169,1
10024,737,102.05536068810358,18451.04054641724,1
10025,737,110.07134002109744,68688.81239141308,1
10026,737,112.07589868102411,16165.493821269334,1
10027,737,116.07107005399816,8904.244203679702,1
10028,737,120.08120267531451,40099.30870401158,1
10029,737,129.10255372054934,20947.142533910555,1
10030,737,130.06625213623047,6532.668222300212,1
10031,737,130.08718490600586,56873.06845680443,1
10032,737,136.07528686523438,57425.93340466547,1
10033,737,141.0659247708608,7618.616998465664,1
10034,737,143.11737721761068,57854.42621622721,1
10035,737,147.11248392298603,17066.190898508266,1
10036,737,155.0822540283203,5492.754222789564,1
10037,737,156.075895165195,159285.47014201188,1
10038,737,157.09270702708852,26925.243305293,1
10039,737,157.13348676156306,6491.68523766338,1
10040,737,159.0766739501953,15356.528767700196,1
10041,737,159.09134273841732,22981.1084744813,1
10042,737,166.06124914697853,9279.972829979586,1
10043,737,169.09697711278525,6405.351105220734,1
10044,737,169.13344327141257,7845.8061506607955,1
10045,737,171.11265312997918,34526.05149404626,1
10046,737,173.092130279541,5054.24142405192,1
10047,737,173.12846385649522,15525.159877498654,1
10048,737,175.11233602105614,59954.96546246533,1
10049,737,183.11281863125888,18714.411783911964,1
10050,737,183.1491510989892,29270.06504788364,1
10051,737,185.0919894514413,59010.74324264527,1
10052,737,185.1280612782536,11513.551695407965,1
10053,737,185.1649483943331,23987.11704276265,1
10054,737,186.0917277336121,7197.046294659376,1
10055,737,187.1440423664293,7589.794338427092,1
10056,737,197.12854071423016,14509.527204631704,1
10057,737,198.08739439379264,13485.803715745942,1
10058,737,199.1078406439887,12348.906480200496,1
10059,737,199.18084147439075,7865.779084703816,1
10060,737,201.12372454007468,19192.591932932537,1
10061,737,203.10354851894687,110754.055723972,1
10062,737,204.105935886928,12028.390731375555,1
10063,737,207.1249595642089,11728.811708577474,1
10064,737,211.14422411237445,22803.01173439026,1
10065,737,212.1032780514488,7776.552873780456,1
10066,737,213.086915031312,7630.14351109096,1
10067,737,213.15952277429324,24892.754738089963,1
10068,737,215.1386580356332,12676.555684289267,1
10069,737,216.0978814859306,10524.583971344264,1
10070,737,224.1031339490736,7662.710971883826,1
10071,737,225.1593974485236,13815.048815193824,1
10072,737,226.1184649226641,9067.230782557015,1
10073,737,226.15498991935485,6736.234371923631,1
10074,737,227.1023717244466,8081.733746655782,1
10075,737,227.17527746775792,7090.634507981557,1
10076,737,228.13409105936685,16700.933394114178,1
10077,737,229.1177879680287,6672.196703910828,1
10078,737,229.34542369629952,52005.59606679624,1
10079,737,235.117431640625,220599.1635534801,1
10080,737,236.12229811543165,31077.18546241221,1
10081,737,239.1134527297247,10420.256462460473,1
10082,737,240.13445227486747,5489.272688184466,1
10083,737,242.11341054202947,189851.56756029784,1
10084,737,242.14991561226225,10164.100672348686,1
10085,737,243.11493165152413,21860.02207510812,1
10086,737,243.1342553310707,12428.523017383011,1
10087,737,244.0927418747993,7410.116010692021,1
10088,737,244.1656041762408,15576.172246775908,1
10089,737,251.11220489151177,23271.40832659842,1
10090,737,252.11046346028647,8586.209176199776,1
10091,737,253.1294394828178,549437.0975704709,1
10092,737,254.13156010554388,65074.94948988695,1
10093,737,254.15086514832544,6443.810646932633,1
10094,737,258.14581008184524,7693.162661961147,1
10095,737,260.125935792923,165899.97971354425,1
10096,737,261.1269333450883,22663.2614384404,1
10097,737,270.1813000704335,47836.853422451866,1
10098,737,272.1622011885684,22708.45934582572,1
10099,737,283.17620056152344,15819.311997137069,1
10100,737,292.1293908321496,23225.56777202721,1
10101,737,298.1757951702988,14118.817544970596,1
10102,737,301.1871817452567,11954.746985813928,1
10103,737,311.1715512330505,8694.414114020337,1
10104,737,327.2029002581456,29464.289932347085,1
10105,737,328.18626630424274,14657.755202038454,1
10106,737,329.18375514708845,8406.348138283209,1
10107,737,337.1873507499695,8541.81380444765,1
10108,737,341.18235670918165,18855.882057787192,1
10109,737,345.213306922039,171689.28323568095,1
10110,737,346.2159998967097,37204.94128135534,1
10111,737,350.1350760208933,12710.73225964998,1
10112,737,355.19729885525174,32831.260901472306,1
10113,737,359.19257638968674,25902.05029618506,1
10114,737,366.21374363575165,37225.92651426445,1
10115,737,371.2300455521564,21944.42041840845,1
10116,737,373.20829042246646,114950.54637557016,1
10117,737,374.209965054951,31344.16691861834,1
10118,737,375.2090159098307,9094.250964101157,1
10119,737,394.5110598874642,16826.970444620394,1
10120,737,426.2713564918155,12877.96179335458,1
10121,737,427.2555886801187,17470.084505353654,1
10122,737,436.2558228209778,22258.07100543347,1
10123,737,437.251526184082,28857.09122344971,1
10124,737,444.2823575042015,39939.69620088089,1
10125,737,452.22586800711497,13737.090792029245,1
10126,737,454.2662988779496,60050.09316007458,1
10127,737,455.26885414123535,17569.388666200637,1
10128,737,472.277085571289,74615.06799797057,1
10129,737,478.2485013975236,313885.4861859488,1
10130,737,503.2507493760851,15303.55623447748,1
10131,737,531.5145684293126,286383.4667527846,1
10132,737,554.4356027335933,337039.6410494245,1
10133,737,558.8905417212922,130221.84149091548,1
10134,737,567.3500031261909,24341.6464173852,1
10135,737,580.2931390059622,16156.405541135551,1
10136,737,588.2886619567871,23562.97171401977,1
10137,737,608.3131475033967,16759.485082840572,1
10138,737,637.2891813521737,242669.1239874429,1
10139,737,657.333548687874,21376.396026164926,1
10140,737,673.3283799694431,15750.117455267136,1
10141,737,723.3323063504869,13054.146506046904,1
10142,737,770.3722272259932,514492.8164029873,1
10143,737,786.3732308914413,14228.676362678189,1
10144,737,794.3707809448242,23597.16858491897,1
10145,737,810.3675339918871,21642.220833411586,1
10146,737,863.5163296708201,419838.6241053447,1
10147,737,867.3930337984268,26342.35596460839,1
10148,737,907.4495881733142,20748.834522146928,1
10149,737,908.4487873659295,11630.414664058362,1
10150,737,914.448651592548,72486.63489162739,1
10151,737,914.9495996935614,47864.55042358925,1
10152,737,923.4485305564992,25806.46992050392,1
10153,737,949.4473855154856,20489.355086735315,1
10154,737,953.7322744017456,46459.93744466388,1
10155,737,965.430391438802,22716.96942952474,1
10156,737,982.4244591849192,49298.86899239676,1
10157,737,1021.4852316720144,39153.73774937221,1
10158,737,1059.5468066444223,246177.40965584543,1
10159,737,1078.4934745922424,28756.52062345806,1
10160,737,1078.9945505626165,58208.11205690299,1
10161,737,1095.507487529033,53221.95391020904,1
10162,737,1095.8917857225829,176047.1640056443,1
10163,737,1096.5088952105978,35781.83059825068,1
10164,737,1116.8579931073468,321346.59521213523,1
10165,737,1135.5348151711858,72512.27058646258,1
10166,737,1159.5740363798946,53512.90500705213,1
10167,737,1160.5732914439418,32633.369761684484,1
10168,737,1166.0412628509634,229506.38024512044,1
10169,737,1173.552215576172,23526.32020950317,1
10170,737,1174.5510639391448,20069.99126343978,1
10171,737,1175.5710110951618,79733.8521419663,1
10172,737,1176.5730365073844,72534.00954489512,1
10173,737,1177.5712974234802,40012.522998548535,1
10174,737,1185.0700044853745,57454.05332955649,1
10175,737,1185.571185232579,64405.04235980155,1
10176,737,1186.0705882884838,48490.24655754183,1
10177,737,1194.5709209139384,42816.74763609871,1
10178,737,1206.1927756501127,177222.07950836318,1
10179,781,129.10371245485445,91920.3023103682,1
10180,781,130.0868399880149,17842.008219424162,1
10181,781,130.17347497055212,8862.485776920908,1
10182,781,143.0816194487781,10812.551761348072,1
10183,781,147.11253957440775,26528.644681130685,1
10184,781,161.09206458365563,14055.511392650038,1
10185,781,171.07626427544488,26248.799327717887,1
10186,781,175.1186521742079,14534.371902974446,1
10187,781,183.1493495443593,12414.16792264192,1
10188,781,186.12387325889185,11470.860196705868,1
10189,781,189.0870676040649,28283.86902586619,1
10190,781,201.1237543741862,15572.289582920075,1
10191,781,204.13437140860208,34616.78008805252,1
10192,781,213.08709595420143,9071.730699539185,1
10193,781,228.17062607310177,31720.966481414496,1
10194,781,229.1182423182896,12323.519405691964,1
10195,781,231.0975351235301,13826.016026369076,1
10196,781,241.08214763884848,12835.29498859162,1
10197,781,259.09236068725585,43835.10071860552,1
10198,781,261.6880009069464,199288.2406359888,1
10199,781,263.95866409508415,108461.6418866985,1
10200,781,300.1186113430344,46623.34931684086,1
10201,781,305.1825377301472,51449.42256080813,1
10202,781,318.1296630859375,31587.073501793544,1
10203,781,340.1505971272787,14660.412400521172,1
10204,781,358.1623243134597,33019.918325226885,1
10205,781,411.1507368977864,11569.45836980184,1
10206,781,416.2141320800781,11838.14248588562,1
10207,781,419.17712882713033,22955.12302773087,1
10208,781,429.1621739121734,40414.34377651527,1
10209,781,447.1720360445689,163005.93923040183,1
10210,781,448.1748573585793,28304.854894030537,1
10211,781,490.26338468640057,46392.45972452732,1
10212,781,491.2666459825304,11046.63801059723,1
10213,781,518.2466724102313,33395.82723727593,1
10214,781,519.2499659946986,11670.389370945522,1
10215,781,528.2304566295435,32542.147835318923,1
10216,781,529.2320548044124,11598.054133025693,1
10217,781,546.242431640625,74350.0249119294,1
10218,781,547.2457256706393,18336.43623641073,1
10219,781,603.3474538428152,21999.961165159177,1
10220,781,650.3494281620942,46988.18827231356,1
10221,781,650.8509489360608,31635.860115988213,1
10222,781,717.3896377563476,21890.472141043345,1
10223,781,846.4314980611314,38146.09951448093,1
10224,781,847.4325883195207,19752.208714304743,1
10225,781,867.4306369357639,19217.886440065173,1
10226,781,922.9664987100138,453409.9654923516,1
10227,781,923.4684250008348,567682.0200497879,1
10228,781,923.9674758911132,148154.15301053863,1
10229,781,961.455248260498,30526.37557792664,1
10230,781,1153.587626139323,26762.069751739506,1
10231,781,1154.5714885752689,29649.50123670024,1
10232,781,1171.5943204012783,279679.2160866015,1
10233,781,1172.5963541666667,168980.13077486478,1
10234,781,1299.6903183094776,76941.06314398773,1
10235,781,1300.0656094463002,391999.8651356964,1
10236,781,1300.6907338109509,47394.02277611042,1
10237,797,101.0710868173941,41784.57713205415,1
10238,797,102.05517618148052,24010.837462103173,1
10239,797,104.05302657204112,14420.210219284583,1
10240,797,110.07106368907176,46055.53817128091,1
10241,797,111.38789436848958,15336.208482869466,1
10242,797,112.08721618021816,9999.042995421354,1
10243,797,115.08684310121107,15762.398073348208,1
10244,797,116.07067165290732,11798.88557781942,1
10245,797,120.08215586344402,49120.88703859769,1
10246,797,121.08440035651712,7561.306667283002,1
10247,797,127.08676457500076,24736.27714833416,1
10248,797,129.06594480655585,23627.061346023413,1
10249,797,129.1039093262208,49759.52390002631,1
10250,797,130.08812459309897,14609.503551518232,1
10251,797,130.1056945984622,5819.301551715437,1
10252,797,131.11754666099066,12377.04821296885,1
10253,797,133.04355989653487,12575.20020859817,1
10254,797,136.07496841499088,51273.336686686016,1
10255,797,141.06593767103257,8813.074284626888,1
10256,797,141.10221886268027,15474.637411931844,1
10257,797,143.1173325498661,16711.229080462883,1
10258,797,145.0963031832226,57991.4121791903,1
10259,797,147.11246368901558,24686.727250308417,1
10260,797,155.0821967186866,21125.24581658995,1
10261,797,155.11744159200916,9047.148290717085,1
10262,797,157.09655773877148,10395.705984533546,1
10263,797,157.13329343795778,23770.78103892803,1
10264,797,158.0920310106106,14662.572951767972,1
10265,797,159.07655252503957,9827.706076448614,1
10266,797,159.09156303139,44269.6022450107,1
10267,797,159.11240837144555,19584.38195344676,1
10268,797,167.02657435797852,269676.9459202173,1
10269,797,167.08479902479382,11996.457737896177,1
10270,797,169.09693063589242,18199.73899475978,1
10271,797,169.13346323933635,20608.35719515393,1
10272,797,171.07605497572158,19155.00986813439,1
10273,797,171.1127478427574,13221.920538017395,1
10274,797,173.09196887155954,132976.67928040877,1
10275,797,173.1282818756956,24202.227553319663,1
10276,797,174.09509913126627,16766.87216083209,1
10277,797,175.1179893604223,61873.06431847724,1
10278,797,176.12220714618633,6371.542385349026,1
10279,797,181.0610329398896,14133.994319723972,1
10280,797,181.0967486864068,13411.442693869903,1
10281,797,183.11272566218207,20621.051036249857,1
10282,797,183.14908345540368,19075.09128119903,1
10283,797,185.09196229537048,14823.883398227894,1
10284,797,185.1283041595653,30106.42713945079,1
10285,797,185.1648652969306,17775.476945015034,1
10286,797,186.08775687617296,14364.246856513637,1
10287,797,186.12412048016907,9025.34552169477,1
10288,797,187.07125342873965,14473.298353122262,1
10289,797,187.107710342062,17358.743175290827,1
10290,797,187.14431004981472,23961.52927050525,1
10291,797,195.075838198607,15191.73035485717,1
10292,797,197.1284050704366,14464.932597846617,1
10293,797,198.08742705869005,11107.588820476489,1
10294,797,199.0713656289237,8255.652338936216,1
10295,797,199.1076075413844,14452.822271116964,1
10296,797,199.1811815571581,16046.414164003145,1
10297,797,200.1390871278043,20987.25926087896,1
10298,797,201.0872018682132,10798.70316494636,1
10299,797,201.12381019592289,22156.723692142965,1
10300,797,204.1341753959656,9946.427110922335,1
10301,797,209.0916972663832,15071.258168981682,1
10302,797,211.14439260883697,13839.962159348142,1
10303,797,212.1032143428408,15782.455655484364,1
10304,797,213.08710709469025,13042.998686014054,1
10305,797,213.1586120774074,15906.14505038604,1
10306,797,215.1378214432746,22631.97894636924,1
10307,797,216.09757559640067,8134.169243502926,1
10308,797,217.0840771993001,7987.809721367889,1
10309,797,217.13349940165057,88298.21931849052,1
10310,797,218.1361083112444,18323.239556236265,1
10311,797,221.12843204679945,18679.278919702483,1
10312,797,225.12365615307985,7855.509210600925,1
10313,797,226.11815426475124,24383.522040916745,1
10314,797,227.10282905540657,10358.192926720008,1
10315,797,227.1750086004084,12053.531813876514,1
10316,797,228.1340996636285,17390.247378455268,1
10317,797,229.1172703142208,8689.04628238594,1
10318,797,230.113459672599,30417.926369640743,1
10319,797,240.09756559484143,27599.496059688867,1
10320,797,240.13411766914143,13422.013079040718,1
10321,797,241.15448017609424,21527.59252351828,1
10322,797,242.150320112335,19710.2262634846,1
10323,797,243.1333571925308,13342.287298896095,1
10324,797,244.09268727022047,10915.010159636746,1
10325,797,244.12993856576773,5237.984530815711,1
10326,797,244.1658271566096,11781.134548219175,1
10327,797,245.1285578087916,53483.11877167135,1
10328,797,246.1304522278488,19364.681343734905,1
10329,797,249.1236714222392,11576.251883620122,1
10330,797,254.14998263214272,8035.239452741533,1
10331,797,258.1083632156312,26644.151515176643,1
10332,797,258.1454521270387,10503.430535039104,1
10333,797,260.1966663561369,9218.133046601948,1
10334,797,268.1655897000135,23818.207192842063,1
10335,797,270.1457396797512,21559.325235848843,1
10336,797,272.16986066445537,10824.667726819544,1
10337,797,286.14802612921204,9969.868598966888,1
10338,797,286.1760917188029,28499.46617101654,1
10339,797,288.2032165527344,8753.475120747147,1
10340,797,328.16533256063656,10031.099076037504,1
10341,797,337.1506811124142,87905.34591783541,1
10342,797,346.17583775674143,21143.51284223372,1
10343,797,383.2035839284649,21435.763449978283,1
10344,797,400.2298784003201,65245.60687272405,1
10345,797,401.2330290446349,17979.258924656006,1
10346,797,444.22371168870194,12875.48018200214,1
10347,797,474.2345496503822,18631.21513683765,1
10348,797,492.7482644357989,60808.990984941855,1
10349,797,493.24858523637823,41519.02469141055,1
10350,797,501.7534971104359,141517.36468119075,1
10351,797,502.2548033373937,90586.77323658812,1
10352,797,529.2722850328081,34532.54859013504,1
10353,797,558.2947650212113,24884.373830610704,1
10354,797,603.275916624605,20367.332935004644,1
10355,797,640.3066484001791,8914.777351160717,1
10356,797,657.3306750252884,43039.23943362485,1
10357,797,658.3322876678116,22027.1760575744,1
10358,797,758.3774044883287,134679.2848629937,1
10359,797,759.3844577564913,54468.858821494905,1
10360,797,905.4472050847234,88201.62710978533,1
10361,797,906.4497041813594,48955.15124029316,1
10362,797,984.4895233348676,9139.482205967994,1
10363,797,985.473178084608,13928.540561136777,1
10364,797,990.7897140135896,64880.84043070532,1
10365,797,1002.4977340367964,303729.47280844155,1
10366,797,1002.5025517032836,307568.2616508987,1
10367,797,1003.5036384386894,187518.1338334205,1
10368,797,1004.5069380135373,58594.72791290283,1
10369,833,102.0553143149928,22615.73258548536,1
10370,833,110.07059024798907,90929.75244065755,1
10371,833,120.08230113334396,73124.49519682904,1
10372,833,127.08675416122529,24431.43191149108,1
10373,833,129.06713710321444,13019.616228128149,1
10374,833,129.1050477478175,888067.164729556,1
10375,833,130.0887074100045,48622.00613365197,1
10376,833,130.10638995992727,65330.49533185794,1
10377,833,136.0744785261743,49859.576458675874,1
10378,833,139.0874784744997,17254.044182405116,1
10379,833,141.10354095079097,19029.896069263523,1
10380,833,143.11638150269957,43939.57034462896,1
10381,833,147.1120984574439,73104.48678294437,1
10382,833,155.08374689495753,17674.035747618902,1
10383,833,155.11640783009796,14977.506714283512,1
10384,833,158.09158292729805,11394.951016575733,1
10385,833,159.07603130439404,18773.34272356972,1
10386,833,169.0962267216948,22968.85081938124,1
10387,833,175.11786566840277,44677.552924768046,1
10388,833,177.1032877247236,23860.135862718547,1
10389,833,185.1284681713308,46805.77026795249,1
10390,833,186.12436176353776,55696.288273583,1
10391,833,187.1080910177792,18203.03252101225,1
10392,833,195.1126872737233,27474.194980909768,1
10393,833,204.13384651002428,133769.06099590234,1
10394,833,212.1376779379965,55709.40273142863,1
10395,833,213.1246152760293,24262.22280283562,1
10396,833,230.1501433094096,99190.26813080593,1
10397,833,244.1662272941776,45767.51517367944,1
10398,833,253.1158840991609,50244.78485070055,1
10399,833,287.00536469742707,388529.640795578,1
10400,833,351.20354886865425,99276.29618934209,1
10401,833,397.70662451850046,69056.58308404287,1
10402,833,406.2182169060958,132058.19639655476,1
10403,833,438.2344543743581,67962.29867938762,1
10404,833,447.73562030214254,56152.9558431452,1
10405,833,456.7437245795067,205609.1370043248,1
10406,833,457.2473923736417,124102.19120070898,1
10407,833,525.2672183523702,77316.1418361181,1
10408,833,626.3135083457842,73623.62672659439,1
10409,833,665.3261793959198,96409.48501950304,1
10410,833,673.2201763435012,19184.32235619265,1
10411,833,683.3348125210769,741541.6739800405,1
10412,833,684.3364527318384,210102.41216027064,1
10413,833,732.5012968500062,496632.0179641822,1
10414,833,777.608035316178,266238.51797111984,1
10415,848,101.07121303625274,37475.31610648172,1
10416,848,102.05517547870504,41013.639223927465,1
10417,848,104.05303192138672,21122.242850732804,1
10418,848,110.0711378711765,71555.69321431305,1
10419,848,115.08682919505448,11977.35852270222,1
10420,848,116.0708013286505,11959.518407573614,1
10421,848,120.08263662883212,139441.689278069,1
10422,848,121.08431324351918,21620.53284090909,1
10423,848,127.08686884988116,13660.480366373296,1
10424,848,129.06631891628564,52389.88486074632,1
10425,848,129.1030044320189,81895.99377954743,1
10426,848,130.0500096424085,9477.63041361061,1
10427,848,130.06569463556465,16103.136299784846,1
10428,848,130.08707256503524,33614.48753279894,1
10429,848,133.04346169188432,28318.65172666286,1
10430,848,136.07472063404646,94537.21626553794,1
10431,848,137.07895573040912,11344.121824774124,1
10432,848,137.1105996676442,28419.74703712117,1
10433,848,141.0659050512566,9423.152447291784,1
10434,848,141.10235658842942,15448.99232568412,1
10435,848,143.08158556987786,15233.566376967236,1
10436,848,143.11756371311023,22282.65190361789,1
10437,848,147.07535745721114,47876.08826615183,1
10438,848,147.1123921394348,57761.24339437485,1
10439,848,155.08241672800548,10916.134450952331,1
10440,848,155.12747037208686,23952.9282034319,1
10441,848,156.59778453450397,45682.34947941122,1
10442,848,157.09696451822916,7985.558627491266,1
10443,848,157.1334945390809,20525.98687818995,1
10444,848,158.0916216067303,11821.33694178956,1
10445,848,159.0767762139933,10639.757113677775,1
10446,848,159.09162953921728,32675.685284001487,1
10447,848,159.11232081821987,11269.50505429949,1
10448,848,167.0833682729237,8414.70128628745,1
10449,848,169.0970871966818,12492.7297482145,1
10450,848,169.13354716856787,17675.926532300702,1
10451,848,169.51036355579794,75931.88951990553,1
10452,848,171.01634120374513,35903.71552054056,1
10453,848,171.07609291770245,12861.189430569735,1
10454,848,171.11277986966647,24460.94049069918,1
10455,848,173.09213616191477,11311.23312825742,1
10456,848,173.1285480923123,31150.9572475398,1
10457,848,175.11832929141903,37946.08574905568,1
10458,848,181.0967467381404,57170.30881447058,1
10459,848,183.11290736607145,14468.082683677674,1
10460,848,183.1491874613372,21161.77466906348,1
10461,848,185.09205770348493,15343.086167326866,1
10462,848,185.12807480832365,53188.497428059214,1
10463,848,185.16481838385707,25436.85239625044,1
10464,848,186.08861534041588,15169.593189085374,1
10465,848,186.1243687724019,27246.715740497297,1
10466,848,187.07152276611328,11692.314233520508,1
10467,848,187.1077884620344,16477.204117036203,1
10468,848,187.14427885003047,135165.32238843024,1
10469,848,188.1475583115065,19515.030795014663,1
10470,848,189.0872271841023,14112.566593205323,1
10471,848,194.7928535133005,50733.428978968805,1
10472,848,195.0760949941782,16819.924590807695,1
10473,848,197.1285149048422,78092.907504055,1
10474,848,198.087349468374,12044.921438283462,1
10475,848,199.0713345274633,14081.57506085091,1
10476,848,199.1077875031365,31922.797269238366,1
10477,848,199.18102115538065,15597.178107393467,1
10478,848,200.13916908120208,14895.814460979318,1
10479,848,201.0871374988201,11750.649594246675,1
10480,848,201.1236050854181,39124.91546784246,1
10481,848,204.1344458229184,115026.87112070982,1
10482,848,211.10782916729264,10756.209343305,1
10483,848,211.1441601960556,20404.64572729028,1
10484,848,212.1032833461344,29083.203988061334,1
10485,848,213.0870648629325,15452.789472590855,1
10486,848,213.15899919316087,15968.690866503486,1
10487,848,215.13841813275604,97236.42981848586,1
10488,848,216.09781893643463,13477.964102117365,1
10489,848,216.1424465179444,17527.257008272667,1
10490,848,217.0842087443282,16162.918768999054,1
10491,848,217.13493829024463,38381.11997126975,1
10492,848,226.08269208391133,8969.679606161384,1
10493,848,226.1182105563651,22535.22326364338,1
10494,848,227.1028604613804,12253.875150177117,1
10495,848,227.1752671646198,11064.830180567596,1
10496,848,228.134290642342,20584.299548559884,1
10497,848,229.11721164941144,18641.949144081696,1
10498,848,230.1136959838867,19274.05164163589,1
10499,848,231.097148140945,10190.373831107792,1
10500,848,233.1650521075788,49396.47859856008,1
10501,848,235.1095126183677,13420.875833728302,1
10502,848,240.0978877277295,133184.39075929,1
10503,848,240.1340006187945,11458.453958771071,1
10504,848,241.0825854464694,29281.52536086349,1
10505,848,242.1503263531309,21037.41999916804,1
10506,848,243.1337004839364,24245.885892318467,1
10507,848,244.09271720229395,22237.379295860694,1
10508,848,244.16564356137627,24766.54314821932,1
10509,848,245.0766077700848,22905.50160051161,1
10510,848,258.1087694459607,105480.28956317484,1
10511,848,258.14488198206976,22252.33489493223,1
10512,848,260.1966988457574,9958.329247283937,1
10513,848,267.7855015286015,112618.53507888272,1
10514,848,276.1554234822591,22610.717337608337,1
10515,848,284.244610234602,67315.40523109319,1
10516,848,294.563881990243,31171.42071183697,1
10517,848,314.2075188702194,47676.31700200036,1
10518,848,374.76239954324586,38589.23224606119,1
10519,848,379.5468675207194,78988.57831676258,1
10520,848,383.19960511290935,49738.52275394605,1
10521,848,387.188191949365,16720.112956878336,1
10522,848,402.874155771293,24172.6937668297,1
10523,848,435.43988220564967,63412.74373262801,1
10524,848,450.65345225949136,83114.20761905912,1
10525,848,453.2906376347724,70956.27502289903,1
10526,848,466.2278294701079,15506.418799539431,1
10527,850,101.07125796275923,24546.030121217293,1
10528,850,102.05530334630778,13334.00815783881,1
10529,850,110.07126585818128,100636.40854767014,1
10530,850,115.05044069032412,16034.259966937916,1
10531,850,115.08676292605516,15348.981905216124,1
10532,850,119.04937235514323,9186.618320257485,1
10533,850,129.06607258020765,17377.004798506325,1
10534,850,129.10334314325803,93061.54886138056,1
10535,850,130.08657046638015,16500.02975293635,1
10536,850,130.1058027159493,8239.94016608952,1
10537,850,136.0744061980484,130154.08625193864,1
10538,850,137.0790613291215,13203.493596135351,1
10539,850,147.1126374889193,24367.24545409852,1
10540,850,156.07669193624594,14900.50731620514,1
10541,850,157.06081856246544,26583.333738096346,1
10542,850,159.07655510535608,9512.870659960234,1
10543,850,166.06116943359376,11223.925637591326,1
10544,850,174.08743085014103,47768.98027655047,1
10545,850,175.11851103692993,12765.702229491666,1
10546,850,184.0717063114561,7641.108175694258,1
10547,850,185.0556155840556,7665.9442131718,1
10548,850,186.0874858037663,10870.729421399385,1
10549,850,186.1237127538671,29375.002517455403,1
10550,850,195.0878317302169,13040.42206214456,1
10551,850,198.1237607074873,12138.55984127219,1
10552,850,201.08691518446977,8825.784722833072,1
10553,850,201.12334916975115,11709.375315179355,1
10554,850,202.0824195986889,54982.74779823178,1
10555,850,221.09194717407223,8533.503895300086,1
10556,850,223.1075891739283,6399.215885582948,1
10557,850,226.08292946240584,9281.925379354056,1
10558,850,226.11835798925284,40639.29979051863,1
10559,850,235.14403954621787,8707.712961018642,1
10560,850,237.13408203125,14901.90649738635,1
10561,850,238.1182542467331,9175.348464110508,1
10562,850,251.102551827064,8704.958360910416,1
10563,850,253.0928508399898,8734.447838281974,1
10564,850,254.0767394035093,6710.456891533636,1
10565,850,258.10486885670866,10338.948141569505,1
10566,850,266.161198598896,27006.41238174896,1
10567,850,267.6612304296249,7620.7652633373555,1
10568,850,271.1037219104871,24079.67230781441,1
10569,850,273.1554847130409,10007.085303151707,1
10570,850,275.12501233306256,22069.67388366879,1
10571,850,284.17143905497045,53886.56851641931,1
10572,850,285.1744786168004,10165.825727067551,1
10573,850,289.1142805487036,11720.766046166897,1
10574,850,320.12403798657795,7175.127332288165,1
10575,850,329.1457342138431,10014.808386102686,1
10576,850,338.1345000267029,9324.53675164779,1
10577,850,349.15100384702777,7135.794285396538,1
10578,850,351.1765444977115,8871.14385161737,1
10579,850,355.1613962990897,37928.75681077299,1
10580,850,356.1637795630922,9269.780085543369,1
10581,850,372.18815956653,6750.001991406293,1
10582,850,382.19485522073415,8369.37737302427,1
10583,850,382.3754633610444,98280.8143853296,1
10584,850,400.19266924176895,6452.249062837873,1
10585,850,421.23053087506975,39428.06491444905,1
10586,850,422.233660965285,11525.47614449537,1
10587,850,426.1978159172591,39373.2619202636,1
10588,850,427.202426260489,9931.647620137532,1
10589,850,434.166896646673,21735.5240612897,1
10590,850,437.21555432406336,8841.63697552681,1
10591,850,437.71333755272025,12605.316384135813,1
10592,850,438.2119641840853,8615.316208296264,1
10593,850,452.1764443267679,10761.337944514316,1
10594,850,466.2082513488165,14774.11569281852,1
10595,850,474.7355753267729,22213.679549807035,1
10596,850,475.2359092975485,13525.88800946232,1
10597,850,487.2268214175576,10117.29719049554,1
10598,850,497.2721791474716,10381.759603733602,1
10599,850,525.2668918185764,23800.83940786256,1
10600,850,526.2699507130873,10059.923477057642,1
10601,850,534.3144081852766,25876.826424688334,1
10602,850,535.3162808504972,10807.317219751532,1
10603,850,545.933599083169,13082.957253020944,1
10604,850,546.2678492619441,12466.16036275717,1
10605,850,547.7553176249354,13126.814476801344,1
10606,850,548.2543307573368,10409.4051315112,1
10607,850,551.2464073144994,8886.156888283824,1
10608,850,556.2673928516159,32953.52334367512,1
10609,850,556.7683614095052,19936.54457817549,1
10610,850,557.2687736960019,10841.998592432808,1
10611,850,611.31259839607,10851.817591071853,1
10612,850,627.3087275578425,9025.21108437318,1
10613,850,637.3088293075562,7037.10700660944,1
10614,850,649.3372629584995,16242.257065630974,1
10615,850,649.3435845320669,20168.45758161073,1
10616,850,650.3455433565027,8794.77636609358,1
10617,850,660.3260549991688,16677.813863145544,1
10618,850,660.6640404234541,12325.005999625995,1
10619,850,667.3267723480401,10616.4546342971,1
10620,850,688.3087572952406,24380.95846927768,1
10621,850,689.3110716481688,10474.193740602524,1
10622,850,698.3461419356497,15036.529245833346,1
10623,850,699.3445565027135,15004.855207836355,1
10624,850,721.3468802897136,13070.922528279623,1
10625,850,740.8490484470275,17868.069036400026,1
10626,850,741.0952547690026,18854.5273602708,1
10627,850,741.3482105967763,15042.72340116396,1
10628,850,745.1059421939744,35913.48545660367,1
10629,850,745.3500889085403,43697.07978582227,1
10630,850,745.6040283203125,28254.8452855264,1
10631,850,745.8508223412742,20264.066174251933,1
10632,850,746.3500124782986,16021.16351901584,1
10633,850,749.353061876799,115748.59056934556,1
10634,850,749.6074453235346,76596.91439715886,1
10635,850,749.8530282413258,92923.4021807652,1
10636,850,750.1097597868546,45678.442930802055,1
10637,850,763.38470932533,42623.38292352085,1
10638,850,764.3857058620783,18754.51849444432,1
10639,850,770.3737738927206,12946.23813676834,1
10640,850,792.3726398418476,10323.29714599213,1
10641,850,792.8728130390118,12846.889550939784,1
10642,850,802.3528316437252,17467.57062946804,1
10643,850,809.3895289945286,23029.492740681628,1
10644,850,809.8878978093466,12823.36760532856,1
10645,850,810.0524821811252,13968.878958384195,1
10646,850,810.3884070867942,17641.54987028895,1
10647,850,815.3914881021625,40364.13853201074,1
10648,850,815.7275865912771,45988.60153760295,1
10649,850,816.0639237055169,32391.04291295796,1
10650,850,816.3918910505303,23223.18414348388,1
10651,850,818.3954541241682,52587.2506758372,1
10652,850,818.8957474247102,46458.76014156957,1
10653,850,819.393803358078,23998.30260550976,1
10654,850,828.3679017184073,15662.591359579075,1
10655,850,842.3400151659314,46397.81977511864,1
10656,850,848.4114639847367,16881.38398747385,1
10657,850,848.749268562563,19469.028189833447,1
10658,850,849.0860185765508,11407.62146195369,1
10659,850,857.3929075933808,17062.789525995206,1
10660,850,857.8921793619792,13470.337085195688,1
10661,850,873.4279231728667,13261.448136482832,1
10662,850,874.4149264733768,16986.934593626596,1
10663,850,875.4098441714332,16075.68465583665,1
10664,850,884.4058154878162,20718.837762741816,1
10665,850,884.9059984046994,17180.720165107086,1
10666,850,885.4096445411143,14012.395689376675,1
10667,850,886.4092993951613,11540.83617661999,1
10668,850,891.4343160725326,20269.42471420508,1
10669,850,891.4445038865877,11459.54500503028,1
10670,850,892.9124954530856,32068.90698595495,1
10671,850,893.4129361414383,32726.632975148103,1
10672,850,893.9126493208636,19707.882175049843,1
10673,850,901.4134074509744,18737.152344212387,1
10674,850,902.4113519679734,16366.645022977862,1
10675,850,903.1064501426202,17006.164565518604,1
10676,850,903.4316555116236,17426.860666693712,1
10677,850,928.4478304279384,14072.824465965155,1
10678,850,930.4517780040044,13176.123517240369,1
10679,850,931.4344500917376,19931.69733723727,1
10680,850,931.4456966234292,21413.96552539908,1
10681,850,931.786072201199,23686.42781999376,1
10682,850,932.1144002278646,33270.96896400262,1
10683,850,932.4478224921472,32420.99786597183,1
10684,850,933.4462534586588,11597.52253931219,1
10685,850,933.9343444378708,18492.319427323167,1
10686,850,934.4338387882008,16382.60822094188,1
10687,850,942.4481318463636,34505.60531170937,1
10688,850,942.9483775823888,34153.31271273653,1
10689,850,943.4486401565676,24423.15662898862,1
10690,850,948.465082965598,78708.85755889628,1
10691,850,949.4674269569604,41238.04505695101,1
10692,850,950.4517725256104,16626.108908463786,1
10693,850,950.4671956380208,19589.47651694969,1
10694,850,954.4697460033276,11739.328713989258,1
10695,850,961.1276264310632,19714.0064019737,1
10696,850,1016.445783532184,25178.64453078975,1
10697,850,1017.4478095756782,15977.401893280365,1
10698,850,1087.4737016306628,22684.004746712293,1
10699,850,1094.5072691812682,27556.308806402834,1
10700,850,1111.5282537286932,69815.94026125352,1
10701,850,1112.5299580260094,41819.95798608531,1
10702,850,1113.5292351462624,17434.26267034357,1
10703,850,1154.0515965703707,14372.556893818411,1
10704,850,1154.552070756392,17654.731343980267,1
10705,850,1174.510923508315,19025.59311885722,1
10706,850,1210.5909219159337,19634.416318762087,1
10707,850,1231.5338092960724,24068.996966113784,1
10708,850,1231.5466283849769,21326.21423463564,1
10709,850,1232.5322833393896,16184.397827488508,1
10710,850,1359.629868356805,19639.826375183307,1
10711,868,101.06983003348036,13716.955110925544,1
10712,868,102.0553064043996,21650.920959428684,1
10713,868,104.05315060745416,18122.7424765264,1
10714,868,110.07132811386896,62295.75208952652,1
10715,868,113.06893349597804,14100.875733253515,1
10716,868,115.08690940356644,15461.461488129662,1
10717,868,120.0828551300859,105788.75548719558,1
10718,868,121.08445209765252,14633.68195086763,1
10719,868,129.0660737733583,11227.645420919882,1
10720,868,129.10275159074587,27555.73600122426,1
10721,868,130.0654052734375,27612.024000331334,1
10722,868,130.08740691641643,15752.494974291674,1
10723,868,136.07511936377617,33578.339058129495,1
10724,868,137.1118968862348,14334.37235091218,1
10725,868,141.06633187088312,42451.431593980975,1
10726,868,141.10246633600306,26461.931534113708,1
10727,868,143.1172177097639,16503.771967269502,1
10728,868,147.11240100333703,14737.080458245884,1
10729,868,149.04572569550913,11159.026386195888,1
10730,868,155.08258585686232,11536.34374110368,1
10731,868,155.12723965798654,15439.501085810123,1
10732,868,157.0949423374274,18260.93954533593,1
10733,868,157.13323906489782,16390.289608729738,1
10734,868,158.09215333726672,16887.405300202194,1
10735,868,159.07618369347853,19309.795608011416,1
10736,868,159.0918547848621,125555.08557186356,1
10737,868,159.11231502863146,121162.6539787728,1
10738,868,166.08701705932617,27848.819496124983,1
10739,868,167.05472398078305,27095.79156559912,1
10740,868,169.09521421667648,24683.31483310608,1
10741,868,169.13318553637433,40327.2512536736,1
10742,868,171.11260797223474,31862.47406036273,1
10743,868,173.0918195771008,9300.021014353124,1
10744,868,173.12847156173612,16008.155026305672,1
10745,868,175.110703796723,110698.0144750054,1
10746,868,176.1109472910563,18925.38784570353,1
10747,868,181.09590584891183,14453.44143372127,1
10748,868,183.1126367229305,14040.735006505496,1
10749,868,183.1492325608079,22502.72401265984,1
10750,868,185.0918669226574,36734.590169761614,1
10751,868,185.12808049868232,42307.202023104444,1
10752,868,185.1648330910908,19661.86473294806,1
10753,868,187.10780927870007,94558.36822999392,1
10754,868,187.14405362240905,20259.70944585027,1
10755,868,194.62686152109592,184074.38007686145,1
10756,868,197.12847317723785,42424.03070013634,1
10757,868,199.1077600999312,35297.17685720271,1
10758,868,199.1810213302197,23175.38887252981,1
10759,868,201.1238355331984,23993.615164022187,1
10760,868,211.14431717071025,21535.36404422748,1
10761,868,212.13869757401315,20195.87664978128,1
10762,868,213.15883583858096,22631.41883450541,1
10763,868,215.1029604398288,26770.67978290411,1
10764,868,215.138443724124,26569.3796286897,1
10765,868,217.1340413034698,25677.27337612046,1
10766,868,221.08719792441715,14053.706620715911,1
10767,868,223.06368240202315,7638.06429705957,1
10768,868,225.042872814422,6558.387859303901,1
10769,868,225.98945840751583,61162.176447111895,1
10770,868,227.1752330070764,22438.61026983884,1
10771,868,228.1341847639817,13612.097326668409,1
10772,868,229.1170791625977,14556.85317937244,1
10773,868,233.16507206967003,12008.218555726504,1
10774,868,239.0946719247964,14809.442398784518,1
10775,868,240.13409617795784,22384.174099856176,1
10776,868,242.1498710589701,14020.499608215672,1
10777,868,243.1320642089844,16342.481811904909,1
10778,868,254.14972869274663,89773.6738215914,1
10779,868,255.15139826761413,20232.27398341921,1
10780,868,262.1385132139595,26856.88793926334,1
10781,868,272.1658569682728,8795.867094733498,1
10782,868,280.16526686037827,24141.90627284649,1
10783,868,281.05084205219765,12041.424608186911,1
10784,868,298.17596624739406,39723.67369704748,1
10785,868,298.2104211425781,67027.49424450874,1
10786,868,299.0619038441142,97657.63437260174,1
10787,868,300.0623181814171,25731.3170410524,1
10788,868,302.8796598491431,297571.59573506657,1
10789,868,305.1812695400412,164056.56936183423,1
10790,868,312.1550308076462,136191.32310028077,1
10791,868,313.1553443415248,40980.747244621394,1
10792,868,314.17100358105864,23124.38932913035,1
10793,868,328.1866963430235,44020.42191860618,1
10794,868,329.1843445899728,25158.494399058138,1
10795,868,331.5993635124494,190199.39287486213,1
10796,868,344.97620877352625,17659.922622882958,1
10797,868,359.0283223541689,18069.860035429538,1
10798,868,369.7232052855696,31804.7568182448,1
10799,868,370.2246618270874,15659.25489768982,1
10800,868,383.2292124693876,53903.12150852421,1
10801,868,395.191767551588,32064.317847674825,1
10802,868,405.2430603027344,17210.04173102379,1
10803,868,411.2233972530554,128538.42104551864,1
10804,868,412.2257892044012,45990.57335489321,1
10805,868,413.2026402027864,119663.72171809257,1
10806,868,414.2054925465862,39756.01990496417,1
10807,868,415.0363106105639,31440.1588889744,1
10808,868,429.2340811556402,26323.380117142755,1
10809,868,439.7524218839758,25624.075796800505,1
10810,868,440.2529147426778,15629.345191278577,1
10811,868,441.2701456705729,29322.27679200349,1
10812,868,445.6077864300668,122032.68985764006,1
10813,868,465.1969770838003,38005.71825011832,1
10814,868,475.2888840466011,22390.33534338416,1
10815,868,475.8335891519366,167046.5435801136,1
10816,868,477.43340782615087,144825.78293555658,1
10817,868,480.3318000756825,279315.3274016028,1
10818,868,480.3718804605254,25248.9877495112,1
10819,868,484.1776163122988,98646.75013222496,1
10820,868,484.2759326046995,69447.36336421722,1
10821,868,494.25812595173466,57606.27250567937,1
10822,868,494.2618983069132,60196.29496726103,1
10823,868,496.3140963260258,27251.227207905777,1
10824,868,503.1073193359375,8474.099134172711,1
10825,868,512.2703716212432,242418.9575799537,1
10826,868,513.2735728518013,77716.50718696427,1
10827,868,524.3077499292044,85275.55778559946,1
10828,868,525.3107650234672,40738.468922140026,1
10829,868,564.2667923799921,35367.32560425631,1
10830,868,580.3333763485863,34366.69765908377,1
10831,868,581.2904636985377,41402.910197810124,1
10832,868,595.3449254086144,25247.974503527188,1
10833,868,597.3578080802129,85693.65430602808,1
10834,868,597.3624583277209,49840.15301754831,1
10835,868,598.3644590273008,29525.564083015524,1
10836,868,599.8610501234148,279194.6733549652,1
10837,868,607.3451958450617,70859.47316199658,1
10838,868,608.3477745951622,38155.24606853584,1
10839,868,617.1418171099814,281517.22387283173,1
10840,868,625.3551380054371,298779.7963646848,1
10841,868,626.3571910997376,112016.9754084427,1
10842,868,637.3917079571166,50954.78361118296,1
10843,868,638.3934757883956,28605.45254370061,1
10844,868,641.8766182413578,81131.06130565313,1
10845,868,648.6050797363351,219284.64629856712,1
10846,868,670.8318346365164,227739.61478327293,1
10847,868,674.8828155882468,100991.5536077026,1
10848,868,676.5609588300077,233265.5143900204,1
10849,868,677.3504983653193,27774.28819032752,1
10850,868,678.3712036132813,26604.847232532506,1
10851,868,694.3748287985511,45748.29229974408,1
10852,868,696.3897786912971,22315.759216740145,1
10853,868,708.4280246492214,35092.88076713333,1
10854,868,710.444428620515,35170.96439300349,1
10855,868,720.4283394853164,51239.387172555,1
10856,868,721.4300430140545,28442.18007281392,1
10857,868,738.4371699904302,124742.85060853056,1
10858,868,738.4422238977944,39288.599578927206,1
10859,868,739.4438001844618,59185.89528375202,1
10860,868,791.4657079344655,40901.10413809191,1
10861,868,809.4730389243678,39453.28511293311,1
10862,868,833.0407740020133,152062.88556999047,1
10863,868,862.4347647189164,16559.84153345067,1
10864,868,865.7097270741134,14788.652737212567,1
10865,868,878.4949609921001,57732.485451146815,1
10866,874,120.081784156061,42607.70884655368,1
10867,874,136.07539084649855,32519.743625210176,1
10868,874,147.11255387336976,8736.078577349263,1
10869,874,157.13349013730704,27398.207945674298,1
10870,874,158.0919013671875,17005.876450073243,1
10871,874,159.0914965662463,9055.245424731023,1
10872,874,173.12866667587392,8399.575354596995,1
10873,874,175.11818794312515,50582.99494216112,1
10874,874,183.11256992115693,15941.157123419818,1
10875,874,185.12843336500563,32092.017979355547,1
10876,874,185.1651198590388,38923.93718830484,1
10877,874,199.1815202501085,17376.59307808346,1
10878,874,200.1381009217924,26067.7985585354,1
10879,874,201.124063073135,9709.420883957931,1
10880,874,213.08700039855435,10005.302761322411,1
10881,874,217.1357243401664,11230.811000683478,1
10882,874,227.17515637501177,11378.715757278074,1
10883,874,228.1337223307292,36041.95247213576,1
10884,874,235.14435010078623,12028.34456585615,1
10885,874,284.1963893027201,14701.874845462991,1
10886,874,296.1956361180587,13833.645005603488,1
10887,874,298.2121681761897,19528.96110502256,1
10888,874,321.1555846578257,40023.6667418549,1
10889,874,338.18251633261616,38426.64235813733,1
10890,874,420.2243449707031,19825.844521377563,1
10891,874,424.1698778346627,27441.792837428475,1
10892,874,437.2509923772773,65193.81814045462,1
10893,874,438.25378771795744,20686.65316070336,1
10894,874,459.7062216864692,15266.924706494368,1
10895,874,473.704287257339,30482.03821364894,1
10896,874,474.2058093163275,13140.189735989416,1
10897,874,509.2229744814297,51081.12927089018,1
10898,874,509.72447967529297,28073.790722370148,1
10899,874,537.7345778097318,25974.51984090129,1
10900,874,550.3344536569796,116064.76861299152,1
10901,874,550.7416242972884,211005.6806583909,1
10902,874,551.2436835844935,103338.60566259448,1
10903,874,551.3345809856635,41019.42400196335,1
10904,874,551.7445966547185,35293.20550810207,1
10905,874,559.7463887988719,121900.48835891244,1
10906,874,560.2475131052845,66204.68955542907,1
10907,874,560.7494015163845,26220.232490036225,1
10908,874,611.2691217595881,32454.24278375452,1
10909,874,616.2622750704405,108827.5206841328,1
10910,874,616.763355255127,72176.70782518387,1
10911,874,621.3713712046346,293819.2414212777,1
10912,874,622.3744342015262,94356.3800597372,1
10913,874,623.3756908979573,26388.63790430788,1
10914,874,625.2658320474361,94891.79134760905,1
10915,874,625.7672373112416,66425.73410095625,1
10916,874,626.2687030757239,32189.958044139617,1
10917,874,635.2525292054854,40349.23075205757,1
10918,874,662.5686347754303,189884.20164649724,1
10919,874,681.8085432381465,75367.29141134064,1
10920,874,682.3098541969476,55493.57150173927,1
10921,874,734.4551590795796,184021.3134373581,1
10922,874,735.4572136735117,67648.28540976753,1
10923,874,738.8290305624203,125923.85707196088,1
10924,874,739.3306010232043,102471.037191818,1
10925,874,739.8312296186175,49801.22497831072,1
10926,874,834.6438860772436,290811.58171485894,1
10927,874,847.5352907433974,24311.953533037573,1
10928,874,876.3677830182805,277346.80386958027,1
10929,874,1008.9762641906792,12569.741596892309,1
10930,874,1017.4345289963942,28229.608460235595,1
10931,874,1031.2175090356693,16097.683928440149,1
10932,874,1062.639254770928,96365.1147023922,1
10933,874,1095.1940498584531,13164.20488752109,1
10934,874,1100.473679272097,49912.89328168044,1
10935,874,1118.4869974772134,39762.30604464213,1
10936,887,101.07039216327183,22459.463552562112,1
10937,887,102.0549914042155,44613.57666953405,1
10938,887,102.92949906300296,189030.37631081787,1
10939,887,103.05481937157846,15990.29385520768,1
10940,887,104.05313522096664,18196.235957554407,1
10941,887,110.0707627773285,138154.93671886623,1
10942,887,111.0742546472794,12700.016450050549,1
10943,887,112.0873860704138,15560.830744073746,1
10944,887,113.07096432101342,9134.162471402076,1
10945,887,115.08689029737452,25097.98449224713,1
10946,887,116.07066494656593,18752.49175797295,1
10947,887,119.04926237448667,30830.345989364232,1
10948,887,120.0833910028022,233205.38224611367,1
10949,887,121.08449852092384,31958.04042308106,1
10950,887,127.08677775824248,16431.385184213297,1
10951,887,129.06621739771458,12465.972274433483,1
10952,887,129.1036600005191,74519.67849137062,1
10953,887,130.06588713161608,20976.260884284973,1
10954,887,130.08983614197632,23347.61016995833,1
10955,887,130.10591827662645,7236.686475939456,1
10956,887,131.11706889176568,12279.011010835153,1
10957,887,136.0744469579462,319824.93776636693,1
10958,887,137.07856183533275,39150.718336805294,1
10959,887,138.06652319921207,6964.145901601609,1
10960,887,141.0659169736116,8099.788629765096,1
10961,887,141.1027818793031,14904.361131894531,1
10962,887,143.1167442112753,85902.95629733066,1
10963,887,147.11197952224128,38639.8384519935,1
10964,887,155.0857919944907,17743.394070276223,1
10965,887,155.1171786934989,11636.369533800398,1
10966,887,156.0762822577294,10675.283316896315,1
10967,887,157.09574016541924,11779.486021900904,1
10968,887,157.10889279932007,7680.464836256845,1
10969,887,157.13308241642804,16297.412629427665,1
10970,887,158.05586579266716,9696.362216809215,1
10971,887,158.0921583751704,24455.7609398349,1
10972,887,159.07577051741353,13258.432105932345,1
10973,887,159.09143115628152,39352.53837454511,1
10974,887,159.11180127787793,8125.57290683241,1
10975,887,164.8720704180264,128871.8211110812,1
10976,887,166.0612252418031,9742.812257568889,1
10977,887,167.086328309955,12384.397909268466,1
10978,887,169.0966003979642,19192.57338747364,1
10979,887,169.13335793848196,10166.745297611087,1
10980,887,171.11245376999312,33817.124414409605,1
10981,887,173.09214945042388,25395.794747288342,1
10982,887,173.1284696250964,34643.97846992152,1
10983,887,175.0877655029297,7878.99806835468,1
10984,887,175.11724585964254,121216.68222953063,1
10985,887,176.12266556846905,11315.692848261664,1
10986,887,177.10338938322,30766.113090832456,1
10987,887,181.09617581087,9651.439408330356,1
10988,887,183.1127174283252,16815.285043598695,1
10989,887,183.1492644898192,12580.80213836567,1
10990,887,185.09173140654693,10311.685803490716,1
10991,887,185.12813621189284,32078.71339092669,1
10992,887,185.16506970618383,27738.92166106169,1
10993,887,186.1241384652945,14313.966149533917,1
10994,887,187.0879366787997,13476.143408905376,1
10995,887,187.10773785083325,12821.25259740012,1
10996,887,187.1442591087105,16209.714360817192,1
10997,887,197.12842742321536,17074.393981626923,1
10998,887,199.10769653320312,10605.753896135271,1
10999,887,199.18071963570333,23972.693695588547,1
11000,887,200.1387592586663,13048.077794434594,1
11001,887,201.12380986431845,55327.82157897949,1
11002,887,204.13423448450425,13562.541108117384,1
11003,887,207.0880626220703,9916.432627075195,1
11004,887,207.11236046456003,12823.01607045612,1
11005,887,211.1441440004291,9110.319084624449,1
11006,887,212.10365932934903,10712.064283687774,1
11007,887,213.08691383810608,7620.537365015815,1
11008,887,213.1590920141188,14796.715179475686,1
11009,887,215.1383671461289,18588.11238568996,1
11010,887,217.0914449526396,10080.757743936054,1
11011,887,219.1113649850868,8740.907790402332,1
11012,887,219.14924140449045,71059.8677999823,1
11013,887,221.12881455194383,24957.93286281768,1
11014,887,223.15486528669084,17724.734778159007,1
11015,887,224.1132259946881,7117.568859649427,1
11016,887,225.1233415363216,8590.66470035585,1
11017,887,226.1178171199604,14353.390626990882,1
11018,887,227.1039384206136,10339.476990826925,1
11019,887,227.1748394143993,12623.78389092807,1
11020,887,228.1337742591972,11788.788840108842,1
11021,887,229.1173498235597,46742.029820646974,1
11022,887,230.1136896042597,5423.038093076433,1
11023,887,233.16471828884548,19890.12300544315,1
11024,887,233.192304567552,31520.618795525017,1
11025,887,234.09801135146827,7263.140026209647,1
11026,887,234.16788426151984,6703.559621766762,1
11027,887,235.10862934419893,16256.342403692091,1
11028,887,237.1333808019964,12517.92692541307,1
11029,887,240.1342391967773,11114.867665863809,1
11030,887,242.14994647348527,17238.184546655888,1
11031,887,243.1331109060368,15725.364151444232,1
11032,887,249.1238442445413,15695.037320389709,1
11033,887,249.1589154952612,18099.076279371213,1
11034,887,251.1499965250993,21140.1283706637,1
11035,887,252.10904111206983,37560.35326210779,1
11036,887,255.10891647338863,7400.753171165784,1
11037,887,258.145110847414,10490.69968698191,1
11038,887,260.1965242173937,10676.156046507094,1
11039,887,260.64748040146713,8812.352257916307,1
11040,887,261.15745629731174,28458.907827839343,1
11041,887,262.2940719120564,86159.8702972031,1
11042,887,263.1027158371946,11235.829240190222,1
11043,887,269.16141149840377,33370.35859052784,1
11044,887,269.66213787488704,11318.60771128757,1
11045,887,272.1721456071972,9453.95172676154,1
11046,887,273.11873748779294,25859.7525126648,1
11047,887,277.15359681404675,8933.993004203643,1
11048,887,285.6369921875,18288.638076825824,1
11049,887,288.2027896810894,12138.745095750306,1
11050,887,290.1458499724094,32238.321802188915,1
11051,887,291.1476061099044,8316.578600391049,1
11052,887,294.1821546924207,13085.723386661028,1
11053,887,319.66884111284133,9859.498286891629,1
11054,887,320.1710062359103,15385.215270350822,1
11055,887,328.1825996681496,21643.32972500648,1
11056,887,328.68301765873747,10460.102096701568,1
11057,887,337.19637221590096,15531.7225579778,1
11058,887,338.1821333613709,32942.16179233746,1
11059,887,339.18564060756137,9278.493846620831,1
11060,887,342.17774541327293,21829.88048418194,1
11061,887,347.1831022183571,15032.954151763011,1
11062,887,350.69230529458764,31746.623013991084,1
11063,887,351.1916991067589,16400.48769973615,1
11064,887,358.186291164822,10016.315052668251,1
11065,887,358.9706698690155,27172.106334660188,1
11066,887,364.9529534486004,92130.47823274792,1
11067,887,365.19243742290297,22938.23973908493,1
11068,887,379.1706762420997,13426.414804865804,1
11069,887,415.7514207633174,107141.33112998187,1
11070,887,418.3268011436691,304671.8864522689,1
11071,887,420.1875870988176,19700.40534445273,1
11072,887,424.2294370973265,18468.905262219443,1
11073,887,426.2701079466633,18844.33645594232,1
11074,887,434.2139983431984,23225.15589756274,1
11075,887,437.2136436696752,139106.12086512856,1
11076,887,438.2165138134058,36375.37572893889,1
11077,887,452.22476172814,65568.79982663668,1
11078,887,453.2281185395536,18015.87889931216,1
11079,887,456.22568266270525,9795.137564158036,1
11080,887,492.25437345002825,13177.218612921866,1
11081,887,501.41079444945177,301459.45244521205,1
11082,887,527.1912488144491,293690.9937682374,1
11083,887,533.2724436884341,12501.968141141146,1
11084,887,537.3140053090469,18094.416273401588,1
11085,887,543.7818092828604,209700.3234945855,1
11086,887,547.2964495490579,16351.188282181234,1
11087,887,548.2882080078125,11113.24003352541,1
11088,887,550.2971110488429,123920.74493650957,1
11089,887,551.3031181850316,46362.84543052626,1
11090,887,565.3091571514423,60010.65748998621,1
11091,887,566.3117965782545,22462.98354015034,1
11092,887,570.2671810052334,14987.87378490888,1
11093,887,575.500324329035,261577.07748907496,1
11094,887,593.0524991528475,291105.75676832173,1
11095,887,671.5049632761927,15993.62688854202,1
11096,887,685.7399345701588,209846.5797445132,1
11097,887,700.3756408691406,13758.04020518177,1
11098,887,711.3508119936342,10311.436154754074,1
11099,887,713.364027566057,22416.782022987925,1
11100,887,714.366556238245,12235.243840323554,1
11101,887,728.3718397002859,22716.057054971912,1
11102,887,729.3734384310447,11655.708700923597,1
11103,887,737.2726364732663,43774.94930544439,1
11104,888,101.0710677143922,85049.46088454865,1
11105,888,102.05516001058464,43865.677298938885,1
11106,888,104.05298554391572,36968.05668334961,1
11107,888,110.07143488797274,103150.0243485686,1
11108,888,115.08685212445684,17781.543879221175,1
11109,888,120.08275492109964,300647.02649041923,1
11110,888,121.08434956109346,38581.045322551065,1
11111,888,127.08675553494652,28884.189424437965,1
11112,888,128.107114645151,81346.94169421073,1
11113,888,129.06597301223516,24135.10106583041,1
11114,888,129.10343530043116,127634.30793095406,1
11115,888,130.06573739281313,21844.60977001496,1
11116,888,130.08692731612769,46467.5687920008,1
11117,888,136.07471167904208,124526.88632666928,1
11118,888,137.07877011842365,18054.651405044748,1
11119,888,141.0657899001549,14353.619763920226,1
11120,888,141.1024804927376,28986.465382138715,1
11121,888,143.11756664303178,48034.845827183824,1
11122,888,147.1120413620845,76841.87914383001,1
11123,888,155.08243947583577,28508.126334008502,1
11124,888,155.1164355223206,25374.63799832196,1
11125,888,155.12838351341986,112300.22498042816,1
11126,888,157.0964673360189,18620.888537877647,1
11127,888,157.13332447579236,23264.89993214801,1
11128,888,158.09175258729516,23768.5658000853,1
11129,888,159.07631587982178,22699.83131442391,1
11130,888,159.09127985636394,58948.34753180445,1
11131,888,169.0967708539359,16848.15782926656,1
11132,888,169.13328633331446,33901.47873592837,1
11133,888,171.11261361544248,39231.69851738752,1
11134,888,173.0928305790342,13024.116707426929,1
11135,888,173.12858295173538,580603.6254626362,1
11136,888,174.13146315354567,73841.90498732543,1
11137,888,175.11805674904272,60856.61995905324,1
11138,888,183.11263483683268,46528.33203915596,1
11139,888,183.14933531388,61062.0988449304,1
11140,888,185.09168482401284,29884.89203684876,1
11141,888,185.1281456675956,81150.11063324049,1
11142,888,185.1649913990034,45106.68521291376,1
11143,888,187.07127326261912,20860.9121264177,1
11144,888,187.1078214870663,70638.70715724576,1
11145,888,187.1446632996893,46232.01754901379,1
11146,888,197.1285662923999,44739.6216020552,1
11147,888,199.07139839885903,15084.755550892232,1
11148,888,199.10802622591515,14142.05232749896,1
11149,888,199.18126130629216,103344.20740700608,1
11150,888,201.123985310552,329787.3290197167,1
11151,888,202.12687656217736,43974.156992340926,1
11152,888,211.14426926708725,60194.738642455406,1
11153,888,213.08704306011552,37495.49125404007,1
11154,888,213.15765351886992,26929.99331366564,1
11155,888,215.13763158461623,80560.44460653963,1
11156,888,217.08496856689453,36338.04701245546,1
11157,888,225.1235084533692,21277.365249022056,1
11158,888,226.1546341916348,62369.38366526872,1
11159,888,227.17467512907805,45972.83941517495,1
11160,888,228.13414855957032,29340.858473205568,1
11161,888,229.1172453694324,116424.20590939069,1
11162,888,233.16547819438733,48233.69079061935,1
11163,888,235.1092831293741,19509.073733869525,1
11164,888,242.1503003363073,28357.12163211608,1
11165,888,243.13331670875093,84142.47736858277,1
11166,888,244.16564251869136,185005.4566065841,1
11167,888,245.1687679986884,49993.10137392831,1
11168,888,258.14556410505963,22095.855723149067,1
11169,888,260.1964404987839,37397.615307427055,1
11170,888,312.1550721427463,26761.329252918826,1
11171,888,314.2077712046949,26622.825121740752,1
11172,888,345.21341856186,98550.03983449128,1
11173,888,573.3254370438425,133593.54065985428,1
11174,888,702.3664852280215,151625.07332951188,1
11175,888,815.4499983524253,379243.8924432591,1
11176,888,875.2411552339934,383871.53044955706,1
11177,889,101.07095545267003,99455.2029708801,1
11178,889,102.05515234810966,64272.47874264757,1
11179,889,110.07136484969584,105095.7930537713,1
11180,889,120.08313776072151,337806.60931923334,1
11181,889,129.10402854283652,83819.90151998732,1
11182,889,136.0748888050426,187302.2382409945,1
11183,889,143.11720464797247,80713.78162067958,1
11184,889,147.11225557549056,60827.06267973434,1
11185,889,173.1291378605975,641871.4069382118,1
11186,889,175.11758322464792,167316.77567577362,1
11187,889,183.1125832086877,51384.34815266162,1
11188,889,185.1656928042816,66026.34524419965,1
11189,889,187.14523620605468,177866.461547513,1
11190,889,197.12886161954967,70515.40791465549,1
11191,889,201.12439880371093,350843.1888157109,1
11192,889,215.13753337056244,219396.0997906681,1
11193,889,243.13288843350148,202045.6365891592,1
11194,889,314.20769724291426,64680.385235861846,1
11195,889,355.0696974012587,125723.60425333658,1
11196,889,356.07002600553994,72757.14923313177,1
11197,889,542.9079761321362,420130.7896917685,1
11198,889,567.2885260009766,219920.7549331665,1
11199,889,666.354397520727,237199.7461006204,1
11200,890,100.0762381302683,9109.957480781955,1
11201,890,101.07133942298324,30690.766371708767,1
11202,890,101.10775208377456,24701.33294539854,1
11203,890,102.0551831443207,47440.29818268136,1
11204,890,102.5114387008788,635040.6861808273,1
11205,890,103.0552506132754,6134.366608214235,1
11206,890,104.0531751268504,38141.46078333191,1
11207,890,107.04955203516954,25403.73296574184,1
11208,890,110.0707791189862,81693.26525933681,1
11209,890,111.07441916984598,7135.170441464439,1
11210,890,112.07600503439431,11392.034073494293,1
11211,890,112.08727838021736,8551.846738998978,1
11212,890,113.07108787641134,12954.92112752836,1
11213,890,113.9496052896132,188330.0308522737,1
11214,890,115.08691520486924,15010.44988526125,1
11215,890,116.0708278040732,12826.558231279929,1
11216,890,119.04954891820108,16373.318201803391,1
11217,890,120.0825583655555,113103.51237876824,1
11218,890,121.0845344699159,12177.789432403297,1
11219,890,126.05523039963072,10520.17252885427,1
11220,890,127.0507980750886,6491.130024436294,1
11221,890,127.08699313572475,23903.939239828927,1
11222,890,128.07081030903848,5755.431185189547,1
11223,890,128.10853452267855,95148.86541101208,1
11224,890,129.0670763267995,14542.98942126918,1
11225,890,129.10451568603514,698109.5737367121,1
11226,890,130.05003016828056,9952.673440082965,1
11227,890,130.06652390209595,18287.269459397045,1
11228,890,130.08751201282848,461535.0580964245,1
11229,890,130.1057768422811,16945.318466355595,1
11230,890,131.0855878840732,17464.832914018363,1
11231,890,131.1172418427049,10622.464957588598,1
11232,890,133.04364973661916,15273.95953318615,1
11233,890,136.07456210090666,181327.85063624647,1
11234,890,137.0788181923531,21512.54271563968,1
11235,890,138.5093321845946,169276.9868429924,1
11236,890,139.08685238486842,7115.961637838263,1
11237,890,141.0662304084458,16210.459570250823,1
11238,890,141.1024313175932,30485.11667600591,1
11239,890,143.0818060436388,15394.487149537916,1
11240,890,143.1176040362864,31702.028870739287,1
11241,890,145.06390058379813,11477.206447306367,1
11242,890,145.09598022757226,103079.92480869895,1
11243,890,147.04619733025046,12019.495763442095,1
11244,890,147.07106399536133,42180.33009460449,1
11245,890,147.11208546031605,1343300.343755403,1
11246,890,148.1160348397714,9424.997609021928,1
11247,890,151.40154773587332,1061003.3565493147,1
11248,890,155.08380989889497,21210.63939872297,1
11249,890,155.117374829355,20655.77381281869,1
11250,890,156.07605507590554,10493.133583484996,1
11251,890,157.06439465892558,9771.484161552118,1
11252,890,157.09650267624272,29705.57533059469,1
11253,890,157.13339828491212,34884.01712965647,1
11254,890,158.09134618464435,15277.479670088076,1
11255,890,159.07642514718012,27835.24454719662,1
11256,890,159.0915408250762,19529.98145140671,1
11257,890,159.11285394901853,28337.944507653763,1
11258,890,163.81500748776767,443685.9243707155,1
11259,890,166.06166932641003,8367.850229286567,1
11260,890,167.08391065926386,14691.79457726314,1
11261,890,167.79377028578955,355907.9186339051,1
11262,890,169.06223422533844,6113.138704900873,1
11263,890,169.0967355455671,28835.41022825241,1
11264,890,169.1336311496947,17807.145608504845,1
11265,890,171.0757734059381,9683.327958951884,1
11266,890,171.11291745265112,19347.289015038725,1
11267,890,171.1493687513398,18126.274261102444,1
11268,890,173.09234254830437,41226.3169892387,1
11269,890,173.12866602810945,159953.2237033497,1
11270,890,174.1314101800686,32027.358001662466,1
11271,890,175.08780100550587,23426.77740176447,1
11272,890,175.1180727599097,56967.65492686287,1
11273,890,181.09670135498047,11402.866854987144,1
11274,890,183.11279735565185,40017.5259692955,1
11275,890,183.14917525746463,20640.58103938352,1
11276,890,185.0921629532524,16393.595072118787,1
11277,890,185.1285385075112,38653.87111614894,1
11278,890,185.165117399645,33522.69847878568,1
11279,890,186.08875328270165,10076.96275053282,1
11280,890,186.1246697929468,7445.133498502581,1
11281,890,187.0715666402548,14605.14087536533,1
11282,890,187.1078271675653,24899.968492752465,1
11283,890,187.14432345465391,72520.81689886867,1
11284,890,187.3896879840857,911736.9416528434,1
11285,890,189.08696642108995,13028.06270131878,1
11286,890,191.0828182596556,38238.95190026727,1
11287,890,193.09627255526456,20726.01695278713,1
11288,890,195.075969257186,18289.29500512317,1
11289,890,195.11290249071624,10228.726705927598,1
11290,890,197.1285848665,53611.65382741103,1
11291,890,199.07139106912817,23150.37474084408,1
11292,890,199.1077273708957,12030.27058105202,1
11293,890,199.1810287416672,26740.15484699043,1
11294,890,200.13896861627472,11285.625223202922,1
11295,890,201.086638768514,9621.520471300397,1
11296,890,201.12401327502587,162335.46362615292,1
11297,890,202.12644477430825,38269.43588085832,1
11298,890,203.10575282505584,33624.77342385428,1
11299,890,204.1341089521136,11001.378733737129,1
11300,890,207.1122998295998,11441.42610333501,1
11301,890,209.09189046940327,11330.61661561778,1
11302,890,211.1083775492548,9757.98194086436,1
11303,890,211.1446451700356,11024.402586082855,1
11304,890,212.10384794871013,23299.358442846933,1
11305,890,213.08698629517065,14669.225214098797,1
11306,890,213.12371617718472,16996.5359078079,1
11307,890,215.1049756754132,24790.65467407067,1
11308,890,215.1384791945318,34444.23498375026,1
11309,890,216.13475241312167,12138.09304991001,1
11310,890,217.0866436958313,17908.962535786628,1
11311,890,217.1352675736316,62120.638654978,1
11312,890,218.15026787951984,27979.59357771972,1
11313,890,218.554365208055,713653.4201772794,1
11314,890,219.15093518741168,28336.266898610484,1
11315,890,221.12891085942587,27615.18286637341,1
11316,890,225.12347617845856,75499.26331036279,1
11317,890,226.11829874250623,23241.23716184828,1
11318,890,226.154756510916,18069.32610251421,1
11319,890,227.1025539521248,32965.437223772846,1
11320,890,227.1754463901039,13403.286929090484,1
11321,890,228.1343682526536,14260.989108050422,1
11322,890,229.1171478951813,47785.80405172117,1
11323,890,230.11407175064087,9456.623581910131,1
11324,890,231.09710908416133,22362.14597455607,1
11325,890,233.1289186129605,42708.69214396233,1
11326,890,233.16501740203503,12667.842166286777,1
11327,890,234.1448213284609,29629.4411045458,1
11328,890,234.21430419239644,1001059.2199463904,1
11329,890,235.10973791561216,17296.450609323565,1
11330,890,235.14476173802427,160109.79066467285,1
11331,890,237.1298111249816,33949.994422423166,1
11332,890,240.13443228403727,13221.503838825223,1
11333,890,241.08262019687228,11720.750336435109,1
11334,890,242.1506036611704,9813.608880053507,1
11335,890,242.18639067565505,429772.7359544404,1
11336,890,243.13370652973944,11645.046545958872,1
11337,890,244.0930098953781,11002.866293340296,1
11338,890,244.12962217785065,33675.940899655936,1
11339,890,244.16582068750407,40516.49338880535,1
11340,890,245.12974295231967,21738.71607551756,1
11341,890,246.1820773449573,16049.06741001842,1
11342,890,249.12481522098665,23121.853078128446,1
11343,890,251.1503649752564,15290.383898389851,1
11344,890,254.15058604273304,15292.194013187804,1
11345,890,255.1467235816453,21735.261305940367,1
11346,890,255.2823567704097,249820.7798038323,1
11347,890,258.1449621951941,17092.09455886995,1
11348,890,260.1969764288955,775792.7634291836,1
11349,890,261.15655364137785,13243.356219627338,1
11350,890,263.1376827821037,41111.105572706816,1
11351,890,263.37842227545855,77827.55895940193,1
11352,890,272.1253008455844,76320.1179599762,1
11353,890,272.17095582876635,67104.18763516554,1
11354,890,283.3542621872523,1281358.9287397405,1
11355,890,316.15101513287334,245662.10891564927,1
11356,890,325.187556977906,26752.98039444058,1
11357,890,332.5026736490105,1044771.0945494332,1
11358,890,413.35570096490267,1259037.9015357585,1
11359,940,101.07129396711078,13924.358436947778,1
11360,940,102.05526052066936,44432.48830129139,1
11361,940,110.06916598997256,22086.44758592689,1
11362,940,120.08223815917968,28965.277791666667,1
11363,940,127.05027620449512,31840.516344969885,1
11364,940,129.06611608983985,15143.698149905262,1
11365,940,129.1028086215635,32330.31359852658,1
11366,940,130.0495530614313,22308.149093340027,1
11367,940,130.0874652160849,11171.797242537788,1
11368,940,134.0454230758379,72131.20191804419,1
11369,940,136.0743372256939,53616.49287832471,1
11370,940,145.06098026774376,32927.695619637045,1
11371,940,147.11198910422948,19239.70827927797,1
11372,940,155.08211929645944,11008.902752685546,1
11373,940,157.0970342944482,40914.54854149733,1
11374,940,167.08190030365986,32261.87957045612,1
11375,940,169.13338216145834,81164.4294557409,1
11376,940,171.07610634207398,38654.8906685485,1
11377,940,173.05541592461037,79587.2407824807,1
11378,940,175.11816527244804,31285.32657841754,1
11379,940,183.1491996181585,67350.93424406403,1
11380,940,185.09207350088155,87854.2190138174,1
11381,940,187.0713825786815,18661.995182710536,1
11382,940,189.08697063555604,56674.15775906635,1
11383,940,197.1285133631089,89520.08039842044,1
11384,940,199.07134487962475,45350.46772959319,1
11385,940,201.12343219694543,21913.4120029512,1
11386,940,211.14415705817825,70911.93474602247,1
11387,940,213.08709395903887,11988.67783155564,1
11388,940,215.13840649045747,15091.399405446546,1
11389,940,216.09724249158583,14524.059834948608,1
11390,940,217.082876678206,197227.00848927355,1
11391,940,228.09762033602087,26448.80988751097,1
11392,940,229.1175452922953,17637.645361560513,1
11393,940,230.0768231457776,35239.31856525481,1
11394,940,235.0920352289232,334690.5294357861,1
11395,940,236.095118541198,26151.830275068023,1
11396,940,241.0821370632849,11456.251220154983,1
11397,940,243.133455365016,13666.75308200981,1
11398,940,245.0762567402404,26381.468282625265,1
11399,940,255.1088397022692,34141.647309846885,1
11400,940,256.0922776942717,45824.8425742242,1
11401,940,264.13392966134205,30595.29205160481,1
11402,940,266.150825533516,22741.653814644007,1
11403,940,274.10339974998533,65680.67742810542,1
11404,940,280.165789752683,35456.58386810923,1
11405,940,282.14506075167543,22323.9800834362,1
11406,940,284.08826718537705,23597.742308000896,1
11407,940,284.1615998239228,85939.30750123154,1
11408,940,288.0827809775748,50131.40614871136,1
11409,940,298.175487974896,26939.41634731772,1
11410,940,302.0975999527326,21371.5290879746,1
11411,940,327.0934945308801,33761.31034985275,1
11412,940,332.10849891863853,85060.00639246407,1
11413,940,340.1870373071231,101084.38928441369,1
11414,940,341.1090834702903,24154.221743574955,1
11415,940,345.10416186155385,66967.93818475254,1
11416,940,367.2340076446533,35701.87243271271,1
11417,940,371.1182513801419,47146.32730860807,1
11418,940,381.2132624679369,30965.72381911872,1
11419,940,389.130181143217,98174.1777013128,1
11420,940,395.2295848528544,65348.79404833168,1
11421,940,397.20809946662166,43264.86983748211,1
11422,940,410.1300497853283,30352.11847928337,1
11423,940,428.1422349253008,62773.46360547312,1
11424,940,439.2551652339467,30748.613381582392,1
11425,940,446.1514592259253,60538.88709254037,1
11426,940,466.2319820796218,25208.75387714065,1
11427,940,466.3029836847262,62096.37817728869,1
11428,940,494.29655399179103,74841.08515431588,1
11429,940,504.15662582782136,35843.61070673005,1
11430,940,524.2716783850128,82747.95143800456,1
11431,940,525.272979196194,20540.912206601253,1
11432,940,543.1678317132124,41404.50527572997,1
11433,940,561.1772257486979,62626.152987996735,1
11434,940,579.1883304055167,32660.83633413352,1
11435,940,581.2920482060681,33759.62481822271,1
11436,940,587.2301197881284,36997.35866658584,1
11437,940,595.3480342649063,39473.17417184812,1
11438,940,605.3290683442513,32885.18805910423,1
11439,940,623.3426145484091,121822.3746407698,1
11440,940,624.344778397504,43158.07554374022,1
11441,940,671.2929483164912,41765.273450669,1
11442,940,739.7671756377224,128519.18867782332,1
11443,940,749.3854425148886,71562.3907904625,1
11444,940,767.3918155445772,47444.98695854299,1
11445,940,785.3306060688262,61408.57496097192,1
11446,940,785.9766949778036,215909.5825649213,1
11447,940,834.2723363815929,42025.075594487775,1
11448,940,878.4262431870159,65686.61515749418,1
11449,940,896.4338280516243,87477.89016077427,1
11450,940,897.4339209901335,36623.962207436,1
11451,940,953.4534718705794,48632.96757612503,1
11452,940,957.3754365014248,79904.29565929194,1
11453,940,1068.4857454740084,106187.02373231007,1
11454,940,1088.2039362865012,62490.087158728784,1
11455,940,1156.8348337381055,317691.49860309024,1
11456,940,1224.4463491243444,249332.93884189604,1
11457,940,1240.5316693936174,166199.99307272586,1
11458,940,1241.5326696944564,95725.889305167,1
11459,962,100.33745571247964,24850.041751317807,1
11460,962,129.10244274139404,7156.285326242447,1
11461,962,133.0429597334428,4710.883306329901,1
11462,962,136.07554372151694,6098.060604042477,1
11463,962,147.11275235344382,6977.51162259719,1
11464,962,158.0924656080163,3609.792884494947,1
11465,962,171.14915444194406,6988.611542411472,1
11466,962,183.14922895587856,4247.301638587576,1
11467,962,186.0873732933632,5015.118240796603,1
11468,962,199.14413749880907,8247.805549900706,1
11469,962,211.1442793626052,5470.325661644569,1
11470,962,212.9388580582105,19612.79958132048,1
11471,962,227.10262162718053,6258.994417628197,1
11472,962,237.1345954563307,3372.563165747601,1
11473,962,260.1062306888768,6160.153788832367,1
11474,962,267.11624743891696,4378.896452361462,1
11475,962,285.1337263319228,4550.559970431857,1
11476,962,285.15606471470426,5480.8033973148895,1
11477,962,289.1326908064477,8043.178478476442,1
11478,962,290.1166273547757,5637.950822276453,1
11479,962,295.1112530048077,5509.751371765136,1
11480,962,298.1388481987848,11877.777691674612,1
11481,962,307.14371136537534,52321.33888606435,1
11482,962,308.1463437080384,6820.487865924835,1
11483,962,313.1514365456321,5769.455442116478,1
11484,962,313.18705637078534,21501.554549207187,1
11485,962,314.1899175876524,3791.474849700928,1
11486,962,356.2290481041218,5566.269757953183,1
11487,962,358.21210853726257,5377.33092177148,1
11488,962,384.22479756673175,13501.898223834569,1
11489,962,397.20777278159983,5423.860764233034,1
11490,962,406.2114436372797,20925.90720740785,1
11491,962,423.16959585794586,3851.9362959745454,1
11492,962,467.2752146166424,3111.80162074954,1
11493,962,481.2758235931397,5478.367621421814,1
11494,962,495.2709801517316,5310.732900363296,1
11495,962,569.2746054331461,22700.132722298305,1
11496,962,570.2766170058139,9907.581822594932,1
11497,962,621.7847198953573,28766.906303896776,1
11498,962,668.2640873835637,5999.471985523517,1
11499,962,690.3715902814147,4035.3784498211694,1
11500,962,691.3111036650988,6325.396665738554,1
11501,962,696.0523321047419,15319.943996434147,1
11502,962,700.3144447063578,27443.47943411202,1
11503,962,701.3149980024858,8760.54680813876,1
11504,962,741.4284124200994,5832.632605084506,1
11505,962,799.3858924278846,10066.573968153734,1
11506,962,815.3300240256569,4566.402734409679,1
11507,962,817.8906440734863,8302.89948018392,1
11508,962,818.3921423623729,7851.306367741075,1
11509,962,850.4907836914062,6142.72561438609,1
11510,962,853.4113431490384,17092.94966430664,1
11511,962,853.9116845703124,17846.397292175294,1
11512,962,878.4877663097162,16358.465799090503,1
11513,962,879.4904575632579,9522.44355923382,1
11514,962,951.7087081854478,24172.7682435542,1
11515,962,977.5538668118992,11744.244455242157,1
11516,962,989.558269978932,8067.780058341787,1
11517,962,1021.500494336079,16357.82896677066,1
11518,962,1025.4685603215144,11065.22397296612,1
11519,962,1034.866491569027,15722.54811647398,1
11520,962,1096.5138346354167,40574.47408242061,1
11521,962,1097.513951188427,25861.141899108887,1
11522,962,1211.5474446614585,11653.313993771872,1
11523,962,1408.6862825092517,26177.162289268093,1
11524,962,1409.6872063714104,22005.249975049817,1
11525,964,101.07139727943822,15851.230920624315,1
11526,964,102.0554190655144,11514.770278930664,1
11527,964,110.0715999926551,18151.743455919168,1
11528,964,115.08681249254532,17011.881590399124,1
11529,964,120.08157601033837,23730.075121886748,1
11530,964,129.10279014850485,25673.0428094272,1
11531,964,130.0653024820181,8690.936679033133,1
11532,964,130.08696838378907,7891.943414916992,1
11533,964,136.07557408949907,18515.5944444432,1
11534,964,141.10254157941367,5507.24891536752,1
11535,964,143.11802270910243,5967.045458867,1
11536,964,147.11282986908955,14037.422228744606,1
11537,964,155.081875370998,8303.894776288202,1
11538,964,159.0914525099791,37467.726572339,1
11539,964,169.0970309972763,8488.870032846928,1
11540,964,169.13365036182188,6236.158124945137,1
11541,964,171.11297280447823,5634.4392942311815,1
11542,964,171.1492363424862,48662.018167465125,1
11543,964,173.12865099990577,12237.154925965426,1
11544,964,175.1189168294271,16659.047457515833,1
11545,964,183.11287614411,7534.14047794716,1
11546,964,183.1493676298408,6498.52292108023,1
11547,964,185.09207313939143,6264.553841239528,1
11548,964,185.1283344692654,23682.460587536847,1
11549,964,185.1649568399806,11551.691011465278,1
11550,964,187.08723605120625,9073.558856964111,1
11551,964,187.1077640614611,9663.915719485452,1
11552,964,197.1286942915483,7710.731269142844,1
11553,964,198.12405631468468,8237.05931366596,1
11554,964,199.10781307496887,10807.619351221168,1
11555,964,199.1443517125068,36306.14653948884,1
11556,964,199.1810927391052,10679.172891537348,1
11557,964,201.12373706448463,14128.405350518997,1
11558,964,210.4740245076717,89194.4324066985,1
11559,964,212.1032828899345,5800.065466042721,1
11560,964,213.08712494239376,6765.328469522883,1
11561,964,213.1594835646609,16932.126378485496,1
11562,964,215.1388397216797,9129.112402906696,1
11563,964,216.0978555297852,9850.969489974976,1
11564,964,226.11852542192509,42379.19354373247,1
11565,964,227.1026790685821,20731.32576640168,1
11566,964,227.17556565807712,9190.864540592316,1
11567,964,228.13426971435547,32888.68173497518,1
11568,964,229.117858757407,7749.57821079836,1
11569,964,242.14996619985885,10714.318612234933,1
11570,964,244.0928225674472,24264.520588801457,1
11571,964,244.1656498859838,9387.160561871282,1
11572,964,246.12400574736543,23652.838302444627,1
11573,964,268.16579548905537,34864.77216294044,1
11574,964,270.14500552318134,7730.422685967117,1
11575,964,272.1721568037824,50838.23756014196,1
11576,964,273.175328805906,8160.50167366999,1
11577,964,274.1179120099103,52110.21797164029,1
11578,964,275.1229858398437,9496.389005726782,1
11579,964,286.1761397898523,30015.68040558028,1
11580,964,300.01885849031646,40069.908652871534,1
11581,964,300.169438288762,12289.780628556471,1
11582,964,355.17421840264547,13712.079534267024,1
11583,964,358.14344943299585,14628.395789788694,1
11584,964,373.1870880126953,11338.142147456898,1
11585,964,387.2032465807257,39477.44200224035,1
11586,964,388.2067494546213,10142.939681853017,1
11587,964,401.2149343708999,12774.096165081926,1
11588,964,404.14199518274376,16422.71048016018,1
11589,964,416.2273000694183,20143.71481520297,1
11590,964,416.7285372030855,12088.549194297406,1
11591,964,426.2499750015584,9466.32270528915,1
11592,964,444.26245777877335,8946.027442912466,1
11593,964,454.2452170289593,19727.00408973223,1
11594,964,458.2753278785777,10204.78238043384,1
11595,964,468.2626557402559,10524.791054526528,1
11596,964,472.2551701863607,12608.798228581749,1
11597,964,486.2714760384909,32252.474395603087,1
11598,964,487.2731837753422,12714.593930772511,1
11599,964,503.209458874118,10427.345202538276,1
11600,964,538.272841465326,19283.629384923865,1
11601,964,544.9360608214486,50690.686400440725,1
11602,964,550.418599118821,92171.08592485671,1
11603,964,557.3456716635792,12920.239445794488,1
11604,964,567.3298291015625,17109.949366353354,1
11605,964,585.3374119808799,29174.262488435445,1
11606,964,585.3431549072266,17169.233473510743,1
11607,964,586.345108207615,7888.573828395756,1
11608,964,629.2521246337891,17613.87065307617,1
11609,964,630.3144392047012,32271.20679621111,1
11610,964,630.8144269670759,21820.535488128666,1
11611,964,684.4076359296085,13531.009239524305,1
11612,964,734.3924853894138,18586.040628950726,1
11613,964,742.8695259094238,24947.85885620117,1
11614,964,743.3701782226562,23721.636199044708,1
11615,964,774.9203823363554,103268.63623247048,1
11616,964,778.5867393768985,46122.627613941535,1
11617,964,813.1947905664638,115182.30755910232,1
11618,964,831.4482047994724,115938.54218967298,1
11619,964,832.4503762888354,54668.542358143386,1
11620,964,833.4508356058373,15525.489075858635,1
11621,964,863.2019686433871,31017.40332764201,1
11622,964,902.4865642222323,38036.15253655485,1
11623,964,938.0657430833878,96073.59656361444,1
11624,964,944.4329024211016,35377.47115756498,1
11625,964,944.9354002503144,41171.52493812298,1
11626,964,959.10062999385,18687.0907535806,1
11627,964,993.970006606158,35521.900410970055,1
11628,964,994.471663254958,37870.95611768503,1
11629,964,1050.5120887756348,23102.91532611847,1
11630,964,1116.60081559708,10038.562776995685,1
11631,964,1133.7055922633408,73282.2034883206,1
11632,964,1245.4718769937524,103251.16810801494,1
11633,964,1259.6241396390474,94380.13800048828,1
11634,964,1260.625403538223,81137.18961302702,1
11635,964,1261.6262934520992,33976.5044423113,1
11636,964,1264.4361784816076,73308.70334328889,1
11637,964,1314.8340523992,85802.53577440552,1
11638,975,101.07128994542695,18076.035177440248,1
11639,975,102.05519401835885,13132.389750047165,1
11640,975,104.05238209728108,8181.6904494237715,1
11641,975,110.07096510667068,42072.60706867596,1
11642,975,114.8938101505732,41304.54180943452,1
11643,975,120.08229001489016,51191.902763079655,1
11644,975,121.08441528166183,9570.38269836734,1
11645,975,129.06618119782092,7557.490779562558,1
11646,975,129.10304058900817,48388.125516785294,1
11647,975,130.0662100655692,84826.35481802493,1
11648,975,130.08691466350265,20710.26743351709,1
11649,975,131.06872526012705,9637.054613133769,1
11650,975,132.0813027518136,42546.84823187524,1
11651,975,133.04349905042793,7640.004319617497,1
11652,975,136.07503320362943,72308.81585058101,1
11653,975,137.07875322275126,8129.869264060885,1
11654,975,141.06587909719798,5770.6764794355,1
11655,975,141.1025163401728,9914.167430186615,1
11656,975,142.0652581108941,11080.25171766493,1
11657,975,143.1174807548523,18117.94460662206,1
11658,975,145.0653694407918,6596.650715651121,1
11659,975,147.11238061273852,37863.72282769866,1
11660,975,155.08300700284997,9399.92098229856,1
11661,975,156.0808765308277,28412.114560513884,1
11662,975,157.0621337270349,5883.102039368172,1
11663,975,157.09357736356588,5883.093188367083,1
11664,975,157.13344638725928,11549.529132688178,1
11665,975,159.0761073568593,13428.135966453,1
11666,975,159.09099060812113,230830.6784586965,1
11667,975,159.10972308696097,6298.042570122465,1
11668,975,160.07583657004616,9608.06272294478,1
11669,975,160.0949191962348,22907.929730801054,1
11670,975,168.84959756976087,46944.552020381205,1
11671,975,169.09681876231048,8091.04667634479,1
11672,975,169.1334634729334,18171.779188774726,1
11673,975,170.0574671159711,44124.085325221015,1
11674,975,170.06072761967496,52064.76970007554,1
11675,975,171.0701478338123,10958.671076620778,1
11676,975,171.1126689475421,8907.504465286045,1
11677,975,173.09212704613094,7642.899380565825,1
11678,975,173.12851806457886,14890.489818915636,1
11679,975,174.0912624406226,13389.6525312824,1
11680,975,175.1183980845646,23555.779740027472,1
11681,975,183.09181759429217,12773.429833740694,1
11682,975,183.1126651839906,8356.79060238386,1
11683,975,183.1492194918638,9953.17753660613,1
11684,975,184.0747380802288,7461.516314580072,1
11685,975,185.05548706054688,8068.849563731704,1
11686,975,185.092097986213,7021.739336921659,1
11687,975,185.1280704074436,16058.183113778365,1
11688,975,185.16512220333783,8085.035003486862,1
11689,975,186.123918211862,13209.161336947023,1
11690,975,187.0712867420389,8843.829564261547,1
11691,975,187.08698532472667,14175.412574445914,1
11692,975,187.10763549804688,8729.07394842981,1
11693,975,187.1442740091464,11286.503256458189,1
11694,975,193.0967938321308,91073.38589410874,1
11695,975,197.12851323054383,17591.058704332205,1
11696,975,199.07117070378484,9315.376143846734,1
11697,975,199.1079607259541,5190.542818290401,1
11698,975,199.1811098930164,27228.41947564712,1
11699,975,200.1387680901421,15197.085494640138,1
11700,975,201.08657360076904,7635.066306129098,1
11701,975,201.1035453292924,14263.52504881929,1
11702,975,201.1234534523704,16016.77181212035,1
11703,975,202.08368833772428,6057.102681639431,1
11704,975,204.1341579540356,35441.39608791896,1
11705,975,207.11262278455368,13687.477752109284,1
11706,975,211.08728772744365,7207.040229564425,1
11707,975,213.0870590209961,9826.21201483685,1
11708,975,215.13508964684704,17354.392726742186,1
11709,975,215.1379519888071,17768.027057401217,1
11710,975,217.08592698838976,9719.333596547443,1
11711,975,223.1079540051912,7805.997448233555,1
11712,975,226.1180691276629,8615.260614456589,1
11713,975,227.1031606886122,6839.46262933943,1
11714,975,227.17491327150904,11294.617815533067,1
11715,975,228.11309244031105,22095.32699015208,1
11716,975,228.1336428693716,9918.857642692154,1
11717,975,229.09689061171343,20892.46627427283,1
11718,975,229.11741092566288,9684.27957457629,1
11719,975,235.10850328917897,8044.850516144289,1
11720,975,239.0820688370171,8687.336387450541,1
11721,975,240.13379056582897,11586.416319964554,1
11722,975,242.14995341720976,8176.324545534164,1
11723,975,243.1334059625609,12386.359540531776,1
11724,975,244.09279597889287,9375.631691564213,1
11725,975,246.1240652981698,28468.792027500644,1
11726,975,247.10831293713449,17015.45559971559,1
11727,975,251.10301531623392,8311.092950286118,1
11728,975,256.10834623379725,12857.59479858791,1
11729,975,257.09186698624234,50751.85806258044,1
11730,975,257.86136734761953,71740.04416218793,1
11731,975,258.0946159756061,9379.7408444906,1
11732,975,258.14513518930875,12969.098236707398,1
11733,975,260.19653834653707,6425.711762122894,1
11734,975,261.15658920112696,9375.198409343588,1
11735,975,274.1178668186003,34501.864357846425,1
11736,975,283.14406051116737,13971.543995775331,1
11737,975,291.1663377618693,71024.6157168781,1
11738,975,292.1686896740551,11859.252040473508,1
11739,975,298.1169224926549,11219.385455628746,1
11740,975,311.1381052482028,12843.739402290152,1
11741,975,312.5027054543458,194595.66911402924,1
11742,975,316.1289967504041,9245.70324643727,1
11743,975,326.1129640148532,18434.178272862588,1
11744,975,330.6281750397509,26602.101412414533,1
11745,975,343.1381649580158,18919.409096147192,1
11746,975,344.12457879699105,7794.208516356969,1
11747,975,377.14613624380416,11205.968303107416,1
11748,975,454.22954494460873,64889.606635215314,1
11749,975,455.2332646926777,15942.920482302672,1
11750,975,495.33960523881103,202248.5498476866,1
11751,975,516.1719131469727,12044.388263455145,1
11752,975,524.9008844481413,208082.3014372598,1
11753,975,585.2949772566732,103454.93625927792,1
11754,975,601.2971195850557,61182.62483396808,1
11755,975,602.3042475043403,21301.56498155382,1
11756,975,651.5409052974128,79016.10098831984,1
11757,975,660.4612052102789,126331.29420463138,1
11758,975,743.0457158893968,22931.25524456716,1
11759,975,760.0789524085046,161553.10891459003,1
11760,975,762.7770007632814,168705.92418571928,1
11761,975,764.3556288474517,18646.06977628538,1
11762,975,764.3640940596417,28361.244206126143,1
11763,975,765.36647345803,16114.587632656096,1
11764,975,787.1836848305804,217741.4142343944,1
11765,975,821.3842472659064,55858.30753156019,1
11766,975,822.386406901565,25132.965020869706,1
11767,975,867.92278164851,157783.41806401295,1
11768,975,936.409021448206,44635.04010181876,1
11769,975,937.4107791753286,23839.56391384469,1
11770,975,980.5468176945056,16820.43653876106,1
11771,975,1003.933395099652,207075.6173715625,1
11772,975,1005.4300674127072,17661.567968641008,1
11773,975,1015.6933735388308,150740.3033175893,1
11774,975,1023.4478087525268,79384.83752334701,1
11775,975,1024.4474071487489,40382.29921807521,1
11776,975,1110.472332056018,51868.96319452921,1
11777,975,1111.4725099855716,31850.17176396137,1
11778,981,105.37822237848958,79339.3506999889,1
11779,981,159.09157583848486,18519.76831698868,1
11780,981,171.1127538560312,9543.633855554122,1
11781,981,181.096535107321,45251.93530891356,1
11782,981,217.1336007347719,13177.2918176906,1
11783,981,233.0920497894287,10281.134814071656,1
11784,981,244.0926571606315,14975.39772939427,1
11785,981,245.12842436094544,25347.10097596452,1
11786,981,246.12741934820767,15981.489141118342,1
11787,981,260.1966775098638,19813.83800740457,1
11788,981,272.17534622491576,9443.505676867915,1
11789,981,274.12209084948654,12127.20843899325,1
11790,981,284.1966065523917,12119.300621657345,1
11791,981,296.1062058552657,17463.39059989287,1
11792,981,307.07444044648025,15669.021524378864,1
11793,981,324.1017357734457,95604.47166517888,1
11794,981,325.10430669518155,14153.752626018151,1
11795,981,331.1435626248073,25379.196670784542,1
11796,981,346.17593673055205,20024.71331079537,1
11797,981,392.16386225194105,13736.352824058062,1
11798,981,431.2077524861492,40416.25367979224,1
11799,981,432.21085801235466,11090.101332193197,1
11800,981,437.18523792553975,16551.009399547373,1
11801,981,444.2274932861328,13872.867688615635,1
11802,981,446.2755649393969,35778.774951942665,1
11803,981,494.2066977862354,27272.04221624436,1
11804,981,502.2455005431443,13310.450559948267,1
11805,981,516.2936142997507,13757.44966076342,1
11806,981,544.2916063581195,22818.21506728019,1
11807,981,579.2931832160739,19402.53749377952,1
11808,981,593.3473571023824,11517.388214046572,1
11809,981,610.0100063583732,130006.80208472077,1
11810,981,615.3289304791075,18184.79802921084,1
11811,981,630.0544397931573,127916.31327756116,1
11812,981,690.3961368200914,146241.6499914925,1
11813,981,691.4041424324499,58506.59458662001,1
11814,981,761.4335270150626,81517.12748946846,1
11815,981,762.435271023372,35259.598758122105,1
11816,981,847.064971704715,25323.977822243643,1
11817,981,874.5149903116347,50797.767425971695,1
11818,981,1044.6265647194602,85708.67942702168,1
11819,981,1045.6283853704278,48674.844426176765,1
11820,981,1123.2286897827844,131205.81554919807,1
11821,981,1137.6363473057145,68939.76591508304,1
11822,981,1157.7103057546717,39017.57291040716,1
11823,993,102.0551738609262,33580.72899622496,1
11824,993,104.0528679160805,49831.26010644019,1
11825,993,110.0707772064209,59390.1151411438,1
11826,993,112.08726429294896,16854.78978610683,1
11827,993,115.08669443691478,14719.587444698109,1
11828,993,116.0707150758618,17691.178537633295,1
11829,993,119.04918955485026,26410.884822998047,1
11830,993,120.08259177207948,158262.05923036166,1
11831,993,129.10524035687973,62609.98648949959,1
11832,993,130.06622284337095,11057.959163559111,1
11833,993,130.08933707459332,20632.63396138361,1
11834,993,136.0723077392578,395245.13270566304,1
11835,993,137.07766971425113,36709.654434872486,1
11836,993,141.06651998749862,10832.640627282732,1
11837,993,141.10333662135628,11331.727088048894,1
11838,993,143.11691880337028,29880.85759190848,1
11839,993,147.04483730821724,6631.494982845812,1
11840,993,147.11225280761718,38666.70587894512,1
11841,993,155.08293289788026,14145.199921710344,1
11842,993,157.09570052996784,9052.130759025107,1
11843,993,157.1087789916992,6267.286095445951,1
11844,993,157.1329647977996,32183.42702865601,1
11845,993,158.0921464132066,19956.94111305222,1
11846,993,159.07609880719866,11577.115770307268,1
11847,993,159.09155027808214,19821.42870042382,1
11848,993,169.09635817074607,11134.091897680404,1
11849,993,169.13300895690918,13411.613537685438,1
11850,993,171.1122619628906,50850.791772551005,1
11851,993,173.12855406620042,53143.2170954221,1
11852,993,175.08904050123246,12748.777852593896,1
11853,993,175.11695630164823,124969.56980524598,1
11854,993,176.12310485839845,9200.811523246764,1
11855,993,183.11239665487537,12669.520434498789,1
11856,993,183.14936276139883,12149.40916931218,1
11857,993,185.09216482428056,30174.00988938537,1
11858,993,185.1284705971772,40443.3646088987,1
11859,993,185.1654400295681,15853.666858711627,1
11860,993,187.10791158040365,12624.454206263224,1
11861,993,187.14461591969365,35613.00190123527,1
11862,993,197.12854311947527,14959.037645532491,1
11863,993,199.10832924313016,20885.22463130951,1
11864,993,199.1820728982142,55863.112337038496,1
11865,993,201.12417262053685,30407.697917319525,1
11866,993,203.08531801324145,11308.170710403669,1
11867,993,204.13631164550785,23261.27341787338,1
11868,993,207.1120674415871,15966.449977253102,1
11869,993,211.14492969943169,10193.764048411434,1
11870,993,215.1376448411208,21006.502503344647,1
11871,993,226.1176423030113,14654.042430251391,1
11872,993,227.17477951961683,27788.02328770854,1
11873,993,229.11665874057343,10718.127255035772,1
11874,993,233.0949095731937,26839.764250097807,1
11875,993,233.1655166163589,27419.947821738504,1
11876,993,235.1099716554205,17233.44820293748,1
11877,993,244.1300176805065,8784.215171075637,1
11878,993,244.16623162163629,13361.692717269614,1
11879,993,249.12686880011307,27071.48185229872,1
11880,993,249.1571818799528,372469.21329264826,1
11881,993,250.1638199151731,50053.99573953666,1
11882,993,251.1498666005592,9546.831579352078,1
11883,993,258.14554278519904,13411.107879165314,1
11884,993,260.1957074464673,8589.208244838854,1
11885,993,261.0902807491342,29773.55174210145,1
11886,993,261.1563794753131,21680.014102122364,1
11887,993,269.124770850466,22708.63193579305,1
11888,993,277.15379931475667,117699.50574511453,1
11889,993,278.1564495849609,25253.39745101929,1
11890,993,287.13456380208333,33369.56679185655,1
11891,993,288.20407653369494,21334.448000983368,1
11892,993,304.1626548925376,18100.612615624897,1
11893,993,418.1747122192383,34961.46182905197,1
11894,993,435.2024560743762,78216.76356768864,1
11895,993,489.2120605107595,16688.317637945773,1
11896,993,506.2370318575389,245576.47427427056,1
11897,993,507.24329977596506,50080.70126553704,1
11898,993,602.2954597217124,25842.6913189472,1
11899,993,619.3242433782209,631511.3009402626,1
11900,993,620.3266365938408,152571.33506271007,1
11901,993,732.4073140846109,116473.64218528316,1
11902,993,733.4099089387175,42355.8547938768,1
11903,993,771.4733798938018,272353.4842518143,1
11904,998,102.05530548095705,47120.40896040393,1
11905,998,110.0709240253155,135436.0108152903,1
11906,998,119.04926364783084,35924.53335337783,1
11907,998,120.08164413973816,47480.92072400476,1
11908,998,120.37667069611226,382266.0242694364,1
11909,998,129.1039257946433,134968.53917458962,1
11910,998,130.08738066020766,70788.28003299393,1
11911,998,130.1058752730086,14668.088176005596,1
11912,998,136.0732641096879,382550.5934778406,1
11913,998,137.0785108652625,33264.41537590969,1
11914,998,138.06641611112218,15842.982434519294,1
11915,998,143.1170556723666,18892.58456891248,1
11916,998,147.11179848604425,97720.27163607576,1
11917,998,155.08552244597792,10593.380296356538,1
11918,998,157.09639487656173,20763.746909297395,1
11919,998,157.13288522273936,9476.98994366328,1
11920,998,158.091929336267,19661.37306008017,1
11921,998,167.0850410979258,11343.19941104699,1
11922,998,173.12856990929805,29427.029480999165,1
11923,998,175.08713935032364,24490.461238687687,1
11924,998,175.11734419819174,46831.70775025709,1
11925,998,178.08660712042806,120661.46504752352,1
11926,998,183.1492847429953,103884.90665814091,1
11927,998,185.09181076361207,17541.945266630213,1
11928,998,185.1285130092076,44360.153970650266,1
11929,998,186.1242161837491,17693.153206933628,1
11930,998,188.0708393096924,14213.371479153631,1
11931,998,201.1238782858547,25589.17590579202,1
11932,998,205.0967267420904,17977.809630858337,1
11933,998,211.14470498146864,38146.789055310015,1
11934,998,223.1081482410431,324498.4749004364,1
11935,998,224.1111438412464,35721.14872694568,1
11936,998,246.18228536157565,17339.699145334656,1
11937,998,249.1473303900825,18098.34628144017,1
11938,998,251.1032493837418,107151.5996862596,1
11939,998,251.1498904758029,28280.17244928462,1
11940,998,252.1087849934896,66980.04876013516,1
11941,998,267.1640786670503,17149.148950820876,1
11942,998,279.1458921690245,11917.928629121265,1
11943,998,305.68734625111455,22283.55627312868,1
11944,998,333.16783440446056,23776.362919716863,1
11945,998,343.1967625209263,18180.52526504517,1
11946,998,345.20846317950344,27542.152902772912,1
11947,998,348.20318946542665,43442.132279152094,1
11948,998,351.1769165284184,41188.239719835154,1
11949,998,354.2134506870324,439796.77338719706,1
11950,998,354.71489804432576,149358.89373244627,1
11951,998,360.2246079412883,70335.26346209225,1
11952,998,365.1929643768625,23730.91767525427,1
11953,998,369.1883518473308,14157.576179480156,1
11954,998,393.1883238424986,30990.639736803063,1
11955,998,397.7295911143704,105720.69954638854,1
11956,998,398.23088003305287,47531.53037668864,1
11957,998,402.7224791283701,26280.00874146605,1
11958,998,434.2507752284108,15135.302232294274,1
11959,998,435.2348134566327,12079.352371423423,1
11960,998,462.245951405772,78202.77267434214,1
11961,998,463.2482208038544,25467.632780488555,1
11962,998,464.2627868652344,24706.301511076843,1
11963,998,479.2695949978298,100289.6948138343,1
11964,998,480.2555017167596,23125.657433145367,1
11965,998,492.2558736918885,20824.76667954009,1
11966,998,497.2837376878751,215389.58897945585,1
11967,998,498.2864977675701,48734.61668083599,1
11968,998,561.3138620697756,83504.4256545129,1
11969,998,562.3146630712303,31610.867376155165,1
11970,998,579.3266359879666,16201.262526723362,1
11971,998,610.3673751485386,110473.9072239453,1
11972,998,611.3702527586765,35885.578975607175,1
11973,998,620.3515071425327,29803.53736857481,1
11974,998,648.3474979502632,22393.235391423023,1
11975,998,689.4095493082227,18235.978214285227,1
11976,998,707.4177516998454,235527.08021784085,1
11977,998,707.4228954576466,342485.04182611755,1
11978,998,708.4237446581196,111134.3963730967,1
11979,998,794.4514027842275,55561.033274904,1
